[
{
    "model": "auth.group",
    "pk": 1,
    "fields": {
        "name": "company.raterorganization.rater-la-raters",
        "permissions": [
            844,
            140,
            924,
            916,
            1013,
            1014,
            1015,
            1016,
            1004,
            996,
            1008,
            1036,
            1052,
            1084,
            1060,
            1140,
            1092,
            1068,
            1108,
            1100,
            580,
            1172,
            1412,
            1428,
            1400,
            1468,
            1476,
            1492,
            1488,
            1484,
            1500,
            1512,
            1545,
            1548,
            1544,
            1564,
            1552,
            2169,
            2173,
            1589,
            1577,
            1585,
            1573,
            1597,
            1630,
            1631,
            1632,
            1633,
            1641,
            1649,
            1653,
            2210,
            2211,
            2213,
            2194,
            2195,
            2197,
            2202,
            2203,
            2205,
            1730,
            1731,
            1733,
            1709,
            1722,
            1723,
            1725,
            1749,
            1757,
            1765,
            1793,
            1989,
            2085,
            2081,
            2093,
            2109,
            2113,
            2121,
            2125,
            2133,
            2149,
            2141,
            2157
        ]
    }
},
{
    "model": "auth.group",
    "pk": 2,
    "fields": {
        "name": "company.raterorganization.rater-la-raters_admins",
        "permissions": [
            841,
            842,
            843,
            844,
            137,
            138,
            139,
            140,
            924,
            913,
            914,
            915,
            916,
            949,
            950,
            951,
            937,
            938,
            939,
            973,
            974,
            975,
            1013,
            1014,
            1015,
            1016,
            1001,
            1002,
            1003,
            1004,
            993,
            994,
            995,
            996,
            1005,
            1006,
            1007,
            1008,
            1033,
            1034,
            1035,
            1036,
            1049,
            1050,
            1051,
            1052,
            1081,
            1082,
            1083,
            1084,
            1057,
            1058,
            1059,
            1060,
            1137,
            1138,
            1139,
            1140,
            1089,
            1090,
            1091,
            1092,
            1065,
            1066,
            1067,
            1068,
            1105,
            1106,
            1107,
            1108,
            1074,
            1097,
            1098,
            1099,
            1100,
            577,
            578,
            580,
            1172,
            1409,
            1410,
            1411,
            1412,
            1425,
            1426,
            1427,
            1428,
            1397,
            1398,
            1399,
            1400,
            1465,
            1466,
            1467,
            1468,
            1473,
            1474,
            1475,
            1476,
            1490,
            1491,
            1492,
            1486,
            1487,
            1488,
            1482,
            1483,
            1484,
            1497,
            1498,
            1499,
            1500,
            1509,
            1510,
            1511,
            1512,
            1545,
            1548,
            1541,
            1542,
            1543,
            1544,
            1561,
            1562,
            1563,
            1564,
            1549,
            1550,
            1551,
            1552,
            2166,
            2167,
            2168,
            2169,
            2170,
            2171,
            2172,
            2173,
            1586,
            1587,
            1588,
            1589,
            1574,
            1575,
            1576,
            1577,
            1582,
            1583,
            1584,
            1585,
            1570,
            1571,
            1572,
            1573,
            1594,
            1595,
            1596,
            1597,
            1630,
            1631,
            1632,
            1633,
            1638,
            1639,
            1640,
            1641,
            1646,
            1647,
            1648,
            1649,
            1650,
            1651,
            1652,
            1653,
            2210,
            2211,
            2213,
            2194,
            2195,
            2196,
            2197,
            2202,
            2203,
            2205,
            1730,
            1731,
            1732,
            1733,
            1709,
            1722,
            1723,
            1724,
            1725,
            1746,
            1747,
            1748,
            1749,
            1754,
            1755,
            1756,
            1757,
            1762,
            1763,
            1764,
            1765,
            1791,
            1792,
            1793,
            1987,
            1988,
            1989,
            2082,
            2083,
            2084,
            2085,
            2078,
            2079,
            2080,
            2081,
            2090,
            2091,
            2092,
            2093,
            2106,
            2107,
            2108,
            2109,
            2110,
            2111,
            2112,
            2113,
            2118,
            2119,
            2120,
            2121,
            2122,
            2123,
            2124,
            2125,
            2130,
            2131,
            2132,
            2133,
            2146,
            2147,
            2148,
            2149,
            2138,
            2139,
            2140,
            2141,
            2154,
            2155,
            2156,
            2157
        ]
    }
},
{
    "model": "core.user",
    "pk": 1,
    "fields": {
        "password": "pbkdf2_sha256$260000$b7aKYDpZ7j3zs1gnJQpSWz$yfakTEkKM9My/7q5ZqUllHSHV73DMye68/sVfDEkyVA=",
        "last_login": null,
        "is_superuser": false,
        "username": "rater",
        "first_name": "H.I",
        "last_name": "Scorer",
        "email": "oeya-2150@home.com",
        "is_staff": false,
        "is_active": true,
        "date_joined": "2022-01-20T15:44:30Z",
        "company": 1,
        "title": "Title oÈYÀ",
        "department": "Dept oÈYÀ",
        "work_phone": null,
        "cell_phone": null,
        "alt_phone": null,
        "fax_number": null,
        "mailing_geocode": null,
        "shipping_geocode": null,
        "rater_id": 3332222,
        "signature_image": "",
        "resnet_username": null,
        "resnet_password": null,
        "is_company_admin": true,
        "is_approved": true,
        "is_public": false,
        "show_beta": false,
        "site": null,
        "last_update": "2022-01-20T15:44:30Z",
        "timezone_preference": "America/Chicago",
        "groups": [
            1,
            2
        ],
        "user_permissions": [],
        "rater_roles": []
    }
},
{
    "model": "core.contactcard",
    "pk": 1,
    "fields": {
        "first_name": "",
        "last_name": "",
        "title": "",
        "description": "",
        "user": null,
        "company": 1,
        "protected": false,
        "created_at": "2022-01-20T15:44:29.576Z"
    }
},
{
    "model": "core.contactcard",
    "pk": 2,
    "fields": {
        "first_name": "H.I",
        "last_name": "Scorer",
        "title": "",
        "description": "",
        "user": 1,
        "company": null,
        "protected": true,
        "created_at": "2022-01-20T15:44:29.840Z"
    }
},
{
    "model": "core.contactcardphone",
    "pk": 1,
    "fields": {
        "contact": 1,
        "phone": "(480) 356-6197",
        "description": "Office Phone",
        "created_at": "2022-01-20T15:44:29.588Z"
    }
},
{
    "model": "core.contactcardemail",
    "pk": 1,
    "fields": {
        "contact": 1,
        "email": "company.oÈYÀ@home.com",
        "description": "Main Email",
        "created_at": "2022-01-20T15:44:29.599Z"
    }
},
{
    "model": "core.contactcardemail",
    "pk": 2,
    "fields": {
        "contact": 2,
        "email": "oeya-2150@home.com",
        "description": "Main Email",
        "created_at": "2022-01-20T15:44:29.861Z"
    }
},
{
    "model": "company.company",
    "pk": 1,
    "fields": {
        "place": 1,
        "geocode_response": null,
        "latitude": null,
        "longitude": null,
        "state": "TN",
        "metro": null,
        "climate_zone": 1,
        "confirmed_address": false,
        "address_override": false,
        "street_line1": "123 W Main",
        "street_line2": "",
        "zipcode": "53094",
        "city": 1,
        "name": "L.A. Raters",
        "group": 1,
        "office_phone": "(480) 356-6197",
        "home_page": "https://company.oÈYÀ.com",
        "description": "Description oÈYÀ",
        "default_email": "company.oÈYÀ@home.com",
        "shipping_geocode": null,
        "company_type": "rater",
        "slug": "rater-la-raters",
        "is_active": true,
        "is_public": false,
        "is_customer": true,
        "is_eep_sponsor": false,
        "auto_add_direct_relationships": false,
        "inspection_grade_type": 1,
        "worker_compensation_insurance": false,
        "display_raw_addresses": false,
        "logo": "",
        "counties": [
            1
        ]
    }
},
{
    "model": "company.raterorganization",
    "pk": 1,
    "fields": {
        "certification_number": null,
        "is_sample_eligible": true
    }
},
{
    "model": "geographic.place",
    "pk": 1,
    "fields": {
        "geocode_response": null,
        "lot_number": null,
        "street_line1": "123 W Main",
        "street_line2": "",
        "zipcode": "53094",
        "city": 1,
        "county": 1,
        "cross_roads": "",
        "state": "TN",
        "metro": null,
        "climate_zone": 1,
        "latitude": null,
        "longitude": null,
        "is_multi_family": false,
        "confirmed_address": false,
        "address_override": false,
        "created_date": "2022-01-20T15:44:30Z",
        "modified_date": "2022-01-20T15:44:30Z"
    }
},
{
    "model": "geographic.climatezone",
    "pk": 1,
    "fields": {
        "zone": 4,
        "moisture_regime": "A",
        "doe_zone": "4_moist",
        "is_active": true
    }
},
{
    "model": "geographic.country",
    "pk": 1,
    "fields": {
        "abbr": "US",
        "name": "United States"
    }
},
{
    "model": "geographic.county",
    "pk": 1,
    "fields": {
        "name": "Benton",
        "state": "TN",
        "county_fips": "47005",
        "county_type": "1",
        "legal_statistical_area_description": "Benton County",
        "ansi_code": "01639724",
        "land_area_meters": 1021248372,
        "water_area_meters": 108583505,
        "latitude": 36.070948,
        "longitude": -88.071232,
        "metro": null,
        "climate_zone": 1
    }
},
{
    "model": "geographic.city",
    "pk": 1,
    "fields": {
        "name": "Camden",
        "county": 1,
        "country": 1,
        "place_fips": "4710560",
        "legal_statistical_area_description": "Camden city",
        "ansi_code": "02403977",
        "land_area_meters": 14702998,
        "water_area_meters": 0,
        "latitude": 36.066251,
        "longitude": -88.104609
    }
},
{
    "model": "remrate.remrateuser",
    "pk": 1,
    "fields": {
        "username": "axis_test",
        "password": null,
        "company": 1,
        "is_active": true,
        "created_on": "2022-01-20T15:44:32Z",
        "last_used": "2022-01-20T15:59:22Z"
    }
},
{
    "model": "remrate_data.abovegradewall",
    "pk": 1,
    "fields": {
        "simulation": 1,
        "building": 1,
        "type": 1,
        "_result_number": 189520,
        "_building_number": 184541,
        "name": "Exterior Wall",
        "gross_area": 1026.300049,
        "location": 201,
        "color": 1,
        "u_value": 0.104441,
        "_wall_type_number": 458736,
        "rating_number": "XYZ-REM15p8"
    }
},
{
    "model": "remrate_data.abovegradewall",
    "pk": 2,
    "fields": {
        "simulation": 1,
        "building": 1,
        "type": 2,
        "_result_number": 189520,
        "_building_number": 184541,
        "name": "Common Wall",
        "gross_area": 513.200012,
        "location": 213,
        "color": 1,
        "u_value": 0.091823,
        "_wall_type_number": 458737,
        "rating_number": "XYZ-REM15p8"
    }
},
{
    "model": "remrate_data.abovegradewall",
    "pk": 3,
    "fields": {
        "simulation": 1,
        "building": 1,
        "type": 3,
        "_result_number": 189520,
        "_building_number": 184541,
        "name": "pathlayer",
        "gross_area": 100.0,
        "location": 201,
        "color": 2,
        "u_value": 0.017709,
        "_wall_type_number": 458738,
        "rating_number": "XYZ-REM15p8"
    }
},
{
    "model": "remrate_data.additionalmass",
    "pk": 1,
    "fields": {
        "simulation": 1,
        "building": 1,
        "_result_number": 189520,
        "_building_number": 184541,
        "name": "intmass",
        "area": 66.0,
        "location": 1,
        "type": 1,
        "thickness": 7.0,
        "rating_number": "XYZ-REM15p8"
    }
},
{
    "model": "remrate_data.airconditioner",
    "pk": 1,
    "fields": {
        "simulation": 1,
        "_result_number": 189520,
        "_source_air_conditioner_number": 76990.0,
        "name": "10SEER A/C 3 ton",
        "type": 1,
        "fuel_type": 4,
        "output_capacity": 36.0,
        "efficiency": 10.0,
        "sensible_heat_fraction": 0.7,
        "efficiency_unit": 1,
        "is_desuperheater": false,
        "fan_control_type": 1,
        "fan_defaults": false,
        "fan_high_speed": 0.0,
        "fan_low_speed": 0.0,
        "note": "",
        "fan_power": 0.0,
        "pump_energy": 0.0,
        "pump_energy_units": 1,
        "fan_electric_default": false
    }
},
{
    "model": "remrate_data.airsourceheatpump",
    "pk": 1,
    "fields": {
        "simulation": 1,
        "_result_number": 189520,
        "_source_air_source_heat_pump_number": 45214,
        "name": "18k 10seer 6.8hspf",
        "fuel_type": 4,
        "heating_capacity": 18.0,
        "heating_efficiency": 6.8,
        "heating_efficiency_units": 3,
        "cooling_capacity": 18.0,
        "cooling_efficiency": 10.0,
        "cooling_efficiency_units": 1,
        "sensible_heat_fraction": 0.7,
        "is_desuperheater": false,
        "note": "",
        "backup_capacity": 5.0,
        "fan_control_type": 1,
        "fan_defaults": true,
        "fan_high_speed": 0.0,
        "fan_low_speed": 0.0,
        "heating_capacity_17f": 11.0
    }
},
{
    "model": "remrate_data.block",
    "pk": 1,
    "fields": {
        "simulation": 1,
        "seasonal_rate": 1,
        "_result_number": 189520,
        "_seasonal_rate_number": 362285,
        "max_consumption": 600.0,
        "dollars_per_unit_per_month": 0.073
    }
},
{
    "model": "remrate_data.block",
    "pk": 2,
    "fields": {
        "simulation": 1,
        "seasonal_rate": 1,
        "_result_number": 189520,
        "_seasonal_rate_number": 362285,
        "max_consumption": 1400.0,
        "dollars_per_unit_per_month": 0.063
    }
},
{
    "model": "remrate_data.block",
    "pk": 3,
    "fields": {
        "simulation": 1,
        "seasonal_rate": 1,
        "_result_number": 189520,
        "_seasonal_rate_number": 362285,
        "max_consumption": 1000000.0,
        "dollars_per_unit_per_month": 0.055
    }
},
{
    "model": "remrate_data.block",
    "pk": 4,
    "fields": {
        "simulation": 1,
        "seasonal_rate": 2,
        "_result_number": 189520,
        "_seasonal_rate_number": 362286,
        "max_consumption": 500000.0,
        "dollars_per_unit_per_month": 0.07
    }
},
{
    "model": "remrate_data.block",
    "pk": 5,
    "fields": {
        "simulation": 1,
        "seasonal_rate": 2,
        "_result_number": 189520,
        "_seasonal_rate_number": 362286,
        "max_consumption": 1000000.0,
        "dollars_per_unit_per_month": 0.06
    }
},
{
    "model": "remrate_data.block",
    "pk": 6,
    "fields": {
        "simulation": 1,
        "seasonal_rate": 3,
        "_result_number": 189520,
        "_seasonal_rate_number": 362287,
        "max_consumption": 1000000.0,
        "dollars_per_unit_per_month": 13.33
    }
},
{
    "model": "remrate_data.block",
    "pk": 7,
    "fields": {
        "simulation": 1,
        "seasonal_rate": 4,
        "_result_number": 189520,
        "_seasonal_rate_number": 362288,
        "max_consumption": 1000000.0,
        "dollars_per_unit_per_month": 0.9
    }
},
{
    "model": "remrate_data.block",
    "pk": 8,
    "fields": {
        "simulation": 1,
        "seasonal_rate": 5,
        "_result_number": 189520,
        "_seasonal_rate_number": 362289,
        "max_consumption": 1000000.0,
        "dollars_per_unit_per_month": 0.9
    }
},
{
    "model": "remrate_data.block",
    "pk": 9,
    "fields": {
        "simulation": 1,
        "seasonal_rate": 6,
        "_result_number": 189520,
        "_seasonal_rate_number": 362290,
        "max_consumption": 1000000.0,
        "dollars_per_unit_per_month": 0.9
    }
},
{
    "model": "remrate_data.block",
    "pk": 10,
    "fields": {
        "simulation": 1,
        "seasonal_rate": 7,
        "_result_number": 189520,
        "_seasonal_rate_number": 362291,
        "max_consumption": 1000000.0,
        "dollars_per_unit_per_month": 0.7
    }
},
{
    "model": "remrate_data.block",
    "pk": 11,
    "fields": {
        "simulation": 1,
        "seasonal_rate": 8,
        "_result_number": 189520,
        "_seasonal_rate_number": 362292,
        "max_consumption": 1000000.0,
        "dollars_per_unit_per_month": 0.5
    }
},
{
    "model": "remrate_data.building",
    "pk": 1,
    "fields": {
        "simulation": 1,
        "building_info": 1,
        "company": 1,
        "remrate_user": 1,
        "user_host": "axis_test@172.23.0.1",
        "created_on": "2022-01-20T15:59:22Z",
        "last_update": "2022-01-20T15:59:24Z",
        "sync_status": 1,
        "_result_number": 189520,
        "_source_building_number": 184541,
        "filename": "ALL_FIELDS_SET_15.8.blg",
        "rating_number": "XYZ-REM15p8",
        "building_input_type": 2,
        "ceiling_attic_ro": 8.54024,
        "ceiling_attic_area": 2135.0,
        "ceiling_cathedral_ro": 28.870138,
        "ceiling_cathedral_area": 222.0,
        "above_ground_wall_conditioned_to_outdoor_ro": 10.344359,
        "above_ground_wall_conditioned_to_outdoor_area": 1116.300049,
        "above_ground_wall_buffer_to_outdoor_ro": 0.0,
        "above_ground_wall_buffer_to_outdoor_area": 0.0,
        "joist_conditioned_to_outdoor_ro": 11.608522,
        "joist_conditioned_to_outdoor_area": 128.300003,
        "joist_buffer_to_outdoor_ro": 0.0,
        "joist_buffer_to_outdoor_area": 0.0,
        "foundation_walls_conditioned_to_outdoor_ro": 20.722126,
        "foundation_walls_conditioned_to_outdoor_area": 1136.01001,
        "foundation_walls_buffer_to_outdoor_ro": 0.0,
        "foundation_walls_buffer_to_outdoor_area": 0.0,
        "frame_floor_conditioned_to_outdoor_ro": 9.536824,
        "frame_floor_conditioned_to_outdoor_area": 966.0,
        "window_conditioned_to_outdoor_ro": 2.040816,
        "window_conditioned_to_outdoor_area": 21.0,
        "skylight_conditioned_to_outdoor_ro": 2.176664,
        "skylight_conditioned_to_outdoor_area": 86.0,
        "door_conditioned_to_outdoor_ro": 0.0,
        "door_conditioned_to_outdoor_area": 0.0,
        "added_mass_drywall_thickness": 0.5,
        "window_wall_ratio": 0.027524,
        "window_floor_ratio": 0.0155,
        "dominant_flat_ceiling": "R-50.0",
        "dominant_sealed_attic_ceiling": "NA",
        "dominant_cathedral_ceiling": "R-35.0",
        "dominant_above_grade_wall": "R-11.0",
        "dominant_foundation_wall": "R-34.3",
        "dominant_slab": "R-0.0 Edge, R-0.0 Under",
        "dominant_frame_floor": "R*-19.9(assembly)",
        "dominant_window": "U-Value: 0.490, SHGC: 0.580",
        "dominant_duct_leakage": "758.06 CFM25.",
        "dominant_heating": "Heating::  Fuel-fired air distribution, Natural gas, 80.0 AFUE.",
        "dominant_cooling": "Cooling::  Air conditioner, Electric, 10.0 SEER.",
        "dominant_hot_water": "Water Heating::  Conventional, Natural gas, 0.56 EF, 40.0 Gal.",
        "note": "building notes\nnotes line 2"
    }
},
{
    "model": "remrate_data.buildinginfo",
    "pk": 1,
    "fields": {
        "simulation": 1,
        "_result_number": 189520,
        "_building_number": 184541,
        "volume": 16000.0,
        "conditioned_area": 2000.0,
        "type": 1,
        "house_level_type": 0,
        "number_stories": 1,
        "foundation_type": 6,
        "number_bedrooms": 3,
        "num_units": 1,
        "rating_number": "XYZ-REM15p8",
        "crawl_space_type": 1,
        "year_built": 2008,
        "thermal_boundary": 3,
        "number_stories_including_conditioned_basement": 1,
        "foundation_within_infiltration_volume": true
    }
},
{
    "model": "remrate_data.ceilingtype",
    "pk": 1,
    "fields": {
        "simulation": 1,
        "composite_type": 1,
        "_result_number": 189520,
        "_source_ceiling_number": 225879,
        "gypsum_thickness": 0.5,
        "rafter_width": 1.5,
        "rafter_height": 3.5,
        "rafter_spacing": 24.0,
        "continuous_insulation": 0.0,
        "cavity_insulation": 0.0,
        "cavity_insulation_thickness": 0.0,
        "style": 2,
        "_composite_type_number": 997327,
        "quick_fill": false,
        "insulation_type": 2,
        "unrestricted_depth": 0.0,
        "unrestricted_rvalue": 0.0,
        "ceiling_width": 0.0,
        "ceiling_rise": 0.0,
        "truss_height": 0.0,
        "heel_height": 0.0,
        "ventilation_space": 1.0,
        "quick_fill_type": 1,
        "framing_factor": 0.11,
        "default_framing_factors": true,
        "note": "asf",
        "insulation_grade": 3
    }
},
{
    "model": "remrate_data.ceilingtype",
    "pk": 2,
    "fields": {
        "simulation": 1,
        "composite_type": 2,
        "_result_number": 189520,
        "_source_ceiling_number": 225880,
        "gypsum_thickness": 0.5,
        "rafter_width": 1.5,
        "rafter_height": 3.5,
        "rafter_spacing": 24.0,
        "continuous_insulation": 37.0,
        "cavity_insulation": 13.0,
        "cavity_insulation_thickness": 3.5,
        "style": 2,
        "_composite_type_number": 997328,
        "quick_fill": true,
        "insulation_type": 2,
        "unrestricted_depth": 0.0,
        "unrestricted_rvalue": 0.0,
        "ceiling_width": 0.0,
        "ceiling_rise": 0.0,
        "truss_height": 0.0,
        "heel_height": 0.0,
        "ventilation_space": 1.0,
        "quick_fill_type": 0,
        "framing_factor": 0.11,
        "default_framing_factors": true,
        "note": "",
        "insulation_grade": 3
    }
},
{
    "model": "remrate_data.ceilingtype",
    "pk": 3,
    "fields": {
        "simulation": 1,
        "composite_type": 3,
        "_result_number": 189520,
        "_source_ceiling_number": 225881,
        "gypsum_thickness": 0.5,
        "rafter_width": 1.5,
        "rafter_height": 9.5,
        "rafter_spacing": 24.0,
        "continuous_insulation": 5.0,
        "cavity_insulation": 30.0,
        "cavity_insulation_thickness": 9.5,
        "style": 1,
        "_composite_type_number": 997329,
        "quick_fill": true,
        "insulation_type": 2,
        "unrestricted_depth": 0.0,
        "unrestricted_rvalue": 0.0,
        "ceiling_width": 0.0,
        "ceiling_rise": 0.0,
        "truss_height": 0.0,
        "heel_height": 0.0,
        "ventilation_space": 1.0,
        "quick_fill_type": 0,
        "framing_factor": 0.11,
        "default_framing_factors": true,
        "note": "",
        "insulation_grade": 3
    }
},
{
    "model": "remrate_data.ceilingtype",
    "pk": 4,
    "fields": {
        "simulation": 1,
        "composite_type": 4,
        "_result_number": 189520,
        "_source_ceiling_number": 225882,
        "gypsum_thickness": 0.625,
        "rafter_width": 1.5,
        "rafter_height": 3.5,
        "rafter_spacing": 24.0,
        "continuous_insulation": 0.0,
        "cavity_insulation": 0.0,
        "cavity_insulation_thickness": 0.0,
        "style": 2,
        "_composite_type_number": 997330,
        "quick_fill": true,
        "insulation_type": 1,
        "unrestricted_depth": 4.0,
        "unrestricted_rvalue": 12.0,
        "ceiling_width": 16.5,
        "ceiling_rise": 4.0,
        "truss_height": 24.0,
        "heel_height": 4.0,
        "ventilation_space": 1.0,
        "quick_fill_type": 2,
        "framing_factor": 0.11,
        "default_framing_factors": true,
        "note": "",
        "insulation_grade": 3
    }
},
{
    "model": "remrate_data.compositetype",
    "pk": 1,
    "fields": {
        "simulation": 1,
        "_result_number": 189520,
        "_source_composite_type_number": 997327,
        "name": "ek R-38 Blown, Attic",
        "quick_fill": false,
        "layer_1": "Gyp board",
        "layer_2": "Cavity Ins/Frm",
        "layer_3": "Continuous ins",
        "layer_4": "",
        "layer_5": "",
        "layer_6": "",
        "u_value": 0.055933
    }
},
{
    "model": "remrate_data.compositetype",
    "pk": 2,
    "fields": {
        "simulation": 1,
        "_result_number": 189520,
        "_source_composite_type_number": 997328,
        "name": "R-50 Blown, Attic",
        "quick_fill": true,
        "layer_1": "Gyp board",
        "layer_2": "Cavity Ins/Frm",
        "layer_3": "Continuous ins",
        "layer_4": "",
        "layer_5": "",
        "layer_6": "",
        "u_value": 0.020105
    }
},
{
    "model": "remrate_data.compositetype",
    "pk": 3,
    "fields": {
        "simulation": 1,
        "_result_number": 189520,
        "_source_composite_type_number": 997329,
        "name": "R-35, Vaulted",
        "quick_fill": true,
        "layer_1": "Gyp board",
        "layer_2": "Cavity Ins/Frm",
        "layer_3": "Continuous ins",
        "layer_4": "Plywood",
        "layer_5": "Shingles",
        "layer_6": "",
        "u_value": 0.034638
    }
},
{
    "model": "remrate_data.compositetype",
    "pk": 4,
    "fields": {
        "simulation": 1,
        "_result_number": 189520,
        "_source_composite_type_number": 997330,
        "name": "Mobile Home Ceiling",
        "quick_fill": true,
        "layer_1": "Gyp board",
        "layer_2": "Cavity Ins/Frm",
        "layer_3": "Continuous ins",
        "layer_4": "",
        "layer_5": "",
        "layer_6": "",
        "u_value": 0.56101
    }
},
{
    "model": "remrate_data.compositetype",
    "pk": 5,
    "fields": {
        "simulation": 1,
        "_result_number": 189520,
        "_source_composite_type_number": 997331,
        "name": "R-110",
        "quick_fill": true,
        "layer_1": "Gyp board",
        "layer_2": "Air Gap/Frm",
        "layer_3": "Cavity ins/Frm",
        "layer_4": "Continuous ins",
        "layer_5": "Ext Finish",
        "layer_6": "",
        "u_value": 0.104441
    }
},
{
    "model": "remrate_data.compositetype",
    "pk": 6,
    "fields": {
        "simulation": 1,
        "_result_number": 189520,
        "_source_composite_type_number": 997332,
        "name": "R-150",
        "quick_fill": true,
        "layer_1": "Gyp board",
        "layer_2": "Air Gap/Frm",
        "layer_3": "Cavity ins/Frm",
        "layer_4": "Continuous ins",
        "layer_5": "Ext Finish",
        "layer_6": "",
        "u_value": 0.091823
    }
},
{
    "model": "remrate_data.compositetype",
    "pk": 7,
    "fields": {
        "simulation": 1,
        "_result_number": 189520,
        "_source_composite_type_number": 997333,
        "name": "SIP 12-3/8\"",
        "quick_fill": false,
        "layer_1": "Gyp board",
        "layer_2": "Air Gap/Frm",
        "layer_3": "Continuous ins",
        "layer_4": "Ext Finish",
        "layer_5": "",
        "layer_6": "",
        "u_value": 0.017709
    }
},
{
    "model": "remrate_data.compositetype",
    "pk": 8,
    "fields": {
        "simulation": 1,
        "_result_number": 189520,
        "_source_composite_type_number": 997334,
        "name": "R-300",
        "quick_fill": true,
        "layer_1": "Floor covering",
        "layer_2": "Subfloor",
        "layer_3": "Cavity ins",
        "layer_4": "Continuous ins",
        "layer_5": "Framing",
        "layer_6": "",
        "u_value": 0.047294
    }
},
{
    "model": "remrate_data.compositetype",
    "pk": 9,
    "fields": {
        "simulation": 1,
        "_result_number": 189520,
        "_source_composite_type_number": 997335,
        "name": "Mobile Home Floor",
        "quick_fill": true,
        "layer_1": "Floor covering",
        "layer_2": "Subfloor",
        "layer_3": "Cavity ins",
        "layer_4": "Continuous ins",
        "layer_5": "Framing",
        "layer_6": "",
        "u_value": 0.291971
    }
},
{
    "model": "remrate_data.compositetype",
    "pk": 10,
    "fields": {
        "simulation": 1,
        "_result_number": 189520,
        "_source_composite_type_number": 997336,
        "name": "R-25 pl",
        "quick_fill": false,
        "layer_1": "Floor covering",
        "layer_2": "Subfloor",
        "layer_3": "Cavity ins",
        "layer_4": "Continuous ins",
        "layer_5": "Framing",
        "layer_6": "",
        "u_value": 0.050193
    }
},
{
    "model": "remrate_data.datatracker",
    "pk": 1,
    "fields": {
        "_result_number": 189520,
        "_building_number": 184541,
        "simulation": 1,
        "building": 1,
        "version": "15.8",
        "db_major_version": 31,
        "db_minor_version": 19,
        "company": 1,
        "remrate_user": 1,
        "user_host": "axis_test@172.23.0.1",
        "created_on": "2022-01-20T15:59:22Z",
        "last_update": "2022-01-20T15:59:24Z",
        "status": 1
    }
},
{
    "model": "remrate_data.doechallenge",
    "pk": 1,
    "fields": {
        "simulation": 1,
        "building": 1,
        "_result_number": 189520,
        "_building_number": 184541,
        "home_builder_id": "ID156",
        "verified_fenestration_requirements": true,
        "verified_insulation_requirements": true,
        "verified_duct_location_requirements": true,
        "verified_appliance_requirements": true,
        "verified_lighting_requirements": true,
        "verified_fan_efficiency_requirements": true,
        "verified_indoor_air_quality_requirements": true,
        "verified_renewable_solar_electric_requirements": true,
        "verified_renewable_solar_hot_water_requirements": false,
        "verified_water_efficiency": true,
        "optional_indoor_air_plus": 2,
        "optional_water_sense": 1,
        "optional_ibhs_fortified": 3,
        "optional_quality_management_guidelines": 2,
        "optional_utility_bill_waiver": 1,
        "rating_number": "XYZ-REM15p8",
        "passive_home_certified": null
    }
},
{
    "model": "remrate_data.door",
    "pk": 1,
    "fields": {
        "simulation": 1,
        "building": 1,
        "type": 1,
        "_result_number": 189520,
        "_building_number": 184541,
        "name": "Ext Doors",
        "area": 40.0,
        "wall_number": 2,
        "_door_type_number": 363051,
        "u_value": 0.329497,
        "rating_number": "XYZ-REM15p8"
    }
},
{
    "model": "remrate_data.door",
    "pk": 2,
    "fields": {
        "simulation": 1,
        "building": 1,
        "type": 2,
        "_result_number": 189520,
        "_building_number": 184541,
        "name": "door2",
        "area": 0.0,
        "wall_number": 6,
        "_door_type_number": 363052,
        "u_value": 0.0,
        "rating_number": "XYZ-REM15p8"
    }
},
{
    "model": "remrate_data.doortype",
    "pk": 1,
    "fields": {
        "simulation": 1,
        "_result_number": 189520,
        "_source_door_type_number": 363051,
        "name": "1-3/4 Wd solid core",
        "door_type": 2,
        "r_value": 2.1,
        "note": ""
    }
},
{
    "model": "remrate_data.doortype",
    "pk": 2,
    "fields": {
        "simulation": 1,
        "_result_number": 189520,
        "_source_door_type_number": 363052,
        "name": "Steel-ureth fm strm",
        "door_type": 1,
        "r_value": 1.7,
        "note": ""
    }
},
{
    "model": "remrate_data.dualfuelheatpump",
    "pk": 1,
    "fields": {
        "simulation": 1,
        "_result_number": 189520,
        "_source_dual_fuel_heat_pump_number": 5505,
        "name": "DFHP 1.5 Ton",
        "fuel_type": 4,
        "heating_hspf": 7.0,
        "heating_capacity": 13.4,
        "backup_fuel_type": 1,
        "backup_heating_efficiency_units": 1,
        "backup_heating_seasonal_efficiency": 78.0,
        "backup_heating_capacity": 30.0,
        "cooling_seer": 10.0,
        "cooling_capacity": 18.0,
        "cooling_sensible_heat_fraction": 0.7,
        "is_desuperheater": false,
        "switch_over_temperature": 33.0,
        "fan_control_type": 1,
        "fan_defaults": true,
        "fan_high_speed": 0.0,
        "fan_low_speed": 0.0,
        "note": ""
    }
},
{
    "model": "remrate_data.duct",
    "pk": 1,
    "fields": {
        "simulation": 1,
        "building": 1,
        "duct_system": 1,
        "_result_number": 189520,
        "_building_number": 184541,
        "_duct_system_number": 175082,
        "area": 100.0,
        "location": 5,
        "r_value": 0.0,
        "type": 1,
        "rating_number": "XYZ-REM15p8"
    }
},
{
    "model": "remrate_data.duct",
    "pk": 2,
    "fields": {
        "simulation": 1,
        "building": 1,
        "duct_system": 1,
        "_result_number": 189520,
        "_building_number": 184541,
        "_duct_system_number": 175082,
        "area": 100.0,
        "location": 5,
        "r_value": 0.0,
        "type": 2,
        "rating_number": "XYZ-REM15p8"
    }
},
{
    "model": "remrate_data.duct",
    "pk": 3,
    "fields": {
        "simulation": 1,
        "building": 1,
        "duct_system": 2,
        "_result_number": 189520,
        "_building_number": 184541,
        "_duct_system_number": 175083,
        "area": 80.0,
        "location": 7,
        "r_value": 3.0,
        "type": 1,
        "rating_number": "XYZ-REM15p8"
    }
},
{
    "model": "remrate_data.duct",
    "pk": 4,
    "fields": {
        "simulation": 1,
        "building": 1,
        "duct_system": 2,
        "_result_number": 189520,
        "_building_number": 184541,
        "_duct_system_number": 175083,
        "area": 75.0,
        "location": 7,
        "r_value": 4.0,
        "type": 2,
        "rating_number": "XYZ-REM15p8"
    }
},
{
    "model": "remrate_data.duct",
    "pk": 5,
    "fields": {
        "simulation": 1,
        "building": 1,
        "duct_system": 2,
        "_result_number": 189520,
        "_building_number": 184541,
        "_duct_system_number": 175083,
        "area": 20.0,
        "location": 6,
        "r_value": 3.1,
        "type": 1,
        "rating_number": "XYZ-REM15p8"
    }
},
{
    "model": "remrate_data.duct",
    "pk": 6,
    "fields": {
        "simulation": 1,
        "building": 1,
        "duct_system": 2,
        "_result_number": 189520,
        "_building_number": 184541,
        "_duct_system_number": 175083,
        "area": 25.0,
        "location": 6,
        "r_value": 4.1,
        "type": 2,
        "rating_number": "XYZ-REM15p8"
    }
},
{
    "model": "remrate_data.duct",
    "pk": 7,
    "fields": {
        "simulation": 1,
        "building": 1,
        "duct_system": 3,
        "_result_number": 189520,
        "_building_number": 184541,
        "_duct_system_number": 175084,
        "area": 80.0,
        "location": 7,
        "r_value": 3.0,
        "type": 1,
        "rating_number": "XYZ-REM15p8"
    }
},
{
    "model": "remrate_data.duct",
    "pk": 8,
    "fields": {
        "simulation": 1,
        "building": 1,
        "duct_system": 3,
        "_result_number": 189520,
        "_building_number": 184541,
        "_duct_system_number": 175084,
        "area": 75.0,
        "location": 7,
        "r_value": 4.0,
        "type": 2,
        "rating_number": "XYZ-REM15p8"
    }
},
{
    "model": "remrate_data.duct",
    "pk": 9,
    "fields": {
        "simulation": 1,
        "building": 1,
        "duct_system": 3,
        "_result_number": 189520,
        "_building_number": 184541,
        "_duct_system_number": 175084,
        "area": 20.0,
        "location": 6,
        "r_value": 3.1,
        "type": 1,
        "rating_number": "XYZ-REM15p8"
    }
},
{
    "model": "remrate_data.duct",
    "pk": 10,
    "fields": {
        "simulation": 1,
        "building": 1,
        "duct_system": 3,
        "_result_number": 189520,
        "_building_number": 184541,
        "_duct_system_number": 175084,
        "area": 25.0,
        "location": 6,
        "r_value": 4.1,
        "type": 2,
        "rating_number": "XYZ-REM15p8"
    }
},
{
    "model": "remrate_data.duct",
    "pk": 11,
    "fields": {
        "simulation": 1,
        "building": 1,
        "duct_system": 4,
        "_result_number": 189520,
        "_building_number": 184541,
        "_duct_system_number": 175085,
        "area": 80.0,
        "location": 7,
        "r_value": 3.0,
        "type": 1,
        "rating_number": "XYZ-REM15p8"
    }
},
{
    "model": "remrate_data.duct",
    "pk": 12,
    "fields": {
        "simulation": 1,
        "building": 1,
        "duct_system": 4,
        "_result_number": 189520,
        "_building_number": 184541,
        "_duct_system_number": 175085,
        "area": 75.0,
        "location": 7,
        "r_value": 4.0,
        "type": 2,
        "rating_number": "XYZ-REM15p8"
    }
},
{
    "model": "remrate_data.duct",
    "pk": 13,
    "fields": {
        "simulation": 1,
        "building": 1,
        "duct_system": 4,
        "_result_number": 189520,
        "_building_number": 184541,
        "_duct_system_number": 175085,
        "area": 20.0,
        "location": 6,
        "r_value": 3.1,
        "type": 1,
        "rating_number": "XYZ-REM15p8"
    }
},
{
    "model": "remrate_data.duct",
    "pk": 14,
    "fields": {
        "simulation": 1,
        "building": 1,
        "duct_system": 4,
        "_result_number": 189520,
        "_building_number": 184541,
        "_duct_system_number": 175085,
        "area": 25.0,
        "location": 6,
        "r_value": 4.1,
        "type": 2,
        "rating_number": "XYZ-REM15p8"
    }
},
{
    "model": "remrate_data.ductsystem",
    "pk": 1,
    "fields": {
        "simulation": 1,
        "building": 1,
        "_result_number": 189520,
        "_building_number": 184541,
        "_source_duct_system_number": 175082,
        "rating_number": "XYZ-REM15p8",
        "supply_area": 50.200001,
        "return_area": 9.3,
        "name": "measured",
        "heating_equipment_number": 6,
        "cooling_equipment_number": -1,
        "number_of_return_registers": 1,
        "conditioned_floor_area": 248.0,
        "duct_leakage_input_type": 1,
        "leakage_unit": 2,
        "no_building_cavities_used_as_ducts": true,
        "leakage_test_type": 1,
        "duct_leakage_leakage_to_outside_type": 2,
        "total_leakage": 0.89,
        "supply_leakage": 0.356,
        "return_leakage": 0.534,
        "leakage_tightness_test": 1,
        "total_real_leakage": 0.8899999856948853,
        "field_test_leakage_to_outside": 0.8199999928474426,
        "field_test_total_duct_leakage": 0.8500000238418579,
        "iecc_test_exemption": false,
        "resnet_test_exemption": false,
        "energy_star_test_exemption": true,
        "leakage_type": 2,
        "leakage_estimate": 2,
        "total_real_leakage_unit": 1,
        "leakage_test_exemption": false,
        "distribution_system_efficiency": null
    }
},
{
    "model": "remrate_data.ductsystem",
    "pk": 2,
    "fields": {
        "simulation": 1,
        "building": 1,
        "_result_number": 189520,
        "_building_number": 184541,
        "_source_duct_system_number": 175083,
        "rating_number": "XYZ-REM15p8",
        "supply_area": 101.300003,
        "return_area": 18.799999,
        "name": "total",
        "heating_equipment_number": 4,
        "cooling_equipment_number": 5,
        "number_of_return_registers": 1,
        "conditioned_floor_area": 500.0,
        "duct_leakage_input_type": 0,
        "leakage_unit": 12,
        "no_building_cavities_used_as_ducts": false,
        "leakage_test_type": 1,
        "duct_leakage_leakage_to_outside_type": 2,
        "total_leakage": 1.2,
        "supply_leakage": 0.48,
        "return_leakage": 0.72,
        "leakage_tightness_test": 2,
        "total_real_leakage": 0.8899999856948853,
        "field_test_leakage_to_outside": null,
        "field_test_total_duct_leakage": null,
        "iecc_test_exemption": true,
        "resnet_test_exemption": false,
        "energy_star_test_exemption": true,
        "leakage_type": 2,
        "leakage_estimate": 2,
        "total_real_leakage_unit": 1,
        "leakage_test_exemption": false,
        "distribution_system_efficiency": null
    }
},
{
    "model": "remrate_data.ductsystem",
    "pk": 3,
    "fields": {
        "simulation": 1,
        "building": 1,
        "_result_number": 189520,
        "_building_number": 184541,
        "_source_duct_system_number": 175084,
        "rating_number": "XYZ-REM15p8",
        "supply_area": 101.300003,
        "return_area": 18.799999,
        "name": "sup ret",
        "heating_equipment_number": 0,
        "cooling_equipment_number": -1,
        "number_of_return_registers": 1,
        "conditioned_floor_area": 500.0,
        "duct_leakage_input_type": 0,
        "leakage_unit": 2,
        "no_building_cavities_used_as_ducts": false,
        "leakage_test_type": 1,
        "duct_leakage_leakage_to_outside_type": 3,
        "total_leakage": 30.0,
        "supply_leakage": 12.0,
        "return_leakage": 18.0,
        "leakage_tightness_test": 1,
        "total_real_leakage": 15.0,
        "field_test_leakage_to_outside": null,
        "field_test_total_duct_leakage": null,
        "iecc_test_exemption": true,
        "resnet_test_exemption": false,
        "energy_star_test_exemption": true,
        "leakage_type": 3,
        "leakage_estimate": 2,
        "total_real_leakage_unit": 1,
        "leakage_test_exemption": false,
        "distribution_system_efficiency": null
    }
},
{
    "model": "remrate_data.ductsystem",
    "pk": 4,
    "fields": {
        "simulation": 1,
        "building": 1,
        "_result_number": 189520,
        "_building_number": 184541,
        "_source_duct_system_number": 175085,
        "rating_number": "XYZ-REM15p8",
        "supply_area": 101.300003,
        "return_area": 18.799999,
        "name": "std 152",
        "heating_equipment_number": 3,
        "cooling_equipment_number": 1,
        "number_of_return_registers": 1,
        "conditioned_floor_area": 500.0,
        "duct_leakage_input_type": 0,
        "leakage_unit": 2,
        "no_building_cavities_used_as_ducts": false,
        "leakage_test_type": 1,
        "duct_leakage_leakage_to_outside_type": 3,
        "total_leakage": 7.17,
        "supply_leakage": 5.13,
        "return_leakage": 2.04,
        "leakage_tightness_test": 3,
        "total_real_leakage": 32.29999923706055,
        "field_test_leakage_to_outside": null,
        "field_test_total_duct_leakage": null,
        "iecc_test_exemption": false,
        "resnet_test_exemption": false,
        "energy_star_test_exemption": true,
        "leakage_type": 3,
        "leakage_estimate": 2,
        "total_real_leakage_unit": 1,
        "leakage_test_exemption": false,
        "distribution_system_efficiency": null
    }
},
{
    "model": "remrate_data.economicparameters",
    "pk": 1,
    "fields": {
        "simulation": 1,
        "building": 1,
        "_result_number": 189520,
        "_building_number": 184541,
        "rating_number": "XYZ-REM15p8",
        "baseline": 18,
        "baseline_file": "REM UDRH/Building Baseline: None",
        "improvement_cost": 500.0,
        "improvement_life": 25.0,
        "mortgage_rate": 5.7,
        "mortgate_period": 30.0,
        "down_payment": 10.0,
        "appraisal_value": 0.0,
        "inflation": 2.0,
        "discount_rate": 4.0,
        "energy_inflation": 2.3,
        "analysis_period": 15.0,
        "ImpLifeD": false,
        "mortgage_rate_default": false,
        "mortgage_period_default": true,
        "down_payment_default": false,
        "inflation_default": true,
        "discount_rate_default": true,
        "energy_inflation_default": false,
        "analysis_period_default": false,
        "use_doe_methodology": false,
        "calculation_methodology": 1
    }
},
{
    "model": "remrate_data.energystar",
    "pk": 1,
    "fields": {
        "simulation": 1,
        "_result_number": 189520,
        "rating_number": "XYZ-REM15p8",
        "passes_energy_star_v2": false,
        "passes_energy_star_v2p5": false,
        "energy_star_v2p5_pv_score": -999.0,
        "energy_star_v2p5_hers_score": -999.0,
        "energy_star_v2p5_hers_saf_score": -999.0,
        "energy_star_v2p5_hers_saf": 1.0,
        "passes_energy_star_v3": null,
        "energy_star_v3_pv_score": null,
        "energy_star_v3_hers_score": null,
        "energy_star_v3_hers_saf_score": null,
        "energy_star_v3_hers_saf": null,
        "passes_energy_star_v3_hi": null,
        "energy_star_v3_hi_pv_score": null,
        "energy_star_v3_hi_hers_score": null,
        "energy_star_v3_hi_hers_saf_score": null,
        "energy_star_v3_hi_hers_saf": null,
        "passes_energy_star_v3p1": null,
        "energy_star_v3p1_pv_score": null,
        "energy_star_v3p1_hers_score": null,
        "energy_star_v3p1_hers_saf_score": null,
        "energy_star_v3p1_hers_saf": null,
        "passes_energy_star_v3p2": null,
        "energy_star_v3p2_pv_score": null,
        "energy_star_v3p2_whers_score": null,
        "energy_star_v3p2_whers_saf_score": null,
        "energy_star_v3p2_whers_saf": null,
        "passes_doe_zero": false,
        "doe_zero_hers_score": -999.0,
        "doe_zero_saf_score": -999.0,
        "passes_energy_star_v1p0_mf": null,
        "energy_star_v1p0_mf_pv_score": null,
        "energy_star_v1p0_mf_hers_index": null,
        "passes_energy_star_v1p1_mf": false,
        "energy_star_v1p1_mf_pv_score": -999.0,
        "energy_star_v1p1_mf_hers_index": -999.0,
        "passes_energy_star_v1p2_mf": null,
        "energy_star_v1p2_mf_pv_score": null,
        "energy_star_v1p2_mf_hers_index": null
    }
},
{
    "model": "remrate_data.floortype",
    "pk": 1,
    "fields": {
        "simulation": 1,
        "composite_type": 8,
        "_result_number": 189520,
        "_source_floor_type_number": 320724,
        "joist_width": 1.5,
        "joist_height": 11.5,
        "joist_spacing": 16.0,
        "continuous_insulation": 0.0,
        "cavity_insulation": 30.0,
        "cavity_insulation_thickness": 10.0,
        "floor_covering": 1,
        "_composite_type_number": 997334,
        "quick_fill": true,
        "quick_fill_type": 0,
        "floor_width": 0.0,
        "outrigger_width": 0.0,
        "batt_thickness": 0.0,
        "batt_r_value": 0.0,
        "blanket_thickness": 0.0,
        "blanket_r_value": 0.0,
        "center_insulation_config": 0,
        "outrigger_insulation_config": 0,
        "framing_factor": 0.13,
        "default_framing_factors": true,
        "note": "",
        "insulation_grade": 3
    }
},
{
    "model": "remrate_data.floortype",
    "pk": 2,
    "fields": {
        "simulation": 1,
        "composite_type": 9,
        "_result_number": 189520,
        "_source_floor_type_number": 320725,
        "joist_width": 2.0,
        "joist_height": 6.0,
        "joist_spacing": 24.0,
        "continuous_insulation": 0.0,
        "cavity_insulation": 0.0,
        "cavity_insulation_thickness": 0.0,
        "floor_covering": 1,
        "_composite_type_number": 997335,
        "quick_fill": true,
        "quick_fill_type": 2,
        "floor_width": 12.0,
        "outrigger_width": 6.0,
        "batt_thickness": 4.0,
        "batt_r_value": 7.0,
        "blanket_thickness": 0.0,
        "blanket_r_value": 0.0,
        "center_insulation_config": 1,
        "outrigger_insulation_config": 1,
        "framing_factor": 0.1196,
        "default_framing_factors": true,
        "note": "",
        "insulation_grade": 3
    }
},
{
    "model": "remrate_data.floortype",
    "pk": 3,
    "fields": {
        "simulation": 1,
        "composite_type": 10,
        "_result_number": 189520,
        "_source_floor_type_number": 320726,
        "joist_width": 1.5,
        "joist_height": 11.5,
        "joist_spacing": 16.0,
        "continuous_insulation": 0.0,
        "cavity_insulation": 0.0,
        "cavity_insulation_thickness": 0.0,
        "floor_covering": 1,
        "_composite_type_number": 997336,
        "quick_fill": false,
        "quick_fill_type": 1,
        "floor_width": 0.0,
        "outrigger_width": 0.0,
        "batt_thickness": 0.0,
        "batt_r_value": 0.0,
        "blanket_thickness": 0.0,
        "blanket_r_value": 0.0,
        "center_insulation_config": 0,
        "outrigger_insulation_config": 0,
        "framing_factor": 0.13,
        "default_framing_factors": true,
        "note": "",
        "insulation_grade": 3
    }
},
{
    "model": "remrate_data.foundationwall",
    "pk": 1,
    "fields": {
        "simulation": 1,
        "building": 1,
        "type": 1,
        "_result_number": 189520,
        "_building_number": 184541,
        "name": "Cond Basement",
        "length": 128.300003,
        "height": 8.7,
        "depth_below_grade": 7.6,
        "depth_above_grade": 1.1,
        "location": 201,
        "_foundation_wall_number": 291544,
        "rating_number": "XYZ-REM15p8"
    }
},
{
    "model": "remrate_data.foundationwall",
    "pk": 2,
    "fields": {
        "simulation": 1,
        "building": 1,
        "type": 2,
        "_result_number": 189520,
        "_building_number": 184541,
        "name": "fwall 2",
        "length": 4.0,
        "height": 7.7,
        "depth_below_grade": 7.7,
        "depth_above_grade": 0.0,
        "location": 202,
        "_foundation_wall_number": 291545,
        "rating_number": "XYZ-REM15p8"
    }
},
{
    "model": "remrate_data.foundationwall",
    "pk": 3,
    "fields": {
        "simulation": 1,
        "building": 1,
        "type": 3,
        "_result_number": 189520,
        "_building_number": 184541,
        "name": "fwall 3",
        "length": 3.0,
        "height": 6.0,
        "depth_below_grade": 2.0,
        "depth_above_grade": 4.0,
        "location": 213,
        "_foundation_wall_number": 291546,
        "rating_number": "XYZ-REM15p8"
    }
},
{
    "model": "remrate_data.foundationwalltype",
    "pk": 1,
    "fields": {
        "simulation": 1,
        "_result_number": 189520,
        "_source_foundation_wall_number": 291544,
        "name": "ek R-19 Draped, Full",
        "wall_type": 14,
        "stud_type": 5,
        "masonry_thickness": 6.8,
        "exterior_insulation": 4.4,
        "exterior_insulation_top": 5.5,
        "exterior_insulation_bottom": 6.6,
        "exterior_insulation_top_type": 3.0,
        "exterior_insulation_bottom_type": 4.0,
        "rigid_insulation_r_value": 19.1,
        "batt_or_blown_insulation_r_value": 1.1,
        "interior_insulation_top": 2.2,
        "interior_insulation_bottom": 3.3,
        "interior_insulation_top_type": 1.0,
        "interior_insulation_bottom_type": 2.0,
        "note": "qwer",
        "insulation_grade": 3
    }
},
{
    "model": "remrate_data.foundationwalltype",
    "pk": 2,
    "fields": {
        "simulation": 1,
        "_result_number": 189520,
        "_source_foundation_wall_number": 291545,
        "name": "Mobile Home Skirt",
        "wall_type": 18,
        "stud_type": 6,
        "masonry_thickness": 0.1,
        "exterior_insulation": 0.0,
        "exterior_insulation_top": 0.0,
        "exterior_insulation_bottom": 0.0,
        "exterior_insulation_top_type": 1.0,
        "exterior_insulation_bottom_type": 4.0,
        "rigid_insulation_r_value": 8.0,
        "batt_or_blown_insulation_r_value": 0.0,
        "interior_insulation_top": 0.0,
        "interior_insulation_bottom": 0.0,
        "interior_insulation_top_type": 1.0,
        "interior_insulation_bottom_type": 2.0,
        "note": "",
        "insulation_grade": 3
    }
},
{
    "model": "remrate_data.foundationwalltype",
    "pk": 3,
    "fields": {
        "simulation": 1,
        "_result_number": 189520,
        "_source_foundation_wall_number": 291546,
        "name": "R-5 Ext, 2ft deep",
        "wall_type": 11,
        "stud_type": 0,
        "masonry_thickness": 8.0,
        "exterior_insulation": 5.0,
        "exterior_insulation_top": 0.0,
        "exterior_insulation_bottom": 2.0,
        "exterior_insulation_top_type": 1.0,
        "exterior_insulation_bottom_type": 4.0,
        "rigid_insulation_r_value": 0.0,
        "batt_or_blown_insulation_r_value": 0.0,
        "interior_insulation_top": 0.0,
        "interior_insulation_bottom": 0.0,
        "interior_insulation_top_type": 1.0,
        "interior_insulation_bottom_type": 1.0,
        "note": "",
        "insulation_grade": 3
    }
},
{
    "model": "remrate_data.framefloor",
    "pk": 1,
    "fields": {
        "simulation": 1,
        "building": 1,
        "type": 1,
        "_result_number": 189520,
        "_building_number": 184541,
        "name": "ff1",
        "area": 300.0,
        "location": 201,
        "u_value": 0.047294,
        "_floor_type_number": 320724,
        "rating_number": "XYZ-REM15p8"
    }
},
{
    "model": "remrate_data.framefloor",
    "pk": 2,
    "fields": {
        "simulation": 1,
        "building": 1,
        "type": 2,
        "_result_number": 189520,
        "_building_number": 184541,
        "name": "ff mh",
        "area": 222.0,
        "location": 202,
        "u_value": 0.291971,
        "_floor_type_number": 320725,
        "rating_number": "XYZ-REM15p8"
    }
},
{
    "model": "remrate_data.framefloor",
    "pk": 3,
    "fields": {
        "simulation": 1,
        "building": 1,
        "type": 3,
        "_result_number": 189520,
        "_building_number": 184541,
        "name": "asdf",
        "area": 444.0,
        "location": 203,
        "u_value": 0.050193,
        "_floor_type_number": 320726,
        "rating_number": "XYZ-REM15p8"
    }
},
{
    "model": "remrate_data.fuelsummary",
    "pk": 1,
    "fields": {
        "simulation": 1,
        "_result_number": 189520,
        "fuel_type": 1,
        "fuel_units": 4,
        "heating_consumption": 574.27002,
        "cooling_consumption": 0.0,
        "hot_water_consumption": 8.883849,
        "lights_and_appliances_consumption": 0.0,
        "total_cost": 290.966156,
        "rating_number": "XYZ-REM15p8",
        "photo_voltaics_consumption": 0.0,
        "total_consumption": null
    }
},
{
    "model": "remrate_data.fuelsummary",
    "pk": 2,
    "fields": {
        "simulation": 1,
        "_result_number": 189520,
        "fuel_type": 2,
        "fuel_units": 2,
        "heating_consumption": 0.0,
        "cooling_consumption": 0.0,
        "hot_water_consumption": 0.0,
        "lights_and_appliances_consumption": 0.0,
        "total_cost": 0.0,
        "rating_number": "XYZ-REM15p8",
        "photo_voltaics_consumption": 0.0,
        "total_consumption": null
    }
},
{
    "model": "remrate_data.fuelsummary",
    "pk": 3,
    "fields": {
        "simulation": 1,
        "_result_number": 189520,
        "fuel_type": 3,
        "fuel_units": 2,
        "heating_consumption": 0.0,
        "cooling_consumption": 0.0,
        "hot_water_consumption": 0.0,
        "lights_and_appliances_consumption": 0.0,
        "total_cost": 0.0,
        "rating_number": "XYZ-REM15p8",
        "photo_voltaics_consumption": 0.0,
        "total_consumption": null
    }
},
{
    "model": "remrate_data.fuelsummary",
    "pk": 4,
    "fields": {
        "simulation": 1,
        "_result_number": 189520,
        "fuel_type": 4,
        "fuel_units": 1,
        "heating_consumption": 3479.584473,
        "cooling_consumption": 3373.165527,
        "hot_water_consumption": 2.255338,
        "lights_and_appliances_consumption": 8517.478516,
        "total_cost": 1054.316528,
        "rating_number": "XYZ-REM15p8",
        "photo_voltaics_consumption": -27.186556,
        "total_consumption": null
    }
},
{
    "model": "remrate_data.fuelsummary",
    "pk": 5,
    "fields": {
        "simulation": 1,
        "_result_number": 189520,
        "fuel_type": 5,
        "fuel_units": 2,
        "heating_consumption": 0.0,
        "cooling_consumption": 0.0,
        "hot_water_consumption": 0.0,
        "lights_and_appliances_consumption": 0.0,
        "total_cost": 0.0,
        "rating_number": "XYZ-REM15p8",
        "photo_voltaics_consumption": 0.0,
        "total_consumption": null
    }
},
{
    "model": "remrate_data.fuelsummary",
    "pk": 6,
    "fields": {
        "simulation": 1,
        "_result_number": 189520,
        "fuel_type": 6,
        "fuel_units": 5,
        "heating_consumption": 0.0,
        "cooling_consumption": 0.0,
        "hot_water_consumption": 0.0,
        "lights_and_appliances_consumption": 0.0,
        "total_cost": 0.0,
        "rating_number": "XYZ-REM15p8",
        "photo_voltaics_consumption": 0.0,
        "total_consumption": null
    }
},
{
    "model": "remrate_data.fuelsummary",
    "pk": 7,
    "fields": {
        "simulation": 1,
        "_result_number": 189520,
        "fuel_type": 4,
        "fuel_units": 7,
        "heating_consumption": 11.014218,
        "cooling_consumption": 0.0,
        "hot_water_consumption": 0.000781,
        "lights_and_appliances_consumption": 0.790816,
        "total_cost": 11.805815,
        "rating_number": "XYZ-REM15p8",
        "photo_voltaics_consumption": 0.0,
        "total_consumption": null
    }
},
{
    "model": "remrate_data.fuelsummary",
    "pk": 8,
    "fields": {
        "simulation": 1,
        "_result_number": 189520,
        "fuel_type": 4,
        "fuel_units": 8,
        "heating_consumption": 0.0,
        "cooling_consumption": 4.118447,
        "hot_water_consumption": 0.0,
        "lights_and_appliances_consumption": 1.484989,
        "total_cost": 5.603436,
        "rating_number": "XYZ-REM15p8",
        "photo_voltaics_consumption": 0.0,
        "total_consumption": null
    }
},
{
    "model": "remrate_data.generalmechanicalequipment",
    "pk": 1,
    "fields": {
        "simulation": 1,
        "_source_equipment_number": 181426,
        "_result_number": 189520,
        "_building_number": 184541,
        "heating_set_point": 68.0,
        "cooling_set_point": 78.0,
        "setback_thermostat": true,
        "setup_thermostat": true,
        "vent_type": 1,
        "setback_schedule": 0.0,
        "setback_temperature": 66.0,
        "duct_location_1": 0,
        "duct_location_2": 0,
        "duct_location_3": 0,
        "duct_insulation_1": 0.0,
        "duct_insulation_2": 0.0,
        "duct_insulation_3": 0.0,
        "duct_supply_vs_total_supply_area_1": 100.0,
        "duct_supply_vs_total_supply_area_2": 0.0,
        "duct_supply_vs_total_supply_area_3": 0.0,
        "duct_return_vs_total_return_area_1": 100.0,
        "duct_return_vs_total_return_area_2": 0.0,
        "duct_return_vs_total_return_area_3": 0.0,
        "qualitative_duct_leakage_estimate": 2,
        "quantitative_duct_leakage_units": 2,
        "quantitative_duct_leakage": 100.0,
        "using_qualitative": 1,
        "rating_number": "XYZ-REM15p8",
        "capacity_weighting_heating": true,
        "capacity_weighting_cooling": true,
        "capacity_weighting_hot_water": true,
        "capacity_weighting_dehumidifier": null,
        "whf_flow": null,
        "whf_watts": null
    }
},
{
    "model": "remrate_data.groundsourceheatpump",
    "pk": 1,
    "fields": {
        "simulation": 1,
        "_result_number": 189520,
        "_source_ground_source_heat_pump_number": 5940,
        "name": "GSHP 1 Ton",
        "type": 1,
        "fuel_type": 4,
        "heating_coefficient_of_performance_70f": 3.83,
        "heating_coefficient_of_performance_50f": 3.4458,
        "cooling_energy_efficiency_ratio_70f": 15.394,
        "cooling_energy_efficiency_ratio_50f": 17.9484,
        "heating_capacity_70f": 20.306002,
        "heating_capacity_50f": 15.814617,
        "cooling_capacity_70f": 12.129277,
        "cooling_capacity_50f": 13.2797,
        "heating_coefficient_of_performance_32f": 3.1,
        "heating_capacity_32f": 11.5,
        "cooling_energy_efficiency_ratio_77f": 14.5,
        "cooling_capacity_77f": 12.0,
        "sensible_heat_fraction": 0.7,
        "fan_defaults": true,
        "is_desuperheater": false,
        "note": "",
        "backup_capacity": 0.0,
        "fan_power": 80.0,
        "pump_energy": 0.0,
        "pump_energy_type": 1,
        "distribution_type": 1
    }
},
{
    "model": "remrate_data.groundsourceheatpumpwell",
    "pk": 1,
    "fields": {
        "simulation": 1,
        "_result_number": 189520,
        "_source_ground_source_heat_pump": 13,
        "well_type": 0,
        "number_of_wells": 8.0,
        "well_depth_trench_length": 100.0,
        "loop_flow_gpm": 2.0,
        "rating_number": "XYZ-REM15p8"
    }
},
{
    "model": "remrate_data.heatpath",
    "pk": 1,
    "fields": {
        "simulation": 1,
        "composite_type": 1,
        "_result_number": 189520,
        "_composite_type_number": 997327.0,
        "name": "Framing",
        "area": 0.11,
        "r_value": 12.534999,
        "layer_1_r_value": 0.61,
        "layer_2_r_value": 0.45,
        "layer_3_r_value": 4.375,
        "layer_4_r_value": 6.0,
        "layer_5_r_value": 0.11,
        "layer_6_r_value": 0.22,
        "layer_7_r_value": 0.33,
        "layer_8_r_value": 0.44
    }
},
{
    "model": "remrate_data.heatpath",
    "pk": 2,
    "fields": {
        "simulation": 1,
        "composite_type": 1,
        "_result_number": 189520,
        "_composite_type_number": 997327.0,
        "name": "Cavity",
        "area": 0.84,
        "r_value": 20.67,
        "layer_1_r_value": 0.61,
        "layer_2_r_value": 0.45,
        "layer_3_r_value": 13.0,
        "layer_4_r_value": 6.0,
        "layer_5_r_value": 0.0,
        "layer_6_r_value": 0.0,
        "layer_7_r_value": 0.0,
        "layer_8_r_value": 0.61
    }
},
{
    "model": "remrate_data.heatpath",
    "pk": 3,
    "fields": {
        "simulation": 1,
        "composite_type": 1,
        "_result_number": 189520,
        "_composite_type_number": 997327.0,
        "name": "Grade",
        "area": 0.05,
        "r_value": 7.67,
        "layer_1_r_value": 0.61,
        "layer_2_r_value": 0.45,
        "layer_3_r_value": 0.0,
        "layer_4_r_value": 6.0,
        "layer_5_r_value": 0.0,
        "layer_6_r_value": 0.0,
        "layer_7_r_value": 0.0,
        "layer_8_r_value": 0.61
    }
},
{
    "model": "remrate_data.heatpath",
    "pk": 4,
    "fields": {
        "simulation": 1,
        "composite_type": 1,
        "_result_number": 189520,
        "_composite_type_number": 997327.0,
        "name": "",
        "area": 0.0,
        "r_value": 0.0,
        "layer_1_r_value": 0.0,
        "layer_2_r_value": 0.0,
        "layer_3_r_value": 0.0,
        "layer_4_r_value": 0.0,
        "layer_5_r_value": 0.0,
        "layer_6_r_value": 0.0,
        "layer_7_r_value": 0.0,
        "layer_8_r_value": 0.0
    }
},
{
    "model": "remrate_data.heatpath",
    "pk": 5,
    "fields": {
        "simulation": 1,
        "composite_type": 1,
        "_result_number": 189520,
        "_composite_type_number": 997327.0,
        "name": "",
        "area": 0.0,
        "r_value": 0.0,
        "layer_1_r_value": 0.0,
        "layer_2_r_value": 0.0,
        "layer_3_r_value": 0.0,
        "layer_4_r_value": 0.0,
        "layer_5_r_value": 0.0,
        "layer_6_r_value": 0.0,
        "layer_7_r_value": 0.0,
        "layer_8_r_value": 0.0
    }
},
{
    "model": "remrate_data.heatpath",
    "pk": 6,
    "fields": {
        "simulation": 1,
        "composite_type": 1,
        "_result_number": 189520,
        "_composite_type_number": 997327.0,
        "name": "",
        "area": 0.0,
        "r_value": 0.0,
        "layer_1_r_value": 0.0,
        "layer_2_r_value": 0.0,
        "layer_3_r_value": 0.0,
        "layer_4_r_value": 0.0,
        "layer_5_r_value": 0.0,
        "layer_6_r_value": 0.0,
        "layer_7_r_value": 0.0,
        "layer_8_r_value": 0.0
    }
},
{
    "model": "remrate_data.heatpath",
    "pk": 7,
    "fields": {
        "simulation": 1,
        "composite_type": 2,
        "_result_number": 189520,
        "_composite_type_number": 997328.0,
        "name": "Framing",
        "area": 0.11,
        "r_value": 43.045002,
        "layer_1_r_value": 0.61,
        "layer_2_r_value": 0.45,
        "layer_3_r_value": 4.375,
        "layer_4_r_value": 37.0,
        "layer_5_r_value": 0.0,
        "layer_6_r_value": 0.0,
        "layer_7_r_value": 0.0,
        "layer_8_r_value": 0.61
    }
},
{
    "model": "remrate_data.heatpath",
    "pk": 8,
    "fields": {
        "simulation": 1,
        "composite_type": 2,
        "_result_number": 189520,
        "_composite_type_number": 997328.0,
        "name": "Cavity",
        "area": 0.84,
        "r_value": 51.669998,
        "layer_1_r_value": 0.61,
        "layer_2_r_value": 0.45,
        "layer_3_r_value": 13.0,
        "layer_4_r_value": 37.0,
        "layer_5_r_value": 0.0,
        "layer_6_r_value": 0.0,
        "layer_7_r_value": 0.0,
        "layer_8_r_value": 0.61
    }
},
{
    "model": "remrate_data.heatpath",
    "pk": 9,
    "fields": {
        "simulation": 1,
        "composite_type": 2,
        "_result_number": 189520,
        "_composite_type_number": 997328.0,
        "name": "Grade",
        "area": 0.05,
        "r_value": 38.670002,
        "layer_1_r_value": 0.61,
        "layer_2_r_value": 0.45,
        "layer_3_r_value": 0.0,
        "layer_4_r_value": 37.0,
        "layer_5_r_value": 0.0,
        "layer_6_r_value": 0.0,
        "layer_7_r_value": 0.0,
        "layer_8_r_value": 0.61
    }
},
{
    "model": "remrate_data.heatpath",
    "pk": 10,
    "fields": {
        "simulation": 1,
        "composite_type": 2,
        "_result_number": 189520,
        "_composite_type_number": 997328.0,
        "name": "",
        "area": 0.0,
        "r_value": 0.0,
        "layer_1_r_value": 0.0,
        "layer_2_r_value": 0.0,
        "layer_3_r_value": 0.0,
        "layer_4_r_value": 0.0,
        "layer_5_r_value": 0.0,
        "layer_6_r_value": 0.0,
        "layer_7_r_value": 0.0,
        "layer_8_r_value": 0.0
    }
},
{
    "model": "remrate_data.heatpath",
    "pk": 11,
    "fields": {
        "simulation": 1,
        "composite_type": 2,
        "_result_number": 189520,
        "_composite_type_number": 997328.0,
        "name": "",
        "area": 0.0,
        "r_value": 0.0,
        "layer_1_r_value": 0.0,
        "layer_2_r_value": 0.0,
        "layer_3_r_value": 0.0,
        "layer_4_r_value": 0.0,
        "layer_5_r_value": 0.0,
        "layer_6_r_value": 0.0,
        "layer_7_r_value": 0.0,
        "layer_8_r_value": 0.0
    }
},
{
    "model": "remrate_data.heatpath",
    "pk": 12,
    "fields": {
        "simulation": 1,
        "composite_type": 2,
        "_result_number": 189520,
        "_composite_type_number": 997328.0,
        "name": "",
        "area": 0.0,
        "r_value": 0.0,
        "layer_1_r_value": 0.0,
        "layer_2_r_value": 0.0,
        "layer_3_r_value": 0.0,
        "layer_4_r_value": 0.0,
        "layer_5_r_value": 0.0,
        "layer_6_r_value": 0.0,
        "layer_7_r_value": 0.0,
        "layer_8_r_value": 0.0
    }
},
{
    "model": "remrate_data.heatpath",
    "pk": 13,
    "fields": {
        "simulation": 1,
        "composite_type": 3,
        "_result_number": 189520,
        "_composite_type_number": 997329.0,
        "name": "Framing",
        "area": 0.11,
        "r_value": 19.434999,
        "layer_1_r_value": 0.61,
        "layer_2_r_value": 0.45,
        "layer_3_r_value": 11.875,
        "layer_4_r_value": 5.0,
        "layer_5_r_value": 0.93,
        "layer_6_r_value": 0.4,
        "layer_7_r_value": 0.0,
        "layer_8_r_value": 0.17
    }
},
{
    "model": "remrate_data.heatpath",
    "pk": 14,
    "fields": {
        "simulation": 1,
        "composite_type": 3,
        "_result_number": 189520,
        "_composite_type_number": 997329.0,
        "name": "Cavity",
        "area": 0.84,
        "r_value": 37.559998,
        "layer_1_r_value": 0.61,
        "layer_2_r_value": 0.45,
        "layer_3_r_value": 30.0,
        "layer_4_r_value": 5.0,
        "layer_5_r_value": 0.93,
        "layer_6_r_value": 0.4,
        "layer_7_r_value": 0.0,
        "layer_8_r_value": 0.17
    }
},
{
    "model": "remrate_data.heatpath",
    "pk": 15,
    "fields": {
        "simulation": 1,
        "composite_type": 3,
        "_result_number": 189520,
        "_composite_type_number": 997329.0,
        "name": "Grade",
        "area": 0.05,
        "r_value": 7.56,
        "layer_1_r_value": 0.61,
        "layer_2_r_value": 0.45,
        "layer_3_r_value": 0.0,
        "layer_4_r_value": 5.0,
        "layer_5_r_value": 0.93,
        "layer_6_r_value": 0.4,
        "layer_7_r_value": 0.0,
        "layer_8_r_value": 0.17
    }
},
{
    "model": "remrate_data.heatpath",
    "pk": 16,
    "fields": {
        "simulation": 1,
        "composite_type": 3,
        "_result_number": 189520,
        "_composite_type_number": 997329.0,
        "name": "",
        "area": 0.0,
        "r_value": 0.0,
        "layer_1_r_value": 0.0,
        "layer_2_r_value": 0.0,
        "layer_3_r_value": 0.0,
        "layer_4_r_value": 0.0,
        "layer_5_r_value": 0.0,
        "layer_6_r_value": 0.0,
        "layer_7_r_value": 0.0,
        "layer_8_r_value": 0.0
    }
},
{
    "model": "remrate_data.heatpath",
    "pk": 17,
    "fields": {
        "simulation": 1,
        "composite_type": 3,
        "_result_number": 189520,
        "_composite_type_number": 997329.0,
        "name": "",
        "area": 0.0,
        "r_value": 0.0,
        "layer_1_r_value": 0.0,
        "layer_2_r_value": 0.0,
        "layer_3_r_value": 0.0,
        "layer_4_r_value": 0.0,
        "layer_5_r_value": 0.0,
        "layer_6_r_value": 0.0,
        "layer_7_r_value": 0.0,
        "layer_8_r_value": 0.0
    }
},
{
    "model": "remrate_data.heatpath",
    "pk": 18,
    "fields": {
        "simulation": 1,
        "composite_type": 3,
        "_result_number": 189520,
        "_composite_type_number": 997329.0,
        "name": "",
        "area": 0.0,
        "r_value": 0.0,
        "layer_1_r_value": 0.0,
        "layer_2_r_value": 0.0,
        "layer_3_r_value": 0.0,
        "layer_4_r_value": 0.0,
        "layer_5_r_value": 0.0,
        "layer_6_r_value": 0.0,
        "layer_7_r_value": 0.0,
        "layer_8_r_value": 0.0
    }
},
{
    "model": "remrate_data.heatpath",
    "pk": 19,
    "fields": {
        "simulation": 1,
        "composite_type": 4,
        "_result_number": 189520,
        "_composite_type_number": 997330.0,
        "name": "Framing",
        "area": 0.11,
        "r_value": 1.7825,
        "layer_1_r_value": 0.61,
        "layer_2_r_value": 0.5625,
        "layer_3_r_value": 0.0,
        "layer_4_r_value": 0.0,
        "layer_5_r_value": 0.0,
        "layer_6_r_value": 0.0,
        "layer_7_r_value": 0.0,
        "layer_8_r_value": 0.61
    }
},
{
    "model": "remrate_data.heatpath",
    "pk": 20,
    "fields": {
        "simulation": 1,
        "composite_type": 4,
        "_result_number": 189520,
        "_composite_type_number": 997330.0,
        "name": "Cavity",
        "area": 0.84,
        "r_value": 1.7825,
        "layer_1_r_value": 0.61,
        "layer_2_r_value": 0.5625,
        "layer_3_r_value": 0.0,
        "layer_4_r_value": 0.0,
        "layer_5_r_value": 0.0,
        "layer_6_r_value": 0.0,
        "layer_7_r_value": 0.0,
        "layer_8_r_value": 0.61
    }
},
{
    "model": "remrate_data.heatpath",
    "pk": 21,
    "fields": {
        "simulation": 1,
        "composite_type": 4,
        "_result_number": 189520,
        "_composite_type_number": 997330.0,
        "name": "Grade",
        "area": 0.05,
        "r_value": 1.7825,
        "layer_1_r_value": 0.61,
        "layer_2_r_value": 0.5625,
        "layer_3_r_value": 0.0,
        "layer_4_r_value": 0.0,
        "layer_5_r_value": 0.0,
        "layer_6_r_value": 0.0,
        "layer_7_r_value": 0.0,
        "layer_8_r_value": 0.61
    }
},
{
    "model": "remrate_data.heatpath",
    "pk": 22,
    "fields": {
        "simulation": 1,
        "composite_type": 4,
        "_result_number": 189520,
        "_composite_type_number": 997330.0,
        "name": "",
        "area": 0.0,
        "r_value": 0.0,
        "layer_1_r_value": 0.0,
        "layer_2_r_value": 0.0,
        "layer_3_r_value": 0.0,
        "layer_4_r_value": 0.0,
        "layer_5_r_value": 0.0,
        "layer_6_r_value": 0.0,
        "layer_7_r_value": 0.0,
        "layer_8_r_value": 0.0
    }
},
{
    "model": "remrate_data.heatpath",
    "pk": 23,
    "fields": {
        "simulation": 1,
        "composite_type": 4,
        "_result_number": 189520,
        "_composite_type_number": 997330.0,
        "name": "",
        "area": 0.0,
        "r_value": 0.0,
        "layer_1_r_value": 0.0,
        "layer_2_r_value": 0.0,
        "layer_3_r_value": 0.0,
        "layer_4_r_value": 0.0,
        "layer_5_r_value": 0.0,
        "layer_6_r_value": 0.0,
        "layer_7_r_value": 0.0,
        "layer_8_r_value": 0.0
    }
},
{
    "model": "remrate_data.heatpath",
    "pk": 24,
    "fields": {
        "simulation": 1,
        "composite_type": 4,
        "_result_number": 189520,
        "_composite_type_number": 997330.0,
        "name": "",
        "area": 0.0,
        "r_value": 0.0,
        "layer_1_r_value": 0.0,
        "layer_2_r_value": 0.0,
        "layer_3_r_value": 0.0,
        "layer_4_r_value": 0.0,
        "layer_5_r_value": 0.0,
        "layer_6_r_value": 0.0,
        "layer_7_r_value": 0.0,
        "layer_8_r_value": 0.0
    }
},
{
    "model": "remrate_data.heatpath",
    "pk": 25,
    "fields": {
        "simulation": 1,
        "composite_type": 5,
        "_result_number": 189520,
        "_composite_type_number": 997331.0,
        "name": "Cavity",
        "area": 0.72,
        "r_value": 13.24,
        "layer_1_r_value": 0.68,
        "layer_2_r_value": 0.45,
        "layer_3_r_value": 0.0,
        "layer_4_r_value": 11.0,
        "layer_5_r_value": 0.0,
        "layer_6_r_value": 0.94,
        "layer_7_r_value": 0.0,
        "layer_8_r_value": 0.17
    }
},
{
    "model": "remrate_data.heatpath",
    "pk": 26,
    "fields": {
        "simulation": 1,
        "composite_type": 5,
        "_result_number": 189520,
        "_composite_type_number": 997331.0,
        "name": "Framing",
        "area": 0.23,
        "r_value": 6.615,
        "layer_1_r_value": 0.68,
        "layer_2_r_value": 0.45,
        "layer_3_r_value": 0.0,
        "layer_4_r_value": 4.375,
        "layer_5_r_value": 0.0,
        "layer_6_r_value": 0.94,
        "layer_7_r_value": 0.0,
        "layer_8_r_value": 0.17
    }
},
{
    "model": "remrate_data.heatpath",
    "pk": 27,
    "fields": {
        "simulation": 1,
        "composite_type": 5,
        "_result_number": 189520,
        "_composite_type_number": 997331.0,
        "name": "Grade",
        "area": 0.05,
        "r_value": 3.27,
        "layer_1_r_value": 0.68,
        "layer_2_r_value": 0.45,
        "layer_3_r_value": 0.0,
        "layer_4_r_value": 1.03,
        "layer_5_r_value": 0.0,
        "layer_6_r_value": 0.94,
        "layer_7_r_value": 0.0,
        "layer_8_r_value": 0.17
    }
},
{
    "model": "remrate_data.heatpath",
    "pk": 28,
    "fields": {
        "simulation": 1,
        "composite_type": 5,
        "_result_number": 189520,
        "_composite_type_number": 997331.0,
        "name": "",
        "area": 0.0,
        "r_value": 0.0,
        "layer_1_r_value": 0.0,
        "layer_2_r_value": 0.0,
        "layer_3_r_value": 0.0,
        "layer_4_r_value": 0.0,
        "layer_5_r_value": 0.0,
        "layer_6_r_value": 0.0,
        "layer_7_r_value": 0.0,
        "layer_8_r_value": 0.0
    }
},
{
    "model": "remrate_data.heatpath",
    "pk": 29,
    "fields": {
        "simulation": 1,
        "composite_type": 5,
        "_result_number": 189520,
        "_composite_type_number": 997331.0,
        "name": "",
        "area": 0.0,
        "r_value": 0.0,
        "layer_1_r_value": 0.0,
        "layer_2_r_value": 0.0,
        "layer_3_r_value": 0.0,
        "layer_4_r_value": 0.0,
        "layer_5_r_value": 0.0,
        "layer_6_r_value": 0.0,
        "layer_7_r_value": 0.0,
        "layer_8_r_value": 0.0
    }
},
{
    "model": "remrate_data.heatpath",
    "pk": 30,
    "fields": {
        "simulation": 1,
        "composite_type": 5,
        "_result_number": 189520,
        "_composite_type_number": 997331.0,
        "name": "",
        "area": 0.0,
        "r_value": 0.0,
        "layer_1_r_value": 0.0,
        "layer_2_r_value": 0.0,
        "layer_3_r_value": 0.0,
        "layer_4_r_value": 0.0,
        "layer_5_r_value": 0.0,
        "layer_6_r_value": 0.0,
        "layer_7_r_value": 0.0,
        "layer_8_r_value": 0.0
    }
},
{
    "model": "remrate_data.heatpath",
    "pk": 31,
    "fields": {
        "simulation": 1,
        "composite_type": 6,
        "_result_number": 189520,
        "_composite_type_number": 997332.0,
        "name": "Cavity",
        "area": 0.72,
        "r_value": 17.24,
        "layer_1_r_value": 0.68,
        "layer_2_r_value": 0.45,
        "layer_3_r_value": 0.0,
        "layer_4_r_value": 15.0,
        "layer_5_r_value": 0.0,
        "layer_6_r_value": 0.94,
        "layer_7_r_value": 0.0,
        "layer_8_r_value": 0.17
    }
},
{
    "model": "remrate_data.heatpath",
    "pk": 32,
    "fields": {
        "simulation": 1,
        "composite_type": 6,
        "_result_number": 189520,
        "_composite_type_number": 997332.0,
        "name": "Framing",
        "area": 0.23,
        "r_value": 6.615,
        "layer_1_r_value": 0.68,
        "layer_2_r_value": 0.45,
        "layer_3_r_value": 0.0,
        "layer_4_r_value": 4.375,
        "layer_5_r_value": 0.0,
        "layer_6_r_value": 0.94,
        "layer_7_r_value": 0.0,
        "layer_8_r_value": 0.17
    }
},
{
    "model": "remrate_data.heatpath",
    "pk": 33,
    "fields": {
        "simulation": 1,
        "composite_type": 6,
        "_result_number": 189520,
        "_composite_type_number": 997332.0,
        "name": "Grade",
        "area": 0.05,
        "r_value": 3.27,
        "layer_1_r_value": 0.68,
        "layer_2_r_value": 0.45,
        "layer_3_r_value": 0.0,
        "layer_4_r_value": 1.03,
        "layer_5_r_value": 0.0,
        "layer_6_r_value": 0.94,
        "layer_7_r_value": 0.0,
        "layer_8_r_value": 0.17
    }
},
{
    "model": "remrate_data.heatpath",
    "pk": 34,
    "fields": {
        "simulation": 1,
        "composite_type": 6,
        "_result_number": 189520,
        "_composite_type_number": 997332.0,
        "name": "",
        "area": 0.0,
        "r_value": 0.0,
        "layer_1_r_value": 0.0,
        "layer_2_r_value": 0.0,
        "layer_3_r_value": 0.0,
        "layer_4_r_value": 0.0,
        "layer_5_r_value": 0.0,
        "layer_6_r_value": 0.0,
        "layer_7_r_value": 0.0,
        "layer_8_r_value": 0.0
    }
},
{
    "model": "remrate_data.heatpath",
    "pk": 35,
    "fields": {
        "simulation": 1,
        "composite_type": 6,
        "_result_number": 189520,
        "_composite_type_number": 997332.0,
        "name": "",
        "area": 0.0,
        "r_value": 0.0,
        "layer_1_r_value": 0.0,
        "layer_2_r_value": 0.0,
        "layer_3_r_value": 0.0,
        "layer_4_r_value": 0.0,
        "layer_5_r_value": 0.0,
        "layer_6_r_value": 0.0,
        "layer_7_r_value": 0.0,
        "layer_8_r_value": 0.0
    }
},
{
    "model": "remrate_data.heatpath",
    "pk": 36,
    "fields": {
        "simulation": 1,
        "composite_type": 6,
        "_result_number": 189520,
        "_composite_type_number": 997332.0,
        "name": "",
        "area": 0.0,
        "r_value": 0.0,
        "layer_1_r_value": 0.0,
        "layer_2_r_value": 0.0,
        "layer_3_r_value": 0.0,
        "layer_4_r_value": 0.0,
        "layer_5_r_value": 0.0,
        "layer_6_r_value": 0.0,
        "layer_7_r_value": 0.0,
        "layer_8_r_value": 0.0
    }
},
{
    "model": "remrate_data.heatpath",
    "pk": 37,
    "fields": {
        "simulation": 1,
        "composite_type": 7,
        "_result_number": 189520,
        "_composite_type_number": 997333.0,
        "name": "SIP",
        "area": 1.0,
        "r_value": 56.469997,
        "layer_1_r_value": 0.68,
        "layer_2_r_value": 0.45,
        "layer_3_r_value": 1.03,
        "layer_4_r_value": 53.200001,
        "layer_5_r_value": 0.94,
        "layer_6_r_value": 0.0,
        "layer_7_r_value": 0.0,
        "layer_8_r_value": 0.17
    }
},
{
    "model": "remrate_data.heatpath",
    "pk": 38,
    "fields": {
        "simulation": 1,
        "composite_type": 7,
        "_result_number": 189520,
        "_composite_type_number": 997333.0,
        "name": "",
        "area": 0.0,
        "r_value": 0.0,
        "layer_1_r_value": 0.0,
        "layer_2_r_value": 0.0,
        "layer_3_r_value": 0.0,
        "layer_4_r_value": 0.0,
        "layer_5_r_value": 0.0,
        "layer_6_r_value": 0.0,
        "layer_7_r_value": 0.0,
        "layer_8_r_value": 0.0
    }
},
{
    "model": "remrate_data.heatpath",
    "pk": 39,
    "fields": {
        "simulation": 1,
        "composite_type": 7,
        "_result_number": 189520,
        "_composite_type_number": 997333.0,
        "name": "",
        "area": 0.0,
        "r_value": 0.0,
        "layer_1_r_value": 0.0,
        "layer_2_r_value": 0.0,
        "layer_3_r_value": 0.0,
        "layer_4_r_value": 0.0,
        "layer_5_r_value": 0.0,
        "layer_6_r_value": 0.0,
        "layer_7_r_value": 0.0,
        "layer_8_r_value": 0.0
    }
},
{
    "model": "remrate_data.heatpath",
    "pk": 40,
    "fields": {
        "simulation": 1,
        "composite_type": 7,
        "_result_number": 189520,
        "_composite_type_number": 997333.0,
        "name": "",
        "area": 0.0,
        "r_value": 0.0,
        "layer_1_r_value": 0.0,
        "layer_2_r_value": 0.0,
        "layer_3_r_value": 0.0,
        "layer_4_r_value": 0.0,
        "layer_5_r_value": 0.0,
        "layer_6_r_value": 0.0,
        "layer_7_r_value": 0.0,
        "layer_8_r_value": 0.0
    }
},
{
    "model": "remrate_data.heatpath",
    "pk": 41,
    "fields": {
        "simulation": 1,
        "composite_type": 7,
        "_result_number": 189520,
        "_composite_type_number": 997333.0,
        "name": "",
        "area": 0.0,
        "r_value": 0.0,
        "layer_1_r_value": 0.0,
        "layer_2_r_value": 0.0,
        "layer_3_r_value": 0.0,
        "layer_4_r_value": 0.0,
        "layer_5_r_value": 0.0,
        "layer_6_r_value": 0.0,
        "layer_7_r_value": 0.0,
        "layer_8_r_value": 0.0
    }
},
{
    "model": "remrate_data.heatpath",
    "pk": 42,
    "fields": {
        "simulation": 1,
        "composite_type": 7,
        "_result_number": 189520,
        "_composite_type_number": 997333.0,
        "name": "",
        "area": 0.0,
        "r_value": 0.0,
        "layer_1_r_value": 0.0,
        "layer_2_r_value": 0.0,
        "layer_3_r_value": 0.0,
        "layer_4_r_value": 0.0,
        "layer_5_r_value": 0.0,
        "layer_6_r_value": 0.0,
        "layer_7_r_value": 0.0,
        "layer_8_r_value": 0.0
    }
},
{
    "model": "remrate_data.heatpath",
    "pk": 43,
    "fields": {
        "simulation": 1,
        "composite_type": 8,
        "_result_number": 189520,
        "_composite_type_number": 997334.0,
        "name": "Cavity",
        "area": 0.82,
        "r_value": 33.425003,
        "layer_1_r_value": 0.92,
        "layer_2_r_value": 1.23,
        "layer_3_r_value": 0.82,
        "layer_4_r_value": 30.0,
        "layer_5_r_value": 0.0,
        "layer_6_r_value": 0.0,
        "layer_7_r_value": 0.0,
        "layer_8_r_value": 0.455
    }
},
{
    "model": "remrate_data.heatpath",
    "pk": 44,
    "fields": {
        "simulation": 1,
        "composite_type": 8,
        "_result_number": 189520,
        "_composite_type_number": 997334.0,
        "name": "Framing",
        "area": 0.13,
        "r_value": 15.925,
        "layer_1_r_value": 0.92,
        "layer_2_r_value": 1.23,
        "layer_3_r_value": 0.82,
        "layer_4_r_value": 0.0,
        "layer_5_r_value": 0.0,
        "layer_6_r_value": 12.5,
        "layer_7_r_value": 0.0,
        "layer_8_r_value": 0.455
    }
},
{
    "model": "remrate_data.heatpath",
    "pk": 45,
    "fields": {
        "simulation": 1,
        "composite_type": 8,
        "_result_number": 189520,
        "_composite_type_number": 997334.0,
        "name": "Grade",
        "area": 0.05,
        "r_value": 3.425,
        "layer_1_r_value": 0.92,
        "layer_2_r_value": 1.23,
        "layer_3_r_value": 0.82,
        "layer_4_r_value": 0.0,
        "layer_5_r_value": 0.0,
        "layer_6_r_value": 0.0,
        "layer_7_r_value": 0.0,
        "layer_8_r_value": 0.455
    }
},
{
    "model": "remrate_data.heatpath",
    "pk": 46,
    "fields": {
        "simulation": 1,
        "composite_type": 8,
        "_result_number": 189520,
        "_composite_type_number": 997334.0,
        "name": "",
        "area": 0.0,
        "r_value": 0.0,
        "layer_1_r_value": 0.0,
        "layer_2_r_value": 0.0,
        "layer_3_r_value": 0.0,
        "layer_4_r_value": 0.0,
        "layer_5_r_value": 0.0,
        "layer_6_r_value": 0.0,
        "layer_7_r_value": 0.0,
        "layer_8_r_value": 0.0
    }
},
{
    "model": "remrate_data.heatpath",
    "pk": 47,
    "fields": {
        "simulation": 1,
        "composite_type": 8,
        "_result_number": 189520,
        "_composite_type_number": 997334.0,
        "name": "",
        "area": 0.0,
        "r_value": 0.0,
        "layer_1_r_value": 0.0,
        "layer_2_r_value": 0.0,
        "layer_3_r_value": 0.0,
        "layer_4_r_value": 0.0,
        "layer_5_r_value": 0.0,
        "layer_6_r_value": 0.0,
        "layer_7_r_value": 0.0,
        "layer_8_r_value": 0.0
    }
},
{
    "model": "remrate_data.heatpath",
    "pk": 48,
    "fields": {
        "simulation": 1,
        "composite_type": 8,
        "_result_number": 189520,
        "_composite_type_number": 997334.0,
        "name": "",
        "area": 0.0,
        "r_value": 0.0,
        "layer_1_r_value": 0.0,
        "layer_2_r_value": 0.0,
        "layer_3_r_value": 0.0,
        "layer_4_r_value": 0.0,
        "layer_5_r_value": 0.0,
        "layer_6_r_value": 0.0,
        "layer_7_r_value": 0.0,
        "layer_8_r_value": 0.0
    }
},
{
    "model": "remrate_data.heatpath",
    "pk": 49,
    "fields": {
        "simulation": 1,
        "composite_type": 9,
        "_result_number": 189520,
        "_composite_type_number": 997335.0,
        "name": "Cavity",
        "area": 0.8304,
        "r_value": 3.425,
        "layer_1_r_value": 0.92,
        "layer_2_r_value": 1.23,
        "layer_3_r_value": 0.82,
        "layer_4_r_value": 0.0,
        "layer_5_r_value": 0.0,
        "layer_6_r_value": 0.0,
        "layer_7_r_value": 0.0,
        "layer_8_r_value": 0.455
    }
},
{
    "model": "remrate_data.heatpath",
    "pk": 50,
    "fields": {
        "simulation": 1,
        "composite_type": 9,
        "_result_number": 189520,
        "_composite_type_number": 997335.0,
        "name": "Framing",
        "area": 0.1196,
        "r_value": 3.425,
        "layer_1_r_value": 0.92,
        "layer_2_r_value": 1.23,
        "layer_3_r_value": 0.82,
        "layer_4_r_value": 0.0,
        "layer_5_r_value": 0.0,
        "layer_6_r_value": 0.0,
        "layer_7_r_value": 0.0,
        "layer_8_r_value": 0.455
    }
},
{
    "model": "remrate_data.heatpath",
    "pk": 51,
    "fields": {
        "simulation": 1,
        "composite_type": 9,
        "_result_number": 189520,
        "_composite_type_number": 997335.0,
        "name": "Grade",
        "area": 0.05,
        "r_value": 3.425,
        "layer_1_r_value": 0.92,
        "layer_2_r_value": 1.23,
        "layer_3_r_value": 0.82,
        "layer_4_r_value": 0.0,
        "layer_5_r_value": 0.0,
        "layer_6_r_value": 0.0,
        "layer_7_r_value": 0.0,
        "layer_8_r_value": 0.455
    }
},
{
    "model": "remrate_data.heatpath",
    "pk": 52,
    "fields": {
        "simulation": 1,
        "composite_type": 9,
        "_result_number": 189520,
        "_composite_type_number": 997335.0,
        "name": "",
        "area": 0.0,
        "r_value": 0.0,
        "layer_1_r_value": 0.0,
        "layer_2_r_value": 0.0,
        "layer_3_r_value": 0.0,
        "layer_4_r_value": 0.0,
        "layer_5_r_value": 0.0,
        "layer_6_r_value": 0.0,
        "layer_7_r_value": 0.0,
        "layer_8_r_value": 0.0
    }
},
{
    "model": "remrate_data.heatpath",
    "pk": 53,
    "fields": {
        "simulation": 1,
        "composite_type": 9,
        "_result_number": 189520,
        "_composite_type_number": 997335.0,
        "name": "",
        "area": 0.0,
        "r_value": 0.0,
        "layer_1_r_value": 0.0,
        "layer_2_r_value": 0.0,
        "layer_3_r_value": 0.0,
        "layer_4_r_value": 0.0,
        "layer_5_r_value": 0.0,
        "layer_6_r_value": 0.0,
        "layer_7_r_value": 0.0,
        "layer_8_r_value": 0.0
    }
},
{
    "model": "remrate_data.heatpath",
    "pk": 54,
    "fields": {
        "simulation": 1,
        "composite_type": 9,
        "_result_number": 189520,
        "_composite_type_number": 997335.0,
        "name": "",
        "area": 0.0,
        "r_value": 0.0,
        "layer_1_r_value": 0.0,
        "layer_2_r_value": 0.0,
        "layer_3_r_value": 0.0,
        "layer_4_r_value": 0.0,
        "layer_5_r_value": 0.0,
        "layer_6_r_value": 0.0,
        "layer_7_r_value": 0.0,
        "layer_8_r_value": 0.0
    }
},
{
    "model": "remrate_data.heatpath",
    "pk": 55,
    "fields": {
        "simulation": 1,
        "composite_type": 10,
        "_result_number": 189520,
        "_composite_type_number": 997336.0,
        "name": "Cavity",
        "area": 0.82,
        "r_value": 28.8901,
        "layer_1_r_value": 0.9201,
        "layer_2_r_value": 1.23,
        "layer_3_r_value": 0.82,
        "layer_4_r_value": 25.0,
        "layer_5_r_value": 0.0,
        "layer_6_r_value": 0.0,
        "layer_7_r_value": 0.0,
        "layer_8_r_value": 0.92
    }
},
{
    "model": "remrate_data.heatpath",
    "pk": 56,
    "fields": {
        "simulation": 1,
        "composite_type": 10,
        "_result_number": 189520,
        "_composite_type_number": 997336.0,
        "name": "Framing",
        "area": 0.13,
        "r_value": 14.515,
        "layer_1_r_value": 0.92,
        "layer_2_r_value": 1.23,
        "layer_3_r_value": 0.82,
        "layer_4_r_value": 0.0,
        "layer_5_r_value": 0.0,
        "layer_6_r_value": 10.625,
        "layer_7_r_value": 0.0,
        "layer_8_r_value": 0.92
    }
},
{
    "model": "remrate_data.heatpath",
    "pk": 57,
    "fields": {
        "simulation": 1,
        "composite_type": 10,
        "_result_number": 189520,
        "_composite_type_number": 997336.0,
        "name": "Grade",
        "area": 0.05,
        "r_value": 3.89,
        "layer_1_r_value": 0.92,
        "layer_2_r_value": 1.23,
        "layer_3_r_value": 0.82,
        "layer_4_r_value": 0.0,
        "layer_5_r_value": 0.0,
        "layer_6_r_value": 0.0,
        "layer_7_r_value": 0.0,
        "layer_8_r_value": 0.92
    }
},
{
    "model": "remrate_data.heatpath",
    "pk": 58,
    "fields": {
        "simulation": 1,
        "composite_type": 10,
        "_result_number": 189520,
        "_composite_type_number": 997336.0,
        "name": "",
        "area": 0.0,
        "r_value": 0.0,
        "layer_1_r_value": 0.0,
        "layer_2_r_value": 0.0,
        "layer_3_r_value": 0.0,
        "layer_4_r_value": 0.0,
        "layer_5_r_value": 0.0,
        "layer_6_r_value": 0.0,
        "layer_7_r_value": 0.0,
        "layer_8_r_value": 0.0
    }
},
{
    "model": "remrate_data.heatpath",
    "pk": 59,
    "fields": {
        "simulation": 1,
        "composite_type": 10,
        "_result_number": 189520,
        "_composite_type_number": 997336.0,
        "name": "",
        "area": 0.0,
        "r_value": 0.0,
        "layer_1_r_value": 0.0,
        "layer_2_r_value": 0.0,
        "layer_3_r_value": 0.0,
        "layer_4_r_value": 0.0,
        "layer_5_r_value": 0.0,
        "layer_6_r_value": 0.0,
        "layer_7_r_value": 0.0,
        "layer_8_r_value": 0.0
    }
},
{
    "model": "remrate_data.heatpath",
    "pk": 60,
    "fields": {
        "simulation": 1,
        "composite_type": 10,
        "_result_number": 189520,
        "_composite_type_number": 997336.0,
        "name": "",
        "area": 0.0,
        "r_value": 0.0,
        "layer_1_r_value": 0.0,
        "layer_2_r_value": 0.0,
        "layer_3_r_value": 0.0,
        "layer_4_r_value": 0.0,
        "layer_5_r_value": 0.0,
        "layer_6_r_value": 0.0,
        "layer_7_r_value": 0.0,
        "layer_8_r_value": 0.0
    }
},
{
    "model": "remrate_data.heater",
    "pk": 1,
    "fields": {
        "simulation": 1,
        "_result_number": 189520,
        "_source_heater_number": 158437.0,
        "name": "80AFUE Gas Furn 48k",
        "type": 1,
        "fuel_type": 1,
        "output_capacity": 48.0,
        "efficiency": 80.0,
        "efficiency_unit": 1,
        "is_desuperheater": false,
        "fan_control_type": 1,
        "fan_defaults": true,
        "fan_high_speed": 0.0,
        "fan_low_speed": 0.0,
        "note": "",
        "auxiliary_electric": 611.0,
        "auxiliary_electric_type": 1,
        "auxiliary_defaults": true,
        "fan_power": 0.0,
        "pump_energy": 0.0,
        "pump_energy_units": 1,
        "rated_output_capacity_17f": 0.0
    }
},
{
    "model": "remrate_data.heater",
    "pk": 2,
    "fields": {
        "simulation": 1,
        "_result_number": 189520,
        "_source_heater_number": 158438.0,
        "name": "80AFUE Gas Furn 32k",
        "type": 6,
        "fuel_type": 1,
        "output_capacity": 32.0,
        "efficiency": 30.0,
        "efficiency_unit": 1,
        "is_desuperheater": true,
        "fan_control_type": 1,
        "fan_defaults": true,
        "fan_high_speed": 0.0,
        "fan_low_speed": 0.0,
        "note": "Notes",
        "auxiliary_electric": 0.0,
        "auxiliary_electric_type": 1,
        "auxiliary_defaults": false,
        "fan_power": 10.0,
        "pump_energy": 0.0,
        "pump_energy_units": 1,
        "rated_output_capacity_17f": 30.0
    }
},
{
    "model": "remrate_data.hers",
    "pk": 1,
    "fields": {
        "simulation": 1,
        "_result_number": 189520,
        "rating_number": "XYZ-REM15p8",
        "score": -999.0,
        "total_cost": 1398.020264,
        "stars": 0.0,
        "reference_heating_consumption": 0.0,
        "reference_cooling_consumption": 0.0,
        "reference_hot_water_consumption": 0.0,
        "reference_lights_appliance_consumption": 0.0,
        "reference_photo_voltaic_consumption": 0.0,
        "reference_total_consumption": 0.0,
        "designed_heating_consumption": 0.0,
        "designed_cooling_consumption": 0.0,
        "designed_hot_water_consumption": 0.0,
        "designed_lights_appliance_consumption": 0.0,
        "designed_photo_voltaic_consumption": 0.0,
        "designed_total_consumption": 0.0,
        "ny_score": 0.0,
        "passes_2005_epact_tax_credit": false,
        "hers_130_savings": 0.0,
        "worst_case_orientation": null
    }
},
{
    "model": "remrate_data.hotwaterdistribution",
    "pk": 1,
    "fields": {
        "simulation": 1,
        "_result_number": 189520,
        "_source_hot_water_distribution_number": 89990,
        "rating_number": "XYZ-REM15p8",
        "fix_low_flow": true,
        "hot_water_pipe_insulation": true,
        "recirculation_type": 3,
        "max_fix_distribution": 89.0,
        "max_supply_return_distribution": 100.0,
        "hot_water_pipe_length": 89.0,
        "hot_water_pipe_recirculation_length": 100.0,
        "hot_water_recirculation_pump_power": 50.0,
        "has_recirculation_pump": true,
        "hot_water_recirculation_pump_efficiency": 89.199997,
        "hot_water_recirculation_pre_heat_cold": true,
        "hot_water_recirculation_pre_heat_hot": true,
        "number_shower_heads": 2,
        "number_recirculation_shower_heads": 1,
        "flow_control_efficiency": 0,
        "number_homes_served": null
    }
},
{
    "model": "remrate_data.hotwaterheater",
    "pk": 1,
    "fields": {
        "simulation": 1,
        "_result_number": 189520,
        "_source_hot_water_heater_number": 182984.0,
        "name": "40 gal. 0.56EF Gas",
        "type": 1,
        "fuel_type": 1,
        "tank_size": 40.0,
        "extra_tank_insulation_r_value": 0.0,
        "energy_factor": 0.56,
        "recovery_efficiency": 0.76,
        "note": ""
    }
},
{
    "model": "remrate_data.iecc",
    "pk": 1,
    "fields": {
        "simulation": 1,
        "_result_number": 189520,
        "rating_number": "XYZ-REM15p8",
        "iecc98_reference_heating_consumption": 20.212973,
        "iecc98_reference_cooling_consumption": 12.784511,
        "iecc98_reference_hot_water_consumption": 29.558596,
        "iecc98_reference_lights_appliance_consumption": 26.080105,
        "iecc98_reference_photo_voltaic_consumption": 0.0,
        "iecc98_reference_total_consumption": 88.636185,
        "iecc98_designed_heating_consumption": 67.464912,
        "iecc98_designed_cooling_consumption": 11.26205,
        "iecc98_designed_hot_water_consumption": 0.915278,
        "iecc98_designed_lights_appliance_consumption": 29.069893,
        "iecc98_designed_photo_voltaic_consumption": -0.092787,
        "iecc98_designed_total_consumption": 108.619339,
        "meets_iecc98_consumption_compliance": false,
        "iecc98_reference_overall_u0": 0.078729,
        "iecc98_designed_overall_u0": 0.100258,
        "passes_iecc98_ducts_overall_u0": false,
        "passes_iecc98_overall_u0": false,
        "iecc00_reference_heating_consumption": 20.212973,
        "iecc00_reference_cooling_consumption": 12.784511,
        "iecc00_reference_hot_water_consumption": 29.558596,
        "iecc00_reference_lights_appliance_consumption": 26.080105,
        "iecc00_reference_photo_voltaic_consumption": 0.0,
        "iecc00_reference_total_consumption": 88.636185,
        "iecc00_designed_heating_consumption": 67.464912,
        "iecc00_designed_cooling_consumption": 11.26205,
        "iecc00_designed_hot_water_consumption": 0.915278,
        "iecc00_designed_lights_appliance_consumption": 29.069893,
        "iecc00_designed_photo_voltaic_consumption": -0.092787,
        "iecc00_designed_total_consumption": 108.619339,
        "meets_iecc00_consumption_compliance": false,
        "iecc00_reference_overall_u0": 0.078729,
        "iecc00_designed_overall_u0": 0.100258,
        "passes_iecc00_ducts_overall_u0": false,
        "passes_iecc00_overall_u0": false,
        "iecc01_reference_heating_consumption": 20.212973,
        "iecc01_reference_cooling_consumption": 12.784511,
        "iecc01_reference_hot_water_consumption": 29.558596,
        "iecc01_reference_lights_appliance_consumption": 26.080105,
        "iecc01_reference_photo_voltaic_consumption": 0.0,
        "iecc01_reference_total_consumption": 88.636185,
        "iecc01_designed_heating_consumption": 67.464912,
        "iecc01_designed_cooling_consumption": 11.26205,
        "iecc01_designed_hot_water_consumption": 0.915278,
        "iecc01_designed_lights_appliance_consumption": 29.069893,
        "iecc01_designed_photo_voltaic_consumption": -0.092787,
        "iecc01_designed_total_consumption": 108.619339,
        "meets_iecc01_consumption_compliance": false,
        "iecc01_reference_overall_u0": 0.078729,
        "iecc01_designed_overall_u0": 0.100258,
        "passes_iecc01_ducts_overall_u0": false,
        "passes_iecc01_overall_u0": false,
        "iecc03_reference_heating_consumption": 20.212973,
        "iecc03_reference_cooling_consumption": 12.784511,
        "iecc03_reference_hot_water_consumption": 29.558596,
        "iecc03_reference_lights_appliance_consumption": 26.080105,
        "iecc03_reference_photo_voltaic_consumption": 0.0,
        "iecc03_reference_total_consumption": 88.636185,
        "iecc03_designed_heating_consumption": 67.464912,
        "iecc03_designed_cooling_consumption": 11.26205,
        "iecc03_designed_hot_water_consumption": 0.915278,
        "iecc03_designed_lights_appliance_consumption": 29.069893,
        "iecc03_designed_photo_voltaic_consumption": -0.092787,
        "iecc03_designed_total_consumption": 108.619339,
        "passes_iecc03_consumption_compliance": false,
        "iecc03_reference_overall_u0": 0.078729,
        "iecc03_designed_overall_u0": 0.100258,
        "passes_iecc03_ducts_overall_u0": false,
        "passes_iecc03_overall_u0": false,
        "iecc04_reference_heating_cost": 228.815048,
        "iecc04_reference_cooling_cost": 180.984253,
        "iecc04_reference_hot_water_cost": 89.006973,
        "iecc04_reference_lights_appliance_cost": 543.659424,
        "iecc04_reference_photo_voltaic_cost": 0.0,
        "iecc04_reference_service_cost": 150.0,
        "iecc04_reference_total_cost": 1192.465698,
        "iecc04_designed_heating_cost": 453.873779,
        "iecc04_designed_cooling_cost": 266.678406,
        "iecc04_designed_hot_water_cost": 4.631069,
        "iecc04_designed_lights_appliance_cost": 587.388245,
        "iecc04_designed_photo_voltaic_cost": -1.874858,
        "iecc04_designed_service_cost": 150.0,
        "iecc04_designed_total_cost": 1460.696655,
        "passes_iecc04_consumption_compliance": false,
        "iecc04_reference_overall_u0": 303.238586,
        "iecc04_designed_overall_u0": 582.561401,
        "passes_iecc04_ducts_overall_u0": false,
        "passes_iecc04_overall_ua_compliance": false,
        "passes_iecc04_code": false,
        "iecc06_reference_heating_cost": 201.131393,
        "iecc06_reference_cooling_cost": 127.354652,
        "iecc06_reference_hot_water_cost": 89.006973,
        "iecc06_reference_lights_appliance_cost": 545.289917,
        "iecc06_reference_photo_voltaic_cost": 0.0,
        "iecc06_reference_service_cost": 150.0,
        "iecc06_reference_total_cost": 1112.782959,
        "iecc06_designed_heating_cost": 453.873779,
        "iecc06_designed_cooling_cost": 266.678406,
        "iecc06_designed_hot_water_cost": 4.631069,
        "iecc06_designed_lights_appliance_cost": 587.388245,
        "iecc06_designed_photo_voltaic_cost": -1.874858,
        "iecc06_designed_service_cost": 150.0,
        "iecc06_designed_total_cost": 1460.696655,
        "passes_iecc06_consumption_compliance": false,
        "iecc06_reference_overall_u0": 303.238586,
        "iecc06_designed_overall_u0": 582.561401,
        "passes_iecc06_ducts_overall_u0": false,
        "passes_iecc06_overall_ua_compliance": false,
        "passes_iecc06_code": false,
        "iecc09_reference_heating_cost": 261.480072,
        "iecc09_reference_cooling_cost": 146.249847,
        "iecc09_reference_hot_water_cost": 88.476585,
        "iecc09_reference_lights_appliance_cost": 544.114746,
        "iecc09_reference_photo_voltaic_cost": 0.0,
        "iecc09_reference_service_cost": 150.0,
        "iecc09_reference_total_cost": 1190.321289,
        "iecc09_designed_heating_cost": 503.556213,
        "iecc09_designed_cooling_cost": 292.458435,
        "iecc09_designed_hot_water_cost": 3.634339,
        "iecc09_designed_lights_appliance_cost": 585.886475,
        "iecc09_designed_photo_voltaic_cost": -1.870065,
        "iecc09_designed_service_cost": 150.0,
        "iecc09_designed_total_cost": 1533.665283,
        "passes_iecc09_consumption_compliance": false,
        "iecc09_reference_overall_u0": 299.504791,
        "iecc09_designed_overall_u0": 582.561401,
        "passes_iecc09_ducts_overall_u0": false,
        "passes_iecc09_overall_ua_compliance": false,
        "passes_iecc09_code": false,
        "iecc12_reference_heating_cost": 243.760925,
        "iecc12_reference_cooling_cost": 114.8722,
        "iecc12_reference_hot_water_cost": 88.205055,
        "iecc12_reference_lights_appliance_cost": 467.582977,
        "iecc12_reference_photo_voltaic_cost": 0.0,
        "iecc12_reference_service_cost": 150.0,
        "iecc12_reference_total_cost": 1064.421143,
        "iecc12_designed_heating_cost": 537.199585,
        "iecc12_designed_cooling_cost": 275.087311,
        "iecc12_designed_hot_water_cost": 3.495671,
        "iecc12_designed_lights_appliance_cost": 471.335052,
        "iecc12_designed_photo_voltaic_cost": -1.881888,
        "iecc12_designed_service_cost": 150.0,
        "iecc12_designed_total_cost": 1435.235718,
        "passes_iecc12_consumption_compliance": false,
        "iecc12_reference_overall_u0": 274.922699,
        "iecc12_designed_overall_u0": 582.561401,
        "passes_iecc12_ducts_overall_u0": false,
        "passes_iecc12_overall_ua_compliance": false,
        "passes_iecc12_code": false,
        "iecc15_reference_heating_cost": 247.573242,
        "iecc15_reference_cooling_cost": 115.449463,
        "iecc15_reference_hot_water_cost": 88.198799,
        "iecc15_reference_lights_appliance_cost": 467.502838,
        "iecc15_reference_photo_voltaic_cost": 0.0,
        "iecc15_reference_service_cost": 150.0,
        "iecc15_reference_total_cost": 1068.724365,
        "iecc15_designed_heating_cost": 537.199585,
        "iecc15_designed_cooling_cost": 275.087311,
        "iecc15_designed_hot_water_cost": 3.495671,
        "iecc15_designed_lights_appliance_cost": 471.335052,
        "iecc15_designed_photo_voltaic_cost": -1.881888,
        "iecc15_designed_service_cost": 150.0,
        "iecc15_designed_total_cost": 1435.235718,
        "passes_iecc15_consumption_compliance": false,
        "iecc15_reference_overall_u0": 278.656494,
        "iecc15_designed_overall_u0": 582.561401,
        "passes_iecc15_ducts_overall_u0": false,
        "passes_iecc15_overall_ua_compliance": false,
        "passes_iecc15_code": false,
        "iecc18_reference_heating_cost": 247.2637481689453,
        "iecc18_reference_cooling_cost": 115.46672821044922,
        "iecc18_reference_hot_water_cost": 88.19940185546875,
        "iecc18_reference_lights_appliance_cost": 462.12969970703125,
        "iecc18_reference_photo_voltaic_cost": 0.0,
        "iecc18_reference_service_cost": 150.0,
        "iecc18_reference_total_cost": 1063.0595703125,
        "iecc18_designed_heating_cost": 537.1995849609375,
        "iecc18_designed_cooling_cost": 275.0873107910156,
        "iecc18_designed_hot_water_cost": 3.495671033859253,
        "iecc18_designed_lights_appliance_cost": 471.3350524902344,
        "iecc18_designed_photo_voltaic_cost": -1.8818880319595337,
        "iecc18_designed_service_cost": 150.0,
        "iecc18_designed_total_cost": 1435.2357177734375,
        "passes_iecc18_consumption_compliance": false,
        "iecc18_reference_overall_u0": 278.23651123046875,
        "iecc18_designed_overall_u0": 582.5614013671875,
        "passes_iecc18_ducts_overall_u0": false,
        "passes_iecc18_overall_ua_compliance": false,
        "passes_iecc18_code": false,
        "iecc18_reference_mv_cost": null,
        "iecc18_design_mv_cost": null
    }
},
{
    "model": "remrate_data.infiltration",
    "pk": 1,
    "fields": {
        "simulation": 1,
        "building": 1,
        "_result_number": 189520,
        "_building_number": 184541,
        "_source_infiltration_number": 0,
        "testing_type": 6,
        "heating_value": 7.1,
        "cooling_value": 7.1,
        "units": 3,
        "mechanical_vent_type": 1,
        "mechanical_vent_cfm": 100.0,
        "sensible_recovery_efficiency": 8.0,
        "hours_per_day": 24,
        "mechanical_vent_power": 100.0,
        "rating_number": "XYZ-REM15p8",
        "total_recovery_efficiency": 9.0,
        "verification_type": 2.0,
        "shelter_class": 4,
        "cooling_type": 1,
        "ecm_fan_motor": 1,
        "annual_filtration": 7.099999904632568,
        "field_tested_value": 7.0,
        "multi_family_good_air_exchange": 0,
        "no_mechanical_vent_measured": true,
        "use_fan_watts_defaults": true
    }
},
{
    "model": "remrate_data.installedequipment",
    "pk": 1,
    "fields": {
        "simulation": 1,
        "building": 1,
        "heater": 1,
        "ground_source_heat_pump": null,
        "dual_fuel_heat_pump": null,
        "air_conditioner": null,
        "hot_water_heater": null,
        "air_source_heat_pump": null,
        "integrated_space_water_heater": null,
        "dehumidifier": null,
        "shared_equipment": null,
        "_source_equipment_number": 450136,
        "_result_number": 189520,
        "_building_number": 184541,
        "_heater_number": 158437,
        "_ground_source_heat_pump_number": -1,
        "_dual_fuel_heat_pump_number": -1,
        "_air_conditioner_number": -1,
        "_hot_water_heater_number": -1,
        "_air_source_heat_pump_number": -1,
        "_integrated_space_water_heater_number": null,
        "_dehumidifier_number": null,
        "_shared_equipment_number": null,
        "system_type": 1,
        "performance_adjustment_pct": 100.0,
        "location": 1,
        "heating_load_served_pct": 30.658192,
        "air_conditioner_load_served_pct": 0.0,
        "hot_water_heater_load_served_pct": 0.0,
        "qty_installed": 1,
        "distribution_system_efficiency": null,
        "clothes_washer_load_served_pct": null,
        "dishwasher_load_served_pct": null,
        "dehumidifier_load_served_pct": null,
        "mechanical_ventilation_heating_load_served_pct": null,
        "mechanical_ventilation_cooling_load_served_pct": null,
        "hot_water_units_served": null,
        "preconditioned_shared_mechanical_ventilation": null
    }
},
{
    "model": "remrate_data.installedequipment",
    "pk": 2,
    "fields": {
        "simulation": 1,
        "building": 1,
        "heater": null,
        "ground_source_heat_pump": null,
        "dual_fuel_heat_pump": null,
        "air_conditioner": 1,
        "hot_water_heater": null,
        "air_source_heat_pump": null,
        "integrated_space_water_heater": null,
        "dehumidifier": null,
        "shared_equipment": null,
        "_source_equipment_number": 450137,
        "_result_number": 189520,
        "_building_number": 184541,
        "_heater_number": -1,
        "_ground_source_heat_pump_number": -1,
        "_dual_fuel_heat_pump_number": -1,
        "_air_conditioner_number": 76990,
        "_hot_water_heater_number": -1,
        "_air_source_heat_pump_number": -1,
        "_integrated_space_water_heater_number": null,
        "_dehumidifier_number": null,
        "_shared_equipment_number": null,
        "system_type": 2,
        "performance_adjustment_pct": 100.0,
        "location": 5,
        "heating_load_served_pct": 0.0,
        "air_conditioner_load_served_pct": 42.857143,
        "hot_water_heater_load_served_pct": 0.0,
        "qty_installed": 1,
        "distribution_system_efficiency": null,
        "clothes_washer_load_served_pct": null,
        "dishwasher_load_served_pct": null,
        "dehumidifier_load_served_pct": null,
        "mechanical_ventilation_heating_load_served_pct": null,
        "mechanical_ventilation_cooling_load_served_pct": null,
        "hot_water_units_served": null,
        "preconditioned_shared_mechanical_ventilation": null
    }
},
{
    "model": "remrate_data.installedequipment",
    "pk": 3,
    "fields": {
        "simulation": 1,
        "building": 1,
        "heater": null,
        "ground_source_heat_pump": null,
        "dual_fuel_heat_pump": null,
        "air_conditioner": null,
        "hot_water_heater": 1,
        "air_source_heat_pump": null,
        "integrated_space_water_heater": null,
        "dehumidifier": null,
        "shared_equipment": null,
        "_source_equipment_number": 450138,
        "_result_number": 189520,
        "_building_number": 184541,
        "_heater_number": -1,
        "_ground_source_heat_pump_number": -1,
        "_dual_fuel_heat_pump_number": -1,
        "_air_conditioner_number": -1,
        "_hot_water_heater_number": 182984,
        "_air_source_heat_pump_number": -1,
        "_integrated_space_water_heater_number": null,
        "_dehumidifier_number": null,
        "_shared_equipment_number": null,
        "system_type": 3,
        "performance_adjustment_pct": 100.0,
        "location": 1,
        "heating_load_served_pct": 0.0,
        "air_conditioner_load_served_pct": 0.0,
        "hot_water_heater_load_served_pct": 100.0,
        "qty_installed": 1,
        "distribution_system_efficiency": null,
        "clothes_washer_load_served_pct": null,
        "dishwasher_load_served_pct": null,
        "dehumidifier_load_served_pct": null,
        "mechanical_ventilation_heating_load_served_pct": null,
        "mechanical_ventilation_cooling_load_served_pct": null,
        "hot_water_units_served": null,
        "preconditioned_shared_mechanical_ventilation": null
    }
},
{
    "model": "remrate_data.installedequipment",
    "pk": 4,
    "fields": {
        "simulation": 1,
        "building": 1,
        "heater": null,
        "ground_source_heat_pump": 1,
        "dual_fuel_heat_pump": null,
        "air_conditioner": null,
        "hot_water_heater": null,
        "air_source_heat_pump": null,
        "integrated_space_water_heater": null,
        "dehumidifier": null,
        "shared_equipment": null,
        "_source_equipment_number": 450139,
        "_result_number": 189520,
        "_building_number": 184541,
        "_heater_number": -1,
        "_ground_source_heat_pump_number": 5940,
        "_dual_fuel_heat_pump_number": -1,
        "_air_conditioner_number": -1,
        "_hot_water_heater_number": -1,
        "_air_source_heat_pump_number": -1,
        "_integrated_space_water_heater_number": null,
        "_dehumidifier_number": null,
        "_shared_equipment_number": null,
        "system_type": 5,
        "performance_adjustment_pct": 100.0,
        "location": 1,
        "heating_load_served_pct": 7.345192,
        "air_conditioner_load_served_pct": 14.285714,
        "hot_water_heater_load_served_pct": 0.0,
        "qty_installed": 1,
        "distribution_system_efficiency": null,
        "clothes_washer_load_served_pct": null,
        "dishwasher_load_served_pct": null,
        "dehumidifier_load_served_pct": null,
        "mechanical_ventilation_heating_load_served_pct": null,
        "mechanical_ventilation_cooling_load_served_pct": null,
        "hot_water_units_served": null,
        "preconditioned_shared_mechanical_ventilation": null
    }
},
{
    "model": "remrate_data.installedequipment",
    "pk": 5,
    "fields": {
        "simulation": 1,
        "building": 1,
        "heater": null,
        "ground_source_heat_pump": null,
        "dual_fuel_heat_pump": null,
        "air_conditioner": null,
        "hot_water_heater": null,
        "air_source_heat_pump": 1,
        "integrated_space_water_heater": null,
        "dehumidifier": null,
        "shared_equipment": null,
        "_source_equipment_number": 450140,
        "_result_number": 189520,
        "_building_number": 184541,
        "_heater_number": -1,
        "_ground_source_heat_pump_number": -1,
        "_dual_fuel_heat_pump_number": -1,
        "_air_conditioner_number": -1,
        "_hot_water_heater_number": -1,
        "_air_source_heat_pump_number": 45214,
        "_integrated_space_water_heater_number": null,
        "_dehumidifier_number": null,
        "_shared_equipment_number": null,
        "system_type": 4,
        "performance_adjustment_pct": 100.0,
        "location": 1,
        "heating_load_served_pct": 22.396448,
        "air_conditioner_load_served_pct": 21.428572,
        "hot_water_heater_load_served_pct": 0.0,
        "qty_installed": 1,
        "distribution_system_efficiency": null,
        "clothes_washer_load_served_pct": null,
        "dishwasher_load_served_pct": null,
        "dehumidifier_load_served_pct": null,
        "mechanical_ventilation_heating_load_served_pct": null,
        "mechanical_ventilation_cooling_load_served_pct": null,
        "hot_water_units_served": null,
        "preconditioned_shared_mechanical_ventilation": null
    }
},
{
    "model": "remrate_data.installedequipment",
    "pk": 6,
    "fields": {
        "simulation": 1,
        "building": 1,
        "heater": null,
        "ground_source_heat_pump": null,
        "dual_fuel_heat_pump": 1,
        "air_conditioner": null,
        "hot_water_heater": null,
        "air_source_heat_pump": null,
        "integrated_space_water_heater": null,
        "dehumidifier": null,
        "shared_equipment": null,
        "_source_equipment_number": 450141,
        "_result_number": 189520,
        "_building_number": 184541,
        "_heater_number": -1,
        "_ground_source_heat_pump_number": -1,
        "_dual_fuel_heat_pump_number": 5505,
        "_air_conditioner_number": -1,
        "_hot_water_heater_number": -1,
        "_air_source_heat_pump_number": -1,
        "_integrated_space_water_heater_number": null,
        "_dehumidifier_number": null,
        "_shared_equipment_number": null,
        "system_type": 6,
        "performance_adjustment_pct": 100.0,
        "location": 1,
        "heating_load_served_pct": 19.161371,
        "air_conditioner_load_served_pct": 21.428572,
        "hot_water_heater_load_served_pct": 0.0,
        "qty_installed": 1,
        "distribution_system_efficiency": null,
        "clothes_washer_load_served_pct": null,
        "dishwasher_load_served_pct": null,
        "dehumidifier_load_served_pct": null,
        "mechanical_ventilation_heating_load_served_pct": null,
        "mechanical_ventilation_cooling_load_served_pct": null,
        "hot_water_units_served": null,
        "preconditioned_shared_mechanical_ventilation": null
    }
},
{
    "model": "remrate_data.installedequipment",
    "pk": 7,
    "fields": {
        "simulation": 1,
        "building": 1,
        "heater": 2,
        "ground_source_heat_pump": null,
        "dual_fuel_heat_pump": null,
        "air_conditioner": null,
        "hot_water_heater": null,
        "air_source_heat_pump": null,
        "integrated_space_water_heater": null,
        "dehumidifier": null,
        "shared_equipment": null,
        "_source_equipment_number": 450142,
        "_result_number": 189520,
        "_building_number": 184541,
        "_heater_number": 158438,
        "_ground_source_heat_pump_number": -1,
        "_dual_fuel_heat_pump_number": -1,
        "_air_conditioner_number": -1,
        "_hot_water_heater_number": -1,
        "_air_source_heat_pump_number": -1,
        "_integrated_space_water_heater_number": null,
        "_dehumidifier_number": null,
        "_shared_equipment_number": null,
        "system_type": 1,
        "performance_adjustment_pct": 100.0,
        "location": 1,
        "heating_load_served_pct": 20.438795,
        "air_conditioner_load_served_pct": 0.0,
        "hot_water_heater_load_served_pct": 0.0,
        "qty_installed": 1,
        "distribution_system_efficiency": null,
        "clothes_washer_load_served_pct": null,
        "dishwasher_load_served_pct": null,
        "dehumidifier_load_served_pct": null,
        "mechanical_ventilation_heating_load_served_pct": null,
        "mechanical_ventilation_cooling_load_served_pct": null,
        "hot_water_units_served": null,
        "preconditioned_shared_mechanical_ventilation": null
    }
},
{
    "model": "remrate_data.installedlightsandappliances",
    "pk": 1,
    "fields": {
        "simulation": 1,
        "building": 1,
        "_result_number": 189520,
        "_building_number": 184541,
        "name": "Rated - Int Ltg",
        "type": 1,
        "location": 1,
        "fuel_type": 4,
        "energy_use_rate": 1849.5,
        "energy_use_rate_unit": 4,
        "usage_amount": 1.0,
        "usage_amount_unit": 8,
        "quantity": 1,
        "efficiency": 3
    }
},
{
    "model": "remrate_data.installedlightsandappliances",
    "pk": 2,
    "fields": {
        "simulation": 1,
        "building": 1,
        "_result_number": 189520,
        "_building_number": 184541,
        "name": "Rated - Ext Ltg",
        "type": 1,
        "location": 5,
        "fuel_type": 4,
        "energy_use_rate": 205.5,
        "energy_use_rate_unit": 4,
        "usage_amount": 1.0,
        "usage_amount_unit": 8,
        "quantity": 1,
        "efficiency": 3
    }
},
{
    "model": "remrate_data.installedlightsandappliances",
    "pk": 3,
    "fields": {
        "simulation": 1,
        "building": 1,
        "_result_number": 189520,
        "_building_number": 184541,
        "name": "Rated - Refrigerator",
        "type": 3,
        "location": 1,
        "fuel_type": 4,
        "energy_use_rate": 775.0,
        "energy_use_rate_unit": 4,
        "usage_amount": 1.0,
        "usage_amount_unit": 8,
        "quantity": 1,
        "efficiency": 3
    }
},
{
    "model": "remrate_data.installedlightsandappliances",
    "pk": 4,
    "fields": {
        "simulation": 1,
        "building": 1,
        "_result_number": 189520,
        "_building_number": 184541,
        "name": "Rated - Dishwasher",
        "type": 5,
        "location": 1,
        "fuel_type": 4,
        "energy_use_rate": 0.587,
        "energy_use_rate_unit": 4,
        "usage_amount": 247.0,
        "usage_amount_unit": 8,
        "quantity": 1,
        "efficiency": 3
    }
},
{
    "model": "remrate_data.installedlightsandappliances",
    "pk": 5,
    "fields": {
        "simulation": 1,
        "building": 1,
        "_result_number": 189520,
        "_building_number": 184541,
        "name": "Rated - Dishwasher",
        "type": 5,
        "location": 1,
        "fuel_type": 98,
        "energy_use_rate": 7.347,
        "energy_use_rate_unit": 5,
        "usage_amount": 247.0,
        "usage_amount_unit": 8,
        "quantity": 1,
        "efficiency": 3
    }
},
{
    "model": "remrate_data.installedlightsandappliances",
    "pk": 6,
    "fields": {
        "simulation": 1,
        "building": 1,
        "_result_number": 189520,
        "_building_number": 184541,
        "name": "Rated - Ceiling Fan",
        "type": 14,
        "location": 1,
        "fuel_type": 4,
        "energy_use_rate": 42.613998,
        "energy_use_rate_unit": 2,
        "usage_amount": 168.0,
        "usage_amount_unit": 3,
        "quantity": 3,
        "efficiency": 3
    }
},
{
    "model": "remrate_data.installedlightsandappliances",
    "pk": 7,
    "fields": {
        "simulation": 1,
        "building": 1,
        "_result_number": 189520,
        "_building_number": 184541,
        "name": "Oven/Range",
        "type": 7,
        "location": 1,
        "fuel_type": 4,
        "energy_use_rate": 547.505005,
        "energy_use_rate_unit": 4,
        "usage_amount": 1.0,
        "usage_amount_unit": 8,
        "quantity": 1,
        "efficiency": 3
    }
},
{
    "model": "remrate_data.installedlightsandappliances",
    "pk": 8,
    "fields": {
        "simulation": 1,
        "building": 1,
        "_result_number": 189520,
        "_building_number": 184541,
        "name": "Clothes Dryer",
        "type": 9,
        "location": 1,
        "fuel_type": 4,
        "energy_use_rate": 900.007996,
        "energy_use_rate_unit": 4,
        "usage_amount": 1.0,
        "usage_amount_unit": 8,
        "quantity": 1,
        "efficiency": 3
    }
},
{
    "model": "remrate_data.installedlightsandappliances",
    "pk": 9,
    "fields": {
        "simulation": 1,
        "building": 1,
        "_result_number": 189520,
        "_building_number": 184541,
        "name": "Clothes Washer",
        "type": 8,
        "location": 1,
        "fuel_type": 4,
        "energy_use_rate": 90.000999,
        "energy_use_rate_unit": 4,
        "usage_amount": 1.0,
        "usage_amount_unit": 8,
        "quantity": 1,
        "efficiency": 3
    }
},
{
    "model": "remrate_data.installedlightsandappliances",
    "pk": 10,
    "fields": {
        "simulation": 1,
        "building": 1,
        "_result_number": 189520,
        "_building_number": 184541,
        "name": "Clothes Washer",
        "type": 8,
        "location": 1,
        "fuel_type": 98,
        "energy_use_rate": 8.249,
        "energy_use_rate_unit": 5,
        "usage_amount": 365.0,
        "usage_amount_unit": 8,
        "quantity": 1,
        "efficiency": 3
    }
},
{
    "model": "remrate_data.installedlightsandappliances",
    "pk": 11,
    "fields": {
        "simulation": 1,
        "building": 1,
        "_result_number": 189520,
        "_building_number": 184541,
        "name": "Shower",
        "type": 10,
        "location": 1,
        "fuel_type": 98,
        "energy_use_rate": 46.743,
        "energy_use_rate_unit": 5,
        "usage_amount": 365.0,
        "usage_amount_unit": 8,
        "quantity": 1,
        "efficiency": 3
    }
},
{
    "model": "remrate_data.installedlightsandappliances",
    "pk": 12,
    "fields": {
        "simulation": 1,
        "building": 1,
        "_result_number": 189520,
        "_building_number": 184541,
        "name": "Plug Loads",
        "type": 2,
        "location": 1,
        "fuel_type": 4,
        "energy_use_rate": 2871.169922,
        "energy_use_rate_unit": 4,
        "usage_amount": 1.0,
        "usage_amount_unit": 8,
        "quantity": 1,
        "efficiency": 3
    }
},
{
    "model": "remrate_data.joist",
    "pk": 1,
    "fields": {
        "simulation": 1,
        "building": 1,
        "_result_number": 189520,
        "_building_number": 184541,
        "name": "Rim, Cond",
        "area": 128.300003,
        "location": 201,
        "continuous_insulation_r_value": 0.0,
        "cavity_insulation_r_value": 11.0,
        "spacing": 16.0,
        "u_value": 0.086144,
        "insulation_thickness": 3.5,
        "rating_number": "XYZ-REM15p8",
        "insulation_grade": 3
    }
},
{
    "model": "remrate_data.lightsandappliance",
    "pk": 1,
    "fields": {
        "simulation": 1,
        "building": 1,
        "_result_number": 189520,
        "_building_number": 184541,
        "oven_fuel": 4,
        "rating_number": "XYZ-REM15p8",
        "default_loads": false,
        "refrigerator_kw_yr": 775.0,
        "dishwasher_energy_factor": 0.46,
        "dishwasher_location": null,
        "dishwasher_presets": null,
        "shared_hot_water_equipment_number_for_dishwasher": null,
        "dishwasher_electric_rate": null,
        "dishwasher_gas_rate": null,
        "dishwasher_gas_cost": null,
        "dishwasher_loads_per_week": null,
        "pct_florescent": 0.0,
        "ceiling_fan_cfm_watt": 70.400002,
        "ceiling_fan_count": null,
        "pct_interior_cfl": 9.8,
        "pct_exterior_cfl": 4.1,
        "pct_garage_cfl": 1.7,
        "pct_interior_led": 90.199997,
        "pct_exterior_led": 62.200001,
        "pct_garage_led": 8.3,
        "refrigerator_location": 1,
        "dishwasher_capacity": 12.0,
        "dishwasher_kw_yr": 0.0,
        "oven_induction": false,
        "oven_convection": true,
        "oven_location": null,
        "clothes_dryer_fuel": 4,
        "clothes_dryer_location": 1,
        "clothes_dryer_moisture_sensing": false,
        "clothes_dryer_energy_factor": 2.32,
        "clothes_dryer_modified_energy_factor": 0.331,
        "clothes_dryer_gas_energy_factor": 2.67,
        "dwelling_units_per_dryer": null,
        "clothes_washer_location": 1,
        "clothes_washer_label_energy_rating": 704.0,
        "clothes_washer_capacity": 2.874,
        "clothes_washer_electric_rate": 0.0803,
        "clothes_washer_gas_rate": 0.58,
        "clothes_washer_gas_cost": 23.0,
        "clothes_washer_efficiency": 1,
        "clothes_washer_presets": null,
        "dwelling_units_per_clothes_washer": null,
        "shared_hot_water_equipment_number_for_clothes_washer": null,
        "clothes_washer_iwf": null,
        "clothes_washer_loads_per_week": null
    }
},
{
    "model": "remrate_data.mandatoryrequirements",
    "pk": 1,
    "fields": {
        "simulation": 1,
        "building": 1,
        "_result_number": 189520,
        "_building_number": 184541,
        "verified_iecc04": false,
        "verified_iecc06": true,
        "verified_iecc09": true,
        "verified_energy_star_v2_thermal_bypass_checklist": true,
        "verified_energy_star_v2_products": true,
        "verified_energy_star_v3_thermal_enclosure_checklist": false,
        "verified_energy_star_v3_hvac_contractor_checklist": false,
        "verified_energy_star_v3_hvac_rater_checklist": false,
        "verified_energy_star_v3_water_management_checklist": false,
        "verified_energy_star_v3_indoor_air_plus": true,
        "verified_energy_star_v3_refrigerators": false,
        "verified_energy_star_v3_ceiling_fans": false,
        "verified_energy_star_v3_exhaust_fans": false,
        "verified_energy_star_v3_dishwashers": false,
        "energy_star_v3_refrigerators": 1,
        "energy_star_v3_ceiling_fans": 2,
        "energy_star_v3_exhaust_fans": 3,
        "energy_star_v3_dishwashers": 4,
        "rating_number": "XYZ-REM15p8",
        "verified_iecc10_ny": true,
        "energy_star_v3basement_qualifies_for_saf_exclusion": true,
        "energy_star_v3_basement_floor_area": 300.0,
        "energy_star_v3_basement_bedrooms": false,
        "verified_iecc12": true,
        "meets_florida_requirements": false,
        "energy_star_v3_slab_exempt": true,
        "verified_iecc15": true,
        "energy_star_version_to_qualify": "ENERGY STAR v1.1 MF",
        "verified_iecc18": false,
        "verified_iecc15_mi": true,
        "energy_star_mf_clothes_washer_no_ES_option": 1,
        "energy_star_mf_clothes_dryer_no_ES_option": 0,
        "energy_star_mf_uses_class_aw_windows": 1,
        "verified_iecc18_nc": true,
        "verified_ngbs_2015": null
    }
},
{
    "model": "remrate_data.photovoltaic",
    "pk": 1,
    "fields": {
        "simulation": 1,
        "building": 1,
        "_result_number": 189520,
        "_building_number": 184541,
        "name": "pv1",
        "type": 0,
        "area": 111.199997,
        "peak_power": 88.0,
        "tilt": 55.0,
        "orientation": 2,
        "inverter_efficiency": 12.0,
        "rating_number": "XYZ-REM15p8",
        "number_bedrooms": null
    }
},
{
    "model": "remrate_data.photovoltaic",
    "pk": 2,
    "fields": {
        "simulation": 1,
        "building": 1,
        "_result_number": 189520,
        "_building_number": 184541,
        "name": "pv2",
        "type": 0,
        "area": 99.0,
        "peak_power": 77.0,
        "tilt": 49.0,
        "orientation": 4,
        "inverter_efficiency": 11.1,
        "rating_number": "XYZ-REM15p8",
        "number_bedrooms": null
    }
},
{
    "model": "remrate_data.project",
    "pk": 1,
    "fields": {
        "building": 1,
        "_result_number": 189520,
        "_building_number": 184541,
        "name": "the bldg name",
        "property_owner": "I.M. Smith",
        "property_address": "2342 Maybee Ave.",
        "property_city": "Denver",
        "property_state": "CO",
        "property_zip": "80333",
        "property_phone": "303 444 4444",
        "builder_permit": "12345",
        "builder_name": "WeeBeeGood Builders",
        "builder_address": "bldr street 1",
        "builder_address2": "bldr street 1",
        "builder_email": "bldr email",
        "builder_phone": "303 111 2222",
        "builder_model": "The Jubilee",
        "builder_development": "Rocky View",
        "rating_organization": "L.A. Raters",
        "rating_organization_address": "rater street 1",
        "rating_organization_city": "rater city",
        "rating_organization_state": "AK",
        "rating_organization_zip": "rater zip",
        "rating_organization_phone": "303 222 1111",
        "rating_organization_website": "www.laraters.com",
        "provider_id": "____-___",
        "rater_name": "H.I. Scorer",
        "rater_id": "303 333 2222",
        "rater_email": "a@laraters.com",
        "rating_date": "1/9/18",
        "rating_number": "XYZ-REM15p8",
        "rating_type": "Based on plans",
        "rating_reason": "New home",
        "rater_plan_inspector_one_name": "Rater Name 1",
        "rater_plan_inspector_one_id": "RaterID1",
        "rater_plan_inspector_two_name": "Rater Name 2",
        "rater_plan_inspector_two_id": "RaterID2",
        "rater_plan_inspector_three_name": "Rater Name 3",
        "rater_plan_inspector_three_id": "RaterID3",
        "rater_plan_inspector_four_name": "Rater Name 4",
        "rater_plan_inspector_four_id": "RaterID4",
        "sampleset_id": "0000",
        "resnet_registry_id": "",
        "resnet_registry_date": "",
        "rating_permit_date": "06/26/2019"
    }
},
{
    "model": "remrate_data.regionalcode",
    "pk": 1,
    "fields": {
        "simulation": 1,
        "_result_number": 189520,
        "rating_number": "XYZ-REM15p8",
        "nv_energy_plus_rebate": 0.0,
        "ny_eccc_2010_reference_heating_consumption": 0.0,
        "ny_eccc_2010_reference_cooling_consumption": 0.0,
        "ny_eccc_2010_reference_hot_water_consumption": 0.0,
        "ny_eccc_2010_reference_lights_appliance_consumption": 0.0,
        "ny_eccc_2010_reference_photo_voltaic_consumption": 0.0,
        "ny_eccc_2010_reference_total_consumption": 0.0,
        "ny_eccc_2010_designed_heating_consumption": 0.0,
        "ny_eccc_2010_designed_cooling_consumption": 0.0,
        "ny_eccc_2010_designed_hot_water_consumption": 0.0,
        "ny_eccc_2010_designed_lights_appliance_consumption": 0.0,
        "ny_eccc_2010_designed_photo_voltaic_consumption": 0.0,
        "ny_eccc_2010_designed_total_consumption": 0.0,
        "passes_ny_eccc_2010_consumption_compliance": false,
        "nv_ecc_reference_heating_consumption": 0.0,
        "nv_ecc_reference_cooling_consumption": 0.0,
        "nv_ecc_reference_hot_water_consumption": 0.0,
        "nv_ecc_reference_lights_appliance_consumption": 0.0,
        "nv_ecc_reference_photo_voltaic_consumption": 0.0,
        "nv_ecc_reference_total_consumption": 0.0,
        "nv_ecc_designed_heating_consumption": 0.0,
        "nv_ecc_designed_cooling_consumption": 0.0,
        "nv_ecc_designed_hot_water_consumption": 0.0,
        "nv_ecc_designed_lights_appliance_consumption": 0.0,
        "nv_ecc_designed_photo_voltaic_consumption": 0.0,
        "nv_ecc_designed_total_consumption": 0.0,
        "passes_nv_ecc_consumption_compliance": false,
        "nc_2012_reference_heating_cost": 307.469208,
        "nc_2012_reference_cooling_cost": 134.944168,
        "nc_2012_reference_hot_water_cost": 88.420525,
        "nc_2012_reference_lights_appliance_cost": 463.278381,
        "nc_2012_reference_photo_voltaic_cost": 0.0,
        "nc_2012_reference_service_cost": 150.0,
        "nc_2012_reference_total_cost": 1144.112305,
        "nc_2012_designed_heating_cost": 537.199585,
        "nc_2012_designed_cooling_cost": 275.087311,
        "nc_2012_designed_hot_water_cost": 3.495671,
        "nc_2012_designed_lights_appliance_cost": 471.335052,
        "nc_2012_designed_photo_voltaic_cost": -1.881888,
        "nc_2012_designed_service_cost": 150.0,
        "nc_2012_designed_total_cost": 1435.235718,
        "passes_nc_2012_cost_compliance": false,
        "nc_2012_reference_overall_ua": 300.183197,
        "nc_2012_designed_overall_ua": 582.561401,
        "nc_2012_passing_ducts": false,
        "passes_nc_2012_overall_ua_compliance": false,
        "passes_nc_2012_code": false,
        "nc_hero_2012_reference_heating_cost": 298.633545,
        "nc_hero_2012_reference_cooling_cost": 134.725616,
        "nc_hero_2012_reference_hot_water_cost": 88.431824,
        "nc_hero_2012_reference_lights_appliance_cost": 446.720734,
        "nc_hero_2012_reference_photo_voltaic_cost": 0.0,
        "nc_hero_2012_reference_service_cost": 150.0,
        "nc_hero_2012_reference_total_cost": 1118.511719,
        "nc_hero_2012_designed_heating_cost": 537.199585,
        "nc_hero_2012_designed_cooling_cost": 275.087311,
        "nc_hero_2012_designed_hot_water_cost": 3.495671,
        "nc_hero_2012_designed_lights_appliance_cost": 471.335052,
        "nc_hero_2012_designed_photo_voltaic_cost": -1.881888,
        "nc_hero_2012_designed_service_cost": 150.0,
        "nc_hero_2012_designed_total_cost": 1435.235718,
        "passes_nc_hero_2012_cost_compliance": false,
        "nc_hero_2012_reference_overall_ua": 299.553192,
        "nc_hero_2012_designed_overall_ua": 582.561401,
        "nc_hero_2012_passing_ducts": false,
        "passes_nc_hero_2012_overall_ua_compliance": false,
        "passes_nc_hero_2012_code": false,
        "ny_eccc_2016_reference_heating_cost": 247.573242,
        "ny_eccc_2016_reference_cooling_cost": 115.449463,
        "ny_eccc_2016_reference_hot_water_cost": 88.198799,
        "ny_eccc_2016_reference_lights_appliance_cost": 467.502838,
        "ny_eccc_2016_reference_photo_voltaic_cost": 0.0,
        "ny_eccc_2016_reference_service_cost": 150.0,
        "ny_eccc_2016_reference_total_cost": 1068.724365,
        "ny_eccc_2016_designed_heating_cost": 537.199585,
        "ny_eccc_2016_designed_cooling_cost": 275.087311,
        "ny_eccc_2016_designed_hot_water_cost": 3.495671,
        "ny_eccc_2016_designed_lights_appliance_cost": 471.335052,
        "ny_eccc_2016_designed_photo_voltaic_cost": -1.881888,
        "ny_eccc_2016_designed_service_cost": 150.0,
        "ny_eccc_2016_designed_total_cost": 1435.235718,
        "passes_ny_eccc_2016_cost_compliance": false,
        "ny_eccc_2016_reference_overall_ua": 278.656494,
        "ny_eccc_2016_designed_overall_ua": 582.561401,
        "ny_eccc_2016_passing_ducts": false,
        "passes_ny_eccc_2016_overall_ua_compliance": false,
        "passes_ny_eccc_2016_code": false,
        "ny_design_costing": null,
        "ny_reference_costing": null
    }
},
{
    "model": "remrate_data.resnetdisc",
    "pk": 1,
    "fields": {
        "simulation": 1,
        "building": 1,
        "_result_number": 189520,
        "_building_number": 184541,
        "question_1": true,
        "question_2a": true,
        "question_2b": false,
        "question_2c": true,
        "question_2d": true,
        "question_2e": true,
        "question_2e_other": "this is the other text",
        "question_3a": false,
        "question_3b": true,
        "question_3c": false,
        "question_4_hvac_installed": 1,
        "question_4_hvac_business": 2,
        "question_4_thermal_insulation_installed": 2,
        "question_4_thermal_insulation_business": 3,
        "question_4_air_sealing_installed": 3,
        "question_4_air_sealing_business": 1,
        "question_4_windows_installed": 2,
        "question_4_windows_business": 3,
        "question_4_appliance_installed": 3,
        "question_4_appliance_business": 1,
        "question_4_construction_installed": 1,
        "question_4_construction_business": 3,
        "question_4_other_installed": 3,
        "question_4_other_business": 2,
        "question_4_other": "other specify",
        "question_5_sampling": true,
        "rating_number": "XYZ-REM15p8"
    }
},
{
    "model": "remrate_data.simulation",
    "pk": 1,
    "fields": {
        "company": 1,
        "remrate_user": 1,
        "_source_result_number": 189520,
        "simulation_date": "2022-01-20T08:59:22Z",
        "version": "15.8",
        "flavor": "Rate",
        "rating_number": "XYZ-REM15p8",
        "building_run_flag": "",
        "export_type": 1,
        "number_of_runs": 0,
        "udrh_filename": "",
        "udrh_checksum": "",
        "references": [],
        "similar": []
    }
},
{
    "model": "remrate_data.results",
    "pk": 1,
    "fields": {
        "simulation": 1,
        "_result_number": 189520,
        "heating_system_efficiency": 0.808565,
        "cooling_system_efficiency": 2.927562,
        "hot_water_system_efficiency": 0.475469,
        "roof_heating_load": 16.721573,
        "roof_cooling_load": 5.102508,
        "joist_heating_load": 1.167458,
        "joist_cooling_load": 0.050785,
        "above_ground_walls_heating_load": 10.389082,
        "above_ground_walls_cooling_load": 2.32261,
        "foundation_wall_heating_load": 5.023334,
        "foundation_wall_cooling_load": 0.245513,
        "windows_skylights_heating_load": -1.052308,
        "windows_skylights_cooling_load": 11.669453,
        "frame_floor_heating_load": 8.243344,
        "frame_floor_cooling_load": 0.35859,
        "crawl_heating_load": 0.0,
        "crawl_cooling_load": 0.0,
        "slab_heating_load": 1.458314,
        "slab_cooling_load": -1.013129,
        "infiltration_heating_load": 6.59565,
        "infiltration_cooling_load": 1.315863,
        "mechanical_ventilation_heating_load": 8.822156,
        "mechanical_ventilation_cooling_load": 0.542567,
        "duct_heating_load": 15.73364,
        "duct_cooling_load": 6.169574,
        "active_solar_heating_load": 0.0,
        "active_solar_cooling_load": 0.0,
        "sunspace_heating_load": -0.590846,
        "sunspace_cooling_load": 0.736412,
        "internal_gains_heating_load": -16.475632,
        "internal_gains_cooling_load": 17.00659,
        "whole_house_fan_heating_load": 0.0,
        "whole_house_fan_cooling_load": -10.803747,
        "door_heating_load": 0.0,
        "door_cooling_load": 0.0,
        "total_heating_load": 56.035763,
        "total_cooling_load": 33.70359,
        "hot_water_heating_consumption": 0.426167,
        "hot_water_heating_consumption_no_loss": 9.223839,
        "solar_savings": 12.72188,
        "heating_design_load": 95.254189,
        "calculated_sensible_cooling_load": 48.260185,
        "calculated_latent_cooling_load": 0.0,
        "calculated_sensible_latent_cooling_load": 48.260185,
        "unit_heating_cost": 7.547793,
        "unit_cooling_cost": 20.224878,
        "unit_hot_water_cost": 5.128434,
        "heating_consumption": 69.302719,
        "cooling_consumption": 11.51251,
        "heating_cost": 523.082581,
        "cooling_cost": 232.839127,
        "hot_water_consumption": 0.896308,
        "hot_water_cost": 4.596659,
        "service_cost": 150.0,
        "total_cost": 1495.282837,
        "refrigerator_consumption": 2.645075,
        "freezer_consumption": 0.0,
        "dryer_consumption": 3.071728,
        "oven_consumption": 1.868635,
        "lights_and_appliances_consumption": 9.799303,
        "lights_hs_consumption": 3.747053,
        "lights_cs_consumption": 3.266662,
        "refrigerator_cost": 53.378201,
        "freezer_cost": 0.0,
        "dryer_cost": 61.98814,
        "oven_cost": 37.709461,
        "lights_and_appliances_cost": 197.752106,
        "lighting_cost": 141.5383,
        "lights_and_appliances_total_consumption": 29.069893,
        "lights_and_appliances_total_cost": 586.636902,
        "photo_voltaic_consumption": -0.092787,
        "photo_voltaic_cost": -1.87246,
        "shell_area": 6887.609375,
        "heating_load_per_shell_area_hdd75": 2.114826,
        "cooling_load_per_shell_area_cdd74": 4.899285,
        "heating_design_load_per_shell_area_hdd75": 0.003595,
        "cooling_design_load_per_shell_area_cdd74": 0.007015,
        "heating_natural_ach": 0.25793,
        "cooling_natural_ach": 0.139037,
        "rating_number": "XYZ-REM15p8",
        "co2_total_emission": 23641.634766,
        "s02_total_emission": 10.012412,
        "nox_total_emission": 26.9881,
        "co2_heating_emission": 10665.260742,
        "co2_cooling_emission": 3658.59668,
        "co2_hot_water_emission": 109.052368,
        "co2_lights_appliance_emission": 9238.211914,
        "co2_photo_voltaic_emission": -29.487032,
        "so2_heating_emission": 2.296862,
        "so2_cooling_emission": 2.193212,
        "so2_hot_water_emission": 0.001999,
        "so2_lights_appliance_emission": 5.538014,
        "so2_photo_voltaic_emission": -0.017677,
        "nox_heating_emission": 12.750196,
        "nox_cooling_emission": 4.009645,
        "nox_hot_water_emission": 0.135939,
        "nox_lights_appliance_emission": 10.124635,
        "nox_photo_voltaic_emission": -0.032316,
        "co2_hers_emission_savings": 0.0,
        "so2_hers_emission_savings": 0.0,
        "nox_hers_emission_savings": 0.0,
        "source_energy_heating": 0.0,
        "source_energy_cooling": 0.0,
        "source_energy_hot_water": 0.0,
        "source_energy_lights_appliance": 0.0,
        "source_energy_photo_voltaic": 0.0
    }
},
{
    "model": "remrate_data.roof",
    "pk": 1,
    "fields": {
        "simulation": 1,
        "building": 1,
        "type": 1,
        "_result_number": 189520,
        "_building_number": 184541,
        "name": "pathlayer",
        "area": 888.0,
        "style": 2,
        "radiant_barrier": 2,
        "color": 2,
        "_ceiling_number": 225879,
        "u_value": 0.055933,
        "rating_number": "XYZ-REM15p8",
        "clay_or_concrete": 2,
        "sub_tile_ventilation": 2,
        "sealed_attic_roof_area": 888.0
    }
},
{
    "model": "remrate_data.roof",
    "pk": 2,
    "fields": {
        "simulation": 1,
        "building": 1,
        "type": 2,
        "_result_number": 189520,
        "_building_number": 184541,
        "name": "asdf",
        "area": 1000.0,
        "style": 2,
        "radiant_barrier": 2,
        "color": 2,
        "_ceiling_number": 225880,
        "u_value": 0.020105,
        "rating_number": "XYZ-REM15p8",
        "clay_or_concrete": 2,
        "sub_tile_ventilation": 2,
        "sealed_attic_roof_area": 1000.0
    }
},
{
    "model": "remrate_data.roof",
    "pk": 3,
    "fields": {
        "simulation": 1,
        "building": 1,
        "type": 3,
        "_result_number": 189520,
        "_building_number": 184541,
        "name": "qf vault",
        "area": 222.0,
        "style": 1,
        "radiant_barrier": 2,
        "color": 2,
        "_ceiling_number": 225881,
        "u_value": 0.034638,
        "rating_number": "XYZ-REM15p8",
        "clay_or_concrete": 2,
        "sub_tile_ventilation": 2,
        "sealed_attic_roof_area": 222.0
    }
},
{
    "model": "remrate_data.roof",
    "pk": 4,
    "fields": {
        "simulation": 1,
        "building": 1,
        "type": 4,
        "_result_number": 189520,
        "_building_number": 184541,
        "name": "qwer",
        "area": 333.0,
        "style": 2,
        "radiant_barrier": 1,
        "color": 2,
        "_ceiling_number": 225882,
        "u_value": 0.56101,
        "rating_number": "XYZ-REM15p8",
        "clay_or_concrete": 2,
        "sub_tile_ventilation": 2,
        "sealed_attic_roof_area": 333.0
    }
},
{
    "model": "remrate_data.seasonalrate",
    "pk": 1,
    "fields": {
        "simulation": 1,
        "rate": 1,
        "_result_number": 189520,
        "_source_seasonal_rate_number": 362285,
        "_utility_rate_no": 356644,
        "start_month": 1,
        "end_month": 6,
        "cost": 15.0
    }
},
{
    "model": "remrate_data.seasonalrate",
    "pk": 2,
    "fields": {
        "simulation": 1,
        "rate": 1,
        "_result_number": 189520,
        "_source_seasonal_rate_number": 362286,
        "_utility_rate_no": 356644,
        "start_month": 7,
        "end_month": 12,
        "cost": 0.0
    }
},
{
    "model": "remrate_data.seasonalrate",
    "pk": 3,
    "fields": {
        "simulation": 1,
        "rate": 2,
        "_result_number": 189520,
        "_source_seasonal_rate_number": 362287,
        "_utility_rate_no": 356645,
        "start_month": 1,
        "end_month": 12,
        "cost": 11.11
    }
},
{
    "model": "remrate_data.seasonalrate",
    "pk": 4,
    "fields": {
        "simulation": 1,
        "rate": 3,
        "_result_number": 189520,
        "_source_seasonal_rate_number": 362288,
        "_utility_rate_no": 356646,
        "start_month": 1,
        "end_month": 12,
        "cost": 2.22
    }
},
{
    "model": "remrate_data.seasonalrate",
    "pk": 5,
    "fields": {
        "simulation": 1,
        "rate": 4,
        "_result_number": 189520,
        "_source_seasonal_rate_number": 362289,
        "_utility_rate_no": 356647,
        "start_month": 1,
        "end_month": 12,
        "cost": 0.0
    }
},
{
    "model": "remrate_data.seasonalrate",
    "pk": 6,
    "fields": {
        "simulation": 1,
        "rate": 5,
        "_result_number": 189520,
        "_source_seasonal_rate_number": 362290,
        "_utility_rate_no": 356648,
        "start_month": 9,
        "end_month": 3,
        "cost": 4.0
    }
},
{
    "model": "remrate_data.seasonalrate",
    "pk": 7,
    "fields": {
        "simulation": 1,
        "rate": 5,
        "_result_number": 189520,
        "_source_seasonal_rate_number": 362291,
        "_utility_rate_no": 356648,
        "start_month": 4,
        "end_month": 8,
        "cost": 4.0
    }
},
{
    "model": "remrate_data.seasonalrate",
    "pk": 8,
    "fields": {
        "simulation": 1,
        "rate": 6,
        "_result_number": 189520,
        "_source_seasonal_rate_number": 362292,
        "_utility_rate_no": 356649,
        "start_month": 1,
        "end_month": 12,
        "cost": 5.0
    }
},
{
    "model": "remrate_data.site",
    "pk": 1,
    "fields": {
        "simulation": 1,
        "_result_number": 189520,
        "site_label": "Fredonia, AZ",
        "city_number": 0,
        "elevation": 4672.0,
        "num_heating_season_days": 195,
        "num_cooling_season_days": 170,
        "julian_cooling_day_start": 114,
        "heating_days_b65": 3996,
        "cooling_days_b74": 1102,
        "avg_seasonal_heating_temp": 45.049999,
        "avg_seasonal_cooling_temp": 75.760002,
        "heating_days_user_editable": 3847.0,
        "cooling_days_user_editable": 23971.0,
        "climate_zone": "5B",
        "rating_number": "XYZ-REM15p8",
        "ashrae_weather_and_shielding_factor": 0.47,
        "annual_windspeed": 4.9,
        "annual_ambient_air_temperature": 59.400002
    }
},
{
    "model": "remrate_data.skylight",
    "pk": 1,
    "fields": {
        "simulation": 1,
        "building": 1,
        "type": 5,
        "_result_number": 189520,
        "_building_number": 184541,
        "name": "sklite",
        "area": 77.0,
        "orientation": 8.0,
        "pitch": 2,
        "summer_shading_factor": 0.7,
        "winter_shading_factor": 1.0,
        "roof_number": 2,
        "_window_type_number": 1099949,
        "rating_number": "XYZ-REM15p8"
    }
},
{
    "model": "remrate_data.skylight",
    "pk": 2,
    "fields": {
        "simulation": 1,
        "building": 1,
        "type": 6,
        "_result_number": 189520,
        "_building_number": 184541,
        "name": "sklite2",
        "area": 9.0,
        "orientation": 2.0,
        "pitch": 2,
        "summer_shading_factor": 0.7,
        "winter_shading_factor": 1.0,
        "roof_number": 4,
        "_window_type_number": 1099950,
        "rating_number": "XYZ-REM15p8"
    }
},
{
    "model": "remrate_data.slab",
    "pk": 1,
    "fields": {
        "simulation": 1,
        "building": 1,
        "type": 1,
        "_result_number": 189520,
        "_building_number": 184541,
        "name": "Heated Basement",
        "area": 1000.0,
        "depth_below_grade": 7.0,
        "full_perimeter": 128.0,
        "exposed_perimeter": 128.0,
        "on_grade_perimeter": 0.0,
        "_slab_type_number": 52669,
        "rating_number": "XYZ-REM15p8",
        "location": null
    }
},
{
    "model": "remrate_data.slabtype",
    "pk": 1,
    "fields": {
        "simulation": 1,
        "_result_number": 189520,
        "_source_slab_type_number": 52669,
        "name": "Uninsulated",
        "perimeter_r_value": 0.0,
        "under_slab_r_value": 0.0,
        "under_slab_width": 0.0,
        "radiant_floor": 2,
        "perimeter_insulation_depth": 0.0,
        "note": "",
        "insulation_grade": 1,
        "floor_covering": 1
    }
},
{
    "model": "remrate_data.solarsystem",
    "pk": 1,
    "fields": {
        "simulation": 1,
        "building": 1,
        "_result_number": 189520,
        "_building_number": 184541,
        "type": 1,
        "collector_loop_type": 1,
        "collector_area": 88.0,
        "orientation": 1,
        "tilt": 44.0,
        "specs": 1,
        "storage_volume": 33.0,
        "rating_number": "XYZ-REM15p8"
    }
},
{
    "model": "remrate_data.sunspace",
    "pk": 1,
    "fields": {
        "simulation": 1,
        "building": 1,
        "_result_number": 189520,
        "_building_number": 184541,
        "roof_area": 100.0,
        "roof_insulation": 5.1,
        "above_grade_wall_area": 155.0,
        "above_grade_wall_insulation": 4.8,
        "below_grade_wall_area": 77.0,
        "below_grade_wall_insulation": 3.3,
        "floor_area": 101.0,
        "floor_insulation": 7.0,
        "frame_floor_perimeter": 111.0,
        "slab_floor_depth": 3.0,
        "slab_floor_thickness": 8.0,
        "slab_floor_perimeter_insulation": 5.5,
        "slab_floor_underslab_insulation": 4.4,
        "rating_number": "XYZ-REM15p8"
    }
},
{
    "model": "remrate_data.sunspacecommonwall",
    "pk": 1,
    "fields": {
        "simulation": 1,
        "building": 1,
        "_result_number": 189520,
        "_building_number": 184541,
        "name": "sswall",
        "area": 77.0,
        "type": 1,
        "thickness": 5.0,
        "insulation_r_value": 4.0,
        "automatic_fan_coupling": true,
        "fan_flow_rate": 5.0,
        "rating_number": "XYZ-REM15p8"
    }
},
{
    "model": "remrate_data.sunspacemass",
    "pk": 1,
    "fields": {
        "simulation": 1,
        "building": 1,
        "_result_number": 189520,
        "_building_number": 184541,
        "name": "ss intmass",
        "area": 88.0,
        "type": 2,
        "thickness": 12.0,
        "water_storage_volume": 0.0,
        "rating_number": "XYZ-REM15p8"
    }
},
{
    "model": "remrate_data.sunspaceskylight",
    "pk": 1,
    "fields": {
        "simulation": 1,
        "building": 1,
        "type": 8,
        "_result_number": 189520,
        "_building_number": 184541,
        "name": "sssky",
        "glazing_area": 66.0,
        "orientation": 2,
        "pitch": 3.0,
        "summer_shading_factor": 0.7,
        "winter_shading_factor": 1.0,
        "_window_type_number": 1099952,
        "rating_number": "XYZ-REM15p8"
    }
},
{
    "model": "remrate_data.sunspacewindow",
    "pk": 1,
    "fields": {
        "simulation": 1,
        "building": 1,
        "type": 7,
        "_result_number": 189520,
        "_building_number": 184541,
        "name": "sswin1",
        "glazing_area": 88.0,
        "orientation": 7,
        "interior_summer_shading_factor": 0.7,
        "interior_winter_shading_factor": 0.85,
        "_window_type_number": 1099951,
        "rating_number": "XYZ-REM15p8",
        "overhang_depth": 2.0,
        "overhang_depth_to_top_of_window": 3.0,
        "overhang_depth_to_bottom_of_window": 4.0,
        "adjacent_summer_shading_factor": 0.7,
        "adjacent_winter_shading_factor": 1.0
    }
},
{
    "model": "remrate_data.utilityrate",
    "pk": 1,
    "fields": {
        "simulation": 1,
        "_result_number": 189520,
        "_source_utility_rate_no": 356644,
        "name": "ek elec",
        "fuel_type": 4,
        "units": 1
    }
},
{
    "model": "remrate_data.utilityrate",
    "pk": 2,
    "fields": {
        "simulation": 1,
        "_result_number": 189520,
        "_source_utility_rate_no": 356645,
        "name": "ek wood",
        "fuel_type": 6,
        "units": 5
    }
},
{
    "model": "remrate_data.utilityrate",
    "pk": 3,
    "fields": {
        "simulation": 1,
        "_result_number": 189520,
        "_source_utility_rate_no": 356646,
        "name": "ek kero",
        "fuel_type": 5,
        "units": 2
    }
},
{
    "model": "remrate_data.utilityrate",
    "pk": 4,
    "fields": {
        "simulation": 1,
        "_result_number": 189520,
        "_source_utility_rate_no": 356647,
        "name": "Default Oil Provider",
        "fuel_type": 3,
        "units": 2
    }
},
{
    "model": "remrate_data.utilityrate",
    "pk": 5,
    "fields": {
        "simulation": 1,
        "_result_number": 189520,
        "_source_utility_rate_no": 356648,
        "name": "Default Propane Provider",
        "fuel_type": 2,
        "units": 2
    }
},
{
    "model": "remrate_data.utilityrate",
    "pk": 6,
    "fields": {
        "simulation": 1,
        "_result_number": 189520,
        "_source_utility_rate_no": 356649,
        "name": "Default Gas Provider",
        "fuel_type": 1,
        "units": 4
    }
},
{
    "model": "remrate_data.walltype",
    "pk": 1,
    "fields": {
        "simulation": 1,
        "composite_type": 5,
        "_result_number": 189520,
        "_source_wall_type_number": 458736,
        "stud_width": 1.5,
        "stud_depth": 3.5,
        "stud_spacing": 16.0,
        "gypsum_thickness": 0.5,
        "continuous_insulation": 0.0,
        "cavity_insulation": 11.0,
        "cavity_insulation_thickness": 3.5,
        "block_insulation": 0.0,
        "construction_type": 1.0,
        "_composite_type_number": 997331,
        "quick_fill": true,
        "framing_factor": 0.23,
        "default_framing_factors": true,
        "note": "qwer",
        "insulation_grade": 3
    }
},
{
    "model": "remrate_data.walltype",
    "pk": 2,
    "fields": {
        "simulation": 1,
        "composite_type": 6,
        "_result_number": 189520,
        "_source_wall_type_number": 458737,
        "stud_width": 1.5,
        "stud_depth": 3.5,
        "stud_spacing": 16.0,
        "gypsum_thickness": 0.5,
        "continuous_insulation": 0.0,
        "cavity_insulation": 15.0,
        "cavity_insulation_thickness": 3.5,
        "block_insulation": 0.0,
        "construction_type": 1.0,
        "_composite_type_number": 997332,
        "quick_fill": true,
        "framing_factor": 0.23,
        "default_framing_factors": true,
        "note": "BigWall",
        "insulation_grade": 3
    }
},
{
    "model": "remrate_data.walltype",
    "pk": 3,
    "fields": {
        "simulation": 1,
        "composite_type": 7,
        "_result_number": 189520,
        "_source_wall_type_number": 458738,
        "stud_width": 1.5,
        "stud_depth": 3.5,
        "stud_spacing": 16.0,
        "gypsum_thickness": 0.5,
        "continuous_insulation": 0.0,
        "cavity_insulation": 0.0,
        "cavity_insulation_thickness": 0.0,
        "block_insulation": 0.0,
        "construction_type": 1.0,
        "_composite_type_number": 997333,
        "quick_fill": false,
        "framing_factor": 0.23,
        "default_framing_factors": true,
        "note": "",
        "insulation_grade": 3
    }
},
{
    "model": "remrate_data.window",
    "pk": 1,
    "fields": {
        "simulation": 1,
        "building": 1,
        "type": 1,
        "_result_number": 189520,
        "_building_number": 184541,
        "name": "South Wall",
        "area": 10.0,
        "orientation": 1,
        "interior_shading_summer_factor": 0.8,
        "interior_shading_winter_factor": 0.2,
        "wall_number": 1,
        "foundation_number": 0.0,
        "_window_type_number": 1099945,
        "rating_number": "XYZ-REM15p8",
        "overhang_depth": 0.0,
        "overhang_depth_to_top_of_window": 0.0,
        "overhang_depth_to_bottom_of_window": 0.0,
        "adjacent_shading_summer_factor": 1.0,
        "adjacent_shading_winter_factor": 1.0,
        "window_operates": null
    }
},
{
    "model": "remrate_data.window",
    "pk": 2,
    "fields": {
        "simulation": 1,
        "building": 1,
        "type": 2,
        "_result_number": 189520,
        "_building_number": 184541,
        "name": "North Wall",
        "area": 5.0,
        "orientation": 5,
        "interior_shading_summer_factor": 0.85,
        "interior_shading_winter_factor": 0.25,
        "wall_number": 2,
        "foundation_number": 0.0,
        "_window_type_number": 1099946,
        "rating_number": "XYZ-REM15p8",
        "overhang_depth": 0.0,
        "overhang_depth_to_top_of_window": 0.0,
        "overhang_depth_to_bottom_of_window": 0.0,
        "adjacent_shading_summer_factor": 1.0,
        "adjacent_shading_winter_factor": 1.0,
        "window_operates": null
    }
},
{
    "model": "remrate_data.window",
    "pk": 3,
    "fields": {
        "simulation": 1,
        "building": 1,
        "type": 3,
        "_result_number": 189520,
        "_building_number": 184541,
        "name": "East Wall",
        "area": 11.0,
        "orientation": 3,
        "interior_shading_summer_factor": 0.83,
        "interior_shading_winter_factor": 0.23,
        "wall_number": 5,
        "foundation_number": 0.0,
        "_window_type_number": 1099947,
        "rating_number": "XYZ-REM15p8",
        "overhang_depth": 0.0,
        "overhang_depth_to_top_of_window": 0.0,
        "overhang_depth_to_bottom_of_window": 0.0,
        "adjacent_shading_summer_factor": 1.0,
        "adjacent_shading_winter_factor": 1.0,
        "window_operates": null
    }
},
{
    "model": "remrate_data.window",
    "pk": 4,
    "fields": {
        "simulation": 1,
        "building": 1,
        "type": 4,
        "_result_number": 189520,
        "_building_number": 184541,
        "name": "wall4",
        "area": 5.0,
        "orientation": 7,
        "interior_shading_summer_factor": 0.88,
        "interior_shading_winter_factor": 0.29,
        "wall_number": 6,
        "foundation_number": 0.0,
        "_window_type_number": 1099948,
        "rating_number": "XYZ-REM15p8",
        "overhang_depth": 0.0,
        "overhang_depth_to_top_of_window": 0.0,
        "overhang_depth_to_bottom_of_window": 0.0,
        "adjacent_shading_summer_factor": 1.0,
        "adjacent_shading_winter_factor": 1.0,
        "window_operates": null
    }
},
{
    "model": "remrate_data.windowtype",
    "pk": 1,
    "fields": {
        "simulation": 1,
        "_result_number": 189520,
        "_source_window_type_number": 1099945,
        "name": "Double - Wood",
        "shgc": 0.58,
        "u_value": 0.49,
        "note": ""
    }
},
{
    "model": "remrate_data.windowtype",
    "pk": 2,
    "fields": {
        "simulation": 1,
        "_result_number": 189520,
        "_source_window_type_number": 1099946,
        "name": "Double - Wood",
        "shgc": 0.58,
        "u_value": 0.49,
        "note": ""
    }
},
{
    "model": "remrate_data.windowtype",
    "pk": 3,
    "fields": {
        "simulation": 1,
        "_result_number": 189520,
        "_source_window_type_number": 1099947,
        "name": "Double - Wood",
        "shgc": 0.58,
        "u_value": 0.49,
        "note": ""
    }
},
{
    "model": "remrate_data.windowtype",
    "pk": 4,
    "fields": {
        "simulation": 1,
        "_result_number": 189520,
        "_source_window_type_number": 1099948,
        "name": "Double - Vinyl",
        "shgc": 0.57,
        "u_value": 0.46,
        "note": ""
    }
},
{
    "model": "remrate_data.windowtype",
    "pk": 5,
    "fields": {
        "simulation": 1,
        "_result_number": 189520,
        "_source_window_type_number": 1099949,
        "name": "Dbl/LoE/Argon - Wood",
        "shgc": 0.45,
        "u_value": 0.36,
        "note": ""
    }
},
{
    "model": "remrate_data.windowtype",
    "pk": 6,
    "fields": {
        "simulation": 1,
        "_result_number": 189520,
        "_source_window_type_number": 1099950,
        "name": "Single - Metal",
        "shgc": 0.8,
        "u_value": 1.31,
        "note": ""
    }
},
{
    "model": "remrate_data.windowtype",
    "pk": 7,
    "fields": {
        "simulation": 1,
        "_result_number": 189520,
        "_source_window_type_number": 1099951,
        "name": "Double - Vinyl",
        "shgc": 0.57,
        "u_value": 0.46,
        "note": ""
    }
},
{
    "model": "remrate_data.windowtype",
    "pk": 8,
    "fields": {
        "simulation": 1,
        "_result_number": 189520,
        "_source_window_type_number": 1099952,
        "name": "Double/LoE - Wood",
        "shgc": 0.46,
        "u_value": 0.39,
        "note": ""
    }
}
]
