[
    {
        "pk": 83,
        "model": "company.company",
        "fields": {
            "company_type": "general",
            "is_eep_sponsor": false,
            "confirmed_address": true,
            "home_page": "http://pivotalenergysolutions.com/",
            "address_override": false,
            "zipcode": "85297",
            "state": "AZ",
            "latitude": 33.283127,
            "auto_add_direct_relationships": false,
            "street_line2": "",
            "description": "Active Customer",
            "is_active": true,
            "is_public": true,
            "default_email": "admin@pivotalenergysolutions.com",
            "slug": "pivotal-energy-solutions",
            "name": "Pivotal Energy Solutions",
            "is_customer": true,
            "longitude": -111.718256,
            "office_phone": "480-225-1112"
        }
    },
    {
        "pk": 1,
        "model": "remrate.remrateuser",
        "fields": {
            "username": "axis_test",
            "last_used": "2013-10-16T10:15:52Z",
            "company": [
                "pivotal-energy-solutions"
            ],
            "is_active": false,
            "created_on": "2013-10-16T10:13:52Z"
        }
    },
    {
        "pk": 1,
        "model": "remrate_data.simulation",
        "fields": {
            "simulation_date": "2013-10-17T14:11:14Z",
            "rating_number": "Non-Solar 001",
            "_source_result_number": 0,
            "company": [
                "pivotal-energy-solutions"
            ],
            "remrate_user": 1,
            "version": "14.3",
            "references": [
                3
            ],
            "number_of_runs": 0,
            "export_type": 1,
            "similar": [
                2
            ],
            "building_run_flag": null
        }
    },
    {
        "pk": 2,
        "model": "remrate_data.simulation",
        "fields": {
            "simulation_date": "2013-10-17T14:15:44Z",
            "rating_number": "Non-Solar 001",
            "_source_result_number": 1,
            "company": [
                "pivotal-energy-solutions"
            ],
            "remrate_user": 1,
            "version": "14.3",
            "references": [
                3
            ],
            "number_of_runs": 1,
            "export_type": 4,
            "similar": [
                1
            ],
            "building_run_flag": null
        }
    },
    {
        "pk": 3,
        "model": "remrate_data.simulation",
        "fields": {
            "simulation_date": "2013-10-17T14:15:45Z",
            "rating_number": "Non-Solar 001",
            "_source_result_number": 2,
            "company": [
                "pivotal-energy-solutions"
            ],
            "remrate_user": 1,
            "version": "14.3",
            "references": [],
            "number_of_runs": 2,
            "export_type": 5,
            "similar": [],
            "building_run_flag": null
        }
    },
    {
        "pk": 4,
        "model": "remrate_data.simulation",
        "fields": {
            "simulation_date": "2013-10-17T14:24:55Z",
            "rating_number": "Solar 001",
            "_source_result_number": 3,
            "company": [
                "pivotal-energy-solutions"
            ],
            "remrate_user": 1,
            "version": "14.3",
            "references": [
                5
            ],
            "number_of_runs": 0,
            "export_type": 4,
            "similar": [
                6
            ],
            "building_run_flag": null
        }
    },
    {
        "pk": 5,
        "model": "remrate_data.simulation",
        "fields": {
            "simulation_date": "2013-10-17T14:24:55Z",
            "rating_number": "Solar 001",
            "_source_result_number": 4,
            "company": [
                "pivotal-energy-solutions"
            ],
            "remrate_user": 1,
            "version": "14.3",
            "references": [],
            "number_of_runs": 1,
            "export_type": 5,
            "similar": [],
            "building_run_flag": null
        }
    },
    {
        "pk": 6,
        "model": "remrate_data.simulation",
        "fields": {
            "simulation_date": "2013-10-17T14:26:08Z",
            "rating_number": "Solar 001",
            "_source_result_number": 5,
            "company": [
                "pivotal-energy-solutions"
            ],
            "remrate_user": 1,
            "version": "14.3",
            "references": [
                5
            ],
            "number_of_runs": 2,
            "export_type": 1,
            "similar": [
                4
            ],
            "building_run_flag": null
        }
    },
    {
        "pk": 7,
        "model": "remrate_data.simulation",
        "fields": {
            "simulation_date": "2013-10-17T14:32:27Z",
            "rating_number": "Unrelated",
            "_source_result_number": 6,
            "company": [
                "pivotal-energy-solutions"
            ],
            "remrate_user": 1,
            "version": "14.3",
            "references": [],
            "number_of_runs": 0,
            "export_type": 1,
            "similar": [],
            "building_run_flag": null
        }
    },
    {
        "pk": 1,
        "model": "remrate_data.site",
        "fields": {
            "elevation": 39.0,
            "num_cooling_season_days": 135,
            "climate_zone": "4C",
            "simulation": 1,
            "city_number": 0,
            "julian_cooling_day_start": 143,
            "_result_number": 0,
            "cooling_days_b74": 123,
            "site_label": "Portland, OR",
            "avg_seasonal_cooling_temp": 65.260002,
            "heating_days_user_editable": 4693.0,
            "heating_days_b65": 4234,
            "rating_number": "Non-Solar 001",
            "num_heating_season_days": 230,
            "avg_seasonal_heating_temp": 46.689999,
            "cooling_days_user_editable": 1851.0
        }
    },
    {
        "pk": 2,
        "model": "remrate_data.site",
        "fields": {
            "elevation": 39.0,
            "num_cooling_season_days": 135,
            "climate_zone": "4C",
            "simulation": 2,
            "city_number": 0,
            "julian_cooling_day_start": 143,
            "_result_number": 1,
            "cooling_days_b74": 123,
            "site_label": "Portland, OR",
            "avg_seasonal_cooling_temp": 65.260002,
            "heating_days_user_editable": 4693.0,
            "heating_days_b65": 4234,
            "rating_number": "Non-Solar 001",
            "num_heating_season_days": 230,
            "avg_seasonal_heating_temp": 46.689999,
            "cooling_days_user_editable": 1851.0
        }
    },
    {
        "pk": 3,
        "model": "remrate_data.site",
        "fields": {
            "elevation": 39.0,
            "num_cooling_season_days": 135,
            "climate_zone": "4C",
            "simulation": 3,
            "city_number": 0,
            "julian_cooling_day_start": 143,
            "_result_number": 2,
            "cooling_days_b74": 123,
            "site_label": "Portland, OR",
            "avg_seasonal_cooling_temp": 65.260002,
            "heating_days_user_editable": 4693.0,
            "heating_days_b65": 4234,
            "rating_number": "Non-Solar 001",
            "num_heating_season_days": 230,
            "avg_seasonal_heating_temp": 46.689999,
            "cooling_days_user_editable": 1851.0
        }
    },
    {
        "pk": 4,
        "model": "remrate_data.site",
        "fields": {
            "elevation": 39.0,
            "num_cooling_season_days": 135,
            "climate_zone": "4C",
            "simulation": 4,
            "city_number": 0,
            "julian_cooling_day_start": 143,
            "_result_number": 3,
            "cooling_days_b74": 123,
            "site_label": "Portland, OR",
            "avg_seasonal_cooling_temp": 65.260002,
            "heating_days_user_editable": 4693.0,
            "heating_days_b65": 4234,
            "rating_number": "Solar 001",
            "num_heating_season_days": 230,
            "avg_seasonal_heating_temp": 46.689999,
            "cooling_days_user_editable": 1851.0
        }
    },
    {
        "pk": 5,
        "model": "remrate_data.site",
        "fields": {
            "elevation": 39.0,
            "num_cooling_season_days": 135,
            "climate_zone": "4C",
            "simulation": 5,
            "city_number": 0,
            "julian_cooling_day_start": 143,
            "_result_number": 4,
            "cooling_days_b74": 123,
            "site_label": "Portland, OR",
            "avg_seasonal_cooling_temp": 65.260002,
            "heating_days_user_editable": 4693.0,
            "heating_days_b65": 4234,
            "rating_number": "Solar 001",
            "num_heating_season_days": 230,
            "avg_seasonal_heating_temp": 46.689999,
            "cooling_days_user_editable": 1851.0
        }
    },
    {
        "pk": 6,
        "model": "remrate_data.site",
        "fields": {
            "elevation": 39.0,
            "num_cooling_season_days": 135,
            "climate_zone": "4C",
            "simulation": 6,
            "city_number": 0,
            "julian_cooling_day_start": 143,
            "_result_number": 5,
            "cooling_days_b74": 123,
            "site_label": "Portland, OR",
            "avg_seasonal_cooling_temp": 65.260002,
            "heating_days_user_editable": 4693.0,
            "heating_days_b65": 4234,
            "rating_number": "Solar 001",
            "num_heating_season_days": 230,
            "avg_seasonal_heating_temp": 46.689999,
            "cooling_days_user_editable": 1851.0
        }
    },
    {
        "pk": 7,
        "model": "remrate_data.site",
        "fields": {
            "elevation": 39.0,
            "num_cooling_season_days": 135,
            "climate_zone": "4C",
            "simulation": 7,
            "city_number": 0,
            "julian_cooling_day_start": 143,
            "_result_number": 6,
            "cooling_days_b74": 123,
            "site_label": "Portland, OR",
            "avg_seasonal_cooling_temp": 65.260002,
            "heating_days_user_editable": 4693.0,
            "heating_days_b65": 4234,
            "rating_number": "Unrelated",
            "num_heating_season_days": 230,
            "avg_seasonal_heating_temp": 46.689999,
            "cooling_days_user_editable": 1851.0
        }
    },
    {
        "pk": 1,
        "model": "remrate_data.buildinginfo",
        "fields": {
            "conditioned_area": 2200.0,
            "thermal_boundary": 3,
            "rating_number": "Non-Solar 001",
            "crawl_space_type": 2,
            "foundation_type": 3,
            "number_bedrooms": 3,
            "simulation": 1,
            "volume": 19315.0,
            "_building_number": 0,
            "_result_number": 0,
            "number_stories": 2,
            "num_units": 1,
            "house_level_type": 0,
            "year_built": 2009,
            "type": 1
        }
    },
    {
        "pk": 2,
        "model": "remrate_data.buildinginfo",
        "fields": {
            "conditioned_area": 2200.0,
            "thermal_boundary": 3,
            "rating_number": "Non-Solar 001",
            "crawl_space_type": 2,
            "foundation_type": 3,
            "number_bedrooms": 3,
            "simulation": 2,
            "volume": 19315.0,
            "_building_number": 1,
            "_result_number": 1,
            "number_stories": 2,
            "num_units": 1,
            "house_level_type": 0,
            "year_built": 2009,
            "type": 1
        }
    },
    {
        "pk": 3,
        "model": "remrate_data.buildinginfo",
        "fields": {
            "conditioned_area": 2200.0,
            "thermal_boundary": 3,
            "rating_number": "Non-Solar 001",
            "crawl_space_type": 2,
            "foundation_type": 3,
            "number_bedrooms": 3,
            "simulation": 3,
            "volume": 19315.0,
            "_building_number": 2,
            "_result_number": 2,
            "number_stories": 2,
            "num_units": 1,
            "house_level_type": 0,
            "year_built": 2009,
            "type": 1
        }
    },
    {
        "pk": 4,
        "model": "remrate_data.buildinginfo",
        "fields": {
            "conditioned_area": 2200.0,
            "thermal_boundary": 3,
            "rating_number": "Solar 001",
            "crawl_space_type": 2,
            "foundation_type": 3,
            "number_bedrooms": 3,
            "simulation": 4,
            "volume": 19315.0,
            "_building_number": 3,
            "_result_number": 3,
            "number_stories": 2,
            "num_units": 1,
            "house_level_type": 0,
            "year_built": 2009,
            "type": 1
        }
    },
    {
        "pk": 5,
        "model": "remrate_data.buildinginfo",
        "fields": {
            "conditioned_area": 2200.0,
            "thermal_boundary": 3,
            "rating_number": "Solar 001",
            "crawl_space_type": 2,
            "foundation_type": 3,
            "number_bedrooms": 3,
            "simulation": 5,
            "volume": 19315.0,
            "_building_number": 4,
            "_result_number": 4,
            "number_stories": 2,
            "num_units": 1,
            "house_level_type": 0,
            "year_built": 2009,
            "type": 1
        }
    },
    {
        "pk": 6,
        "model": "remrate_data.buildinginfo",
        "fields": {
            "conditioned_area": 2200.0,
            "thermal_boundary": 3,
            "rating_number": "Solar 001",
            "crawl_space_type": 2,
            "foundation_type": 3,
            "number_bedrooms": 3,
            "simulation": 6,
            "volume": 19315.0,
            "_building_number": 5,
            "_result_number": 5,
            "number_stories": 2,
            "num_units": 1,
            "house_level_type": 0,
            "year_built": 2009,
            "type": 1
        }
    },
    {
        "pk": 7,
        "model": "remrate_data.buildinginfo",
        "fields": {
            "conditioned_area": 2200.0,
            "thermal_boundary": 3,
            "rating_number": "Unrelated",
            "crawl_space_type": 2,
            "foundation_type": 3,
            "number_bedrooms": 3,
            "simulation": 7,
            "volume": 19315.0,
            "_building_number": 6,
            "_result_number": 6,
            "number_stories": 2,
            "num_units": 1,
            "house_level_type": 0,
            "year_built": 2009,
            "type": 1
        }
    },
    {
        "pk": 1,
        "model": "remrate_data.building",
        "fields": {
            "skylight_conditioned_to_outdoor_ro": 0.0,
            "added_mass_drywall_thickness": 0.5,
            "foundation_walls_conditioned_to_outdoor_ro": 0.0,
            "above_ground_wall_buffer_to_outdoor_ro": 0.0,
            "sync_status": 1,
            "ceiling_cathedral_area": 0.0,
            "door_conditioned_to_outdoor_area": 42.0,
            "skylight_conditioned_to_outdoor_area": 0.0,
            "joist_conditioned_to_outdoor_ro": 21.137072,
            "ceiling_attic_area": 1019.0,
            "filename": "2200-PDX-Gas-Path 2 Plus-For Comparison-REM14.3.blg",
            "joist_buffer_to_outdoor_ro": 0.0,
            "rating_number": "Non-Solar 001",
            "user_host": "axis_test@aergia.pointcircle.com",
            "window_wall_ratio": 0.146611,
            "door_conditioned_to_outdoor_ro": 2.784932,
            "building_input_type": 2,
            "note": "",
            "joist_conditioned_to_outdoor_area": 164.0,
            "ceiling_cathedral_ro": 0.0,
            "above_ground_wall_conditioned_to_outdoor_area": 2369.25,
            "building_info": 1,
            "last_update": "2013-10-16T14:17:43Z",
            "joist_buffer_to_outdoor_area": 0.0,
            "above_ground_wall_buffer_to_outdoor_area": 0.0,
            "company": [
                "pivotal-energy-solutions"
            ],
            "remrate_user": 1,
            "frame_floor_conditioned_to_outdoor_ro": 28.567348,
            "foundation_walls_conditioned_to_outdoor_area": 0.0,
            "_source_building_number": 0,
            "ceiling_attic_ro": 44.954491,
            "window_conditioned_to_outdoor_area": 414.25,
            "above_ground_wall_conditioned_to_outdoor_ro": 19.671877,
            "foundation_walls_buffer_to_outdoor_ro": 2.470019,
            "created_on": "2013-10-16T14:15:30Z",
            "simulation": 1,
            "frame_floor_conditioned_to_outdoor_area": 1305.0,
            "_result_number": 0,
            "window_floor_ratio": 0.188295,
            "window_conditioned_to_outdoor_ro": 3.448276,
            "foundation_walls_buffer_to_outdoor_area": 490.5
        }
    },
    {
        "pk": 2,
        "model": "remrate_data.building",
        "fields": {
            "skylight_conditioned_to_outdoor_ro": 0.0,
            "added_mass_drywall_thickness": 0.5,
            "foundation_walls_conditioned_to_outdoor_ro": 0.0,
            "above_ground_wall_buffer_to_outdoor_ro": 0.0,
            "sync_status": 1,
            "ceiling_cathedral_area": 0.0,
            "door_conditioned_to_outdoor_area": 42.0,
            "skylight_conditioned_to_outdoor_area": 0.0,
            "joist_conditioned_to_outdoor_ro": 21.137072,
            "ceiling_attic_area": 1019.0,
            "filename": "2200-PDX-Gas-Path 2 Plus-For Comparison-REM14.3.blg",
            "joist_buffer_to_outdoor_ro": 0.0,
            "rating_number": "Non-Solar 001",
            "user_host": "axis_test@aergia.pointcircle.com",
            "window_wall_ratio": 0.146611,
            "door_conditioned_to_outdoor_ro": 2.784932,
            "building_input_type": 2,
            "note": "",
            "joist_conditioned_to_outdoor_area": 164.0,
            "ceiling_cathedral_ro": 0.0,
            "above_ground_wall_conditioned_to_outdoor_area": 2369.25,
            "building_info": 2,
            "last_update": "2013-10-16T14:21:43Z",
            "joist_buffer_to_outdoor_area": 0.0,
            "above_ground_wall_buffer_to_outdoor_area": 0.0,
            "company": [
                "pivotal-energy-solutions"
            ],
            "remrate_user": 1,
            "frame_floor_conditioned_to_outdoor_ro": 28.567348,
            "foundation_walls_conditioned_to_outdoor_area": 0.0,
            "_source_building_number": 1,
            "ceiling_attic_ro": 44.954491,
            "window_conditioned_to_outdoor_area": 414.25,
            "above_ground_wall_conditioned_to_outdoor_ro": 19.671877,
            "foundation_walls_buffer_to_outdoor_ro": 2.470019,
            "created_on": "2013-10-16T14:20:01Z",
            "simulation": 2,
            "frame_floor_conditioned_to_outdoor_area": 1305.0,
            "_result_number": 1,
            "window_floor_ratio": 0.188295,
            "window_conditioned_to_outdoor_ro": 3.448276,
            "foundation_walls_buffer_to_outdoor_area": 490.5
        }
    },
    {
        "pk": 3,
        "model": "remrate_data.building",
        "fields": {
            "skylight_conditioned_to_outdoor_ro": 0.0,
            "added_mass_drywall_thickness": 0.5,
            "foundation_walls_conditioned_to_outdoor_ro": 0.0,
            "above_ground_wall_buffer_to_outdoor_ro": 0.0,
            "sync_status": 1,
            "ceiling_cathedral_area": 0.0,
            "door_conditioned_to_outdoor_area": 42.0,
            "skylight_conditioned_to_outdoor_area": 0.0,
            "joist_conditioned_to_outdoor_ro": 17.241379,
            "ceiling_attic_area": 1019.0,
            "filename": "2200-PDX-Gas-Path 2 Plus-For Comparison-REM14.3.blg",
            "joist_buffer_to_outdoor_ro": 0.0,
            "rating_number": "Non-Solar 001",
            "user_host": "axis_test@aergia.pointcircle.com",
            "window_wall_ratio": 0.146611,
            "door_conditioned_to_outdoor_ro": 5.0,
            "building_input_type": 2,
            "note": "",
            "joist_conditioned_to_outdoor_area": 164.0,
            "ceiling_cathedral_ro": 0.0,
            "above_ground_wall_conditioned_to_outdoor_area": 2369.25,
            "building_info": 3,
            "last_update": "2013-10-16T14:21:44Z",
            "joist_buffer_to_outdoor_area": 0.0,
            "above_ground_wall_buffer_to_outdoor_area": 0.0,
            "company": [
                "pivotal-energy-solutions"
            ],
            "remrate_user": 1,
            "frame_floor_conditioned_to_outdoor_ro": 28.635378,
            "foundation_walls_conditioned_to_outdoor_area": 0.0,
            "_source_building_number": 2,
            "ceiling_attic_ro": 31.249998,
            "window_conditioned_to_outdoor_area": 414.25,
            "above_ground_wall_conditioned_to_outdoor_ro": 17.241379,
            "foundation_walls_buffer_to_outdoor_ro": 2.470019,
            "created_on": "2013-10-16T14:20:02Z",
            "simulation": 3,
            "frame_floor_conditioned_to_outdoor_area": 1305.0,
            "_result_number": 2,
            "window_floor_ratio": 0.188295,
            "window_conditioned_to_outdoor_ro": 2.857143,
            "foundation_walls_buffer_to_outdoor_area": 490.5
        }
    },
    {
        "pk": 4,
        "model": "remrate_data.building",
        "fields": {
            "skylight_conditioned_to_outdoor_ro": 0.0,
            "added_mass_drywall_thickness": 0.5,
            "foundation_walls_conditioned_to_outdoor_ro": 0.0,
            "above_ground_wall_buffer_to_outdoor_ro": 0.0,
            "sync_status": 1,
            "ceiling_cathedral_area": 0.0,
            "door_conditioned_to_outdoor_area": 42.0,
            "skylight_conditioned_to_outdoor_area": 0.0,
            "joist_conditioned_to_outdoor_ro": 21.137072,
            "ceiling_attic_area": 1019.0,
            "filename": "2200-PDX-Gas-Path 2 Plus-For Comparison-REM14.3-withSolarWater.blg",
            "joist_buffer_to_outdoor_ro": 0.0,
            "rating_number": "Solar 001",
            "user_host": "axis_test@aergia.pointcircle.com",
            "window_wall_ratio": 0.146611,
            "door_conditioned_to_outdoor_ro": 2.784932,
            "building_input_type": 2,
            "note": "",
            "joist_conditioned_to_outdoor_area": 164.0,
            "ceiling_cathedral_ro": 0.0,
            "above_ground_wall_conditioned_to_outdoor_area": 2369.25,
            "building_info": 4,
            "last_update": "2013-10-16T14:29:43Z",
            "joist_buffer_to_outdoor_area": 0.0,
            "above_ground_wall_buffer_to_outdoor_area": 0.0,
            "company": [
                "pivotal-energy-solutions"
            ],
            "remrate_user": 1,
            "frame_floor_conditioned_to_outdoor_ro": 28.567348,
            "foundation_walls_conditioned_to_outdoor_area": 0.0,
            "_source_building_number": 3,
            "ceiling_attic_ro": 44.954491,
            "window_conditioned_to_outdoor_area": 414.25,
            "above_ground_wall_conditioned_to_outdoor_ro": 19.671877,
            "foundation_walls_buffer_to_outdoor_ro": 2.470019,
            "created_on": "2013-10-16T14:29:11Z",
            "simulation": 4,
            "frame_floor_conditioned_to_outdoor_area": 1305.0,
            "_result_number": 3,
            "window_floor_ratio": 0.188295,
            "window_conditioned_to_outdoor_ro": 3.448276,
            "foundation_walls_buffer_to_outdoor_area": 490.5
        }
    },
    {
        "pk": 5,
        "model": "remrate_data.building",
        "fields": {
            "skylight_conditioned_to_outdoor_ro": 0.0,
            "added_mass_drywall_thickness": 0.5,
            "foundation_walls_conditioned_to_outdoor_ro": 0.0,
            "above_ground_wall_buffer_to_outdoor_ro": 0.0,
            "sync_status": 1,
            "ceiling_cathedral_area": 0.0,
            "door_conditioned_to_outdoor_area": 42.0,
            "skylight_conditioned_to_outdoor_area": 0.0,
            "joist_conditioned_to_outdoor_ro": 17.241379,
            "ceiling_attic_area": 1019.0,
            "filename": "2200-PDX-Gas-Path 2 Plus-For Comparison-REM14.3-withSolarWater.blg",
            "joist_buffer_to_outdoor_ro": 0.0,
            "rating_number": "Solar 001",
            "user_host": "axis_test@aergia.pointcircle.com",
            "window_wall_ratio": 0.146611,
            "door_conditioned_to_outdoor_ro": 5.0,
            "building_input_type": 2,
            "note": "",
            "joist_conditioned_to_outdoor_area": 164.0,
            "ceiling_cathedral_ro": 0.0,
            "above_ground_wall_conditioned_to_outdoor_area": 2369.25,
            "building_info": 5,
            "last_update": "2013-10-16T14:29:45Z",
            "joist_buffer_to_outdoor_area": 0.0,
            "above_ground_wall_buffer_to_outdoor_area": 0.0,
            "company": [
                "pivotal-energy-solutions"
            ],
            "remrate_user": 1,
            "frame_floor_conditioned_to_outdoor_ro": 28.635378,
            "foundation_walls_conditioned_to_outdoor_area": 0.0,
            "_source_building_number": 4,
            "ceiling_attic_ro": 31.249998,
            "window_conditioned_to_outdoor_area": 414.25,
            "above_ground_wall_conditioned_to_outdoor_ro": 17.241379,
            "foundation_walls_buffer_to_outdoor_ro": 2.470019,
            "created_on": "2013-10-16T14:29:12Z",
            "simulation": 5,
            "frame_floor_conditioned_to_outdoor_area": 1305.0,
            "_result_number": 4,
            "window_floor_ratio": 0.188295,
            "window_conditioned_to_outdoor_ro": 2.857143,
            "foundation_walls_buffer_to_outdoor_area": 490.5
        }
    },
    {
        "pk": 6,
        "model": "remrate_data.building",
        "fields": {
            "skylight_conditioned_to_outdoor_ro": 0.0,
            "added_mass_drywall_thickness": 0.5,
            "foundation_walls_conditioned_to_outdoor_ro": 0.0,
            "above_ground_wall_buffer_to_outdoor_ro": 0.0,
            "sync_status": 1,
            "ceiling_cathedral_area": 0.0,
            "door_conditioned_to_outdoor_area": 42.0,
            "skylight_conditioned_to_outdoor_area": 0.0,
            "joist_conditioned_to_outdoor_ro": 21.137072,
            "ceiling_attic_area": 1019.0,
            "filename": "2200-PDX-Gas-Path 2 Plus-For Comparison-REM14.3.blg",
            "joist_buffer_to_outdoor_ro": 0.0,
            "rating_number": "Solar 001",
            "user_host": "axis_test@aergia.pointcircle.com",
            "window_wall_ratio": 0.146611,
            "door_conditioned_to_outdoor_ro": 2.784932,
            "building_input_type": 2,
            "note": "",
            "joist_conditioned_to_outdoor_area": 164.0,
            "ceiling_cathedral_ro": 0.0,
            "above_ground_wall_conditioned_to_outdoor_area": 2369.25,
            "building_info": 6,
            "last_update": "2013-10-16T14:31:43Z",
            "joist_buffer_to_outdoor_area": 0.0,
            "above_ground_wall_buffer_to_outdoor_area": 0.0,
            "company": [
                "pivotal-energy-solutions"
            ],
            "remrate_user": 1,
            "frame_floor_conditioned_to_outdoor_ro": 28.567348,
            "foundation_walls_conditioned_to_outdoor_area": 0.0,
            "_source_building_number": 5,
            "ceiling_attic_ro": 44.954491,
            "window_conditioned_to_outdoor_area": 414.25,
            "above_ground_wall_conditioned_to_outdoor_ro": 19.671877,
            "foundation_walls_buffer_to_outdoor_ro": 2.470019,
            "created_on": "2013-10-16T14:30:27Z",
            "simulation": 6,
            "frame_floor_conditioned_to_outdoor_area": 1305.0,
            "_result_number": 5,
            "window_floor_ratio": 0.188295,
            "window_conditioned_to_outdoor_ro": 3.448276,
            "foundation_walls_buffer_to_outdoor_area": 490.5
        }
    },
    {
        "pk": 7,
        "model": "remrate_data.building",
        "fields": {
            "skylight_conditioned_to_outdoor_ro": 0.0,
            "added_mass_drywall_thickness": 0.5,
            "foundation_walls_conditioned_to_outdoor_ro": 0.0,
            "above_ground_wall_buffer_to_outdoor_ro": 0.0,
            "sync_status": 1,
            "ceiling_cathedral_area": 0.0,
            "door_conditioned_to_outdoor_area": 42.0,
            "skylight_conditioned_to_outdoor_area": 0.0,
            "joist_conditioned_to_outdoor_ro": 21.137072,
            "ceiling_attic_area": 1019.0,
            "filename": "2200-PDX-Gas-Path 2 Plus-For Comparison-REM14.3.blg",
            "joist_buffer_to_outdoor_ro": 0.0,
            "rating_number": "Unrelated",
            "user_host": "axis_test@aergia.pointcircle.com",
            "window_wall_ratio": 0.146611,
            "door_conditioned_to_outdoor_ro": 2.784932,
            "building_input_type": 2,
            "note": "",
            "joist_conditioned_to_outdoor_area": 164.0,
            "ceiling_cathedral_ro": 0.0,
            "above_ground_wall_conditioned_to_outdoor_area": 2369.25,
            "building_info": 7,
            "last_update": "2013-10-16T14:37:43Z",
            "joist_buffer_to_outdoor_area": 0.0,
            "above_ground_wall_buffer_to_outdoor_area": 0.0,
            "company": [
                "pivotal-energy-solutions"
            ],
            "remrate_user": 1,
            "frame_floor_conditioned_to_outdoor_ro": 28.567348,
            "foundation_walls_conditioned_to_outdoor_area": 0.0,
            "_source_building_number": 6,
            "ceiling_attic_ro": 44.954491,
            "window_conditioned_to_outdoor_area": 414.25,
            "above_ground_wall_conditioned_to_outdoor_ro": 19.671877,
            "foundation_walls_buffer_to_outdoor_ro": 2.470019,
            "created_on": "2013-10-16T14:36:44Z",
            "simulation": 7,
            "frame_floor_conditioned_to_outdoor_area": 1305.0,
            "_result_number": 6,
            "window_floor_ratio": 0.188295,
            "window_conditioned_to_outdoor_ro": 3.448276,
            "foundation_walls_buffer_to_outdoor_area": 490.5
        }
    },
    {
        "pk": 1,
        "model": "remrate_data.project",
        "fields": {
            "builder_phone": "",
            "provider_id": "____-___",
            "rating_type": "Based On Plans",
            "rating_organization_city": "",
            "property_phone": "",
            "property_zip": "",
            "_building_number": 0,
            "builder_name": "",
            "rating_organization_phone": "",
            "rating_organization_state": "",
            "rater_id": "",
            "property_state": "OR",
            "rating_number": "Non-Solar 001",
            "builder_permit": "",
            "builder_address2": "",
            "property_owner": "",
            "rater_email": "",
            "rating_organization_website": "",
            "rating_organization_address": "",
            "builder_development": "",
            "rating_organization": "",
            "resnet_registry_id": "",
            "rater_name": "",
            "sampleset_id": "00000000",
            "builder_address": "",
            "property_city": "",
            "property_address": "",
            "rating_date": "",
            "building": 1,
            "name": "",
            "rating_organization_zip": "",
            "_result_number": 0,
            "rating_reason": "Informational",
            "builder_model": "",
            "builder_email": ""
        }
    },
    {
        "pk": 2,
        "model": "remrate_data.project",
        "fields": {
            "builder_phone": "",
            "provider_id": "____-___",
            "rating_type": "Based On Plans",
            "rating_organization_city": "",
            "property_phone": "",
            "property_zip": "",
            "_building_number": 1,
            "builder_name": "",
            "rating_organization_phone": "",
            "rating_organization_state": "",
            "rater_id": "",
            "property_state": "OR",
            "rating_number": "Non-Solar 001",
            "builder_permit": "",
            "builder_address2": "",
            "property_owner": "",
            "rater_email": "",
            "rating_organization_website": "",
            "rating_organization_address": "",
            "builder_development": "",
            "rating_organization": "",
            "resnet_registry_id": "",
            "rater_name": "",
            "sampleset_id": "00000000",
            "builder_address": "",
            "property_city": "",
            "property_address": "",
            "rating_date": "",
            "building": 2,
            "name": "",
            "rating_organization_zip": "",
            "_result_number": 1,
            "rating_reason": "Informational",
            "builder_model": "",
            "builder_email": ""
        }
    },
    {
        "pk": 3,
        "model": "remrate_data.project",
        "fields": {
            "builder_phone": "",
            "provider_id": "____-___",
            "rating_type": "Based On Plans",
            "rating_organization_city": "",
            "property_phone": "",
            "property_zip": "",
            "_building_number": 2,
            "builder_name": "",
            "rating_organization_phone": "",
            "rating_organization_state": "",
            "rater_id": "",
            "property_state": "OR",
            "rating_number": "Non-Solar 001",
            "builder_permit": "",
            "builder_address2": "",
            "property_owner": "",
            "rater_email": "",
            "rating_organization_website": "",
            "rating_organization_address": "",
            "builder_development": "",
            "rating_organization": "",
            "resnet_registry_id": "",
            "rater_name": "",
            "sampleset_id": "00000000",
            "builder_address": "",
            "property_city": "",
            "property_address": "",
            "rating_date": "",
            "building": 3,
            "name": "",
            "rating_organization_zip": "",
            "_result_number": 2,
            "rating_reason": "Informational",
            "builder_model": "",
            "builder_email": ""
        }
    },
    {
        "pk": 4,
        "model": "remrate_data.project",
        "fields": {
            "builder_phone": "",
            "provider_id": "____-___",
            "rating_type": "Based On Plans",
            "rating_organization_city": "",
            "property_phone": "",
            "property_zip": "",
            "_building_number": 3,
            "builder_name": "",
            "rating_organization_phone": "",
            "rating_organization_state": "",
            "rater_id": "",
            "property_state": "OR",
            "rating_number": "Solar 001",
            "builder_permit": "",
            "builder_address2": "",
            "property_owner": "",
            "rater_email": "",
            "rating_organization_website": "",
            "rating_organization_address": "",
            "builder_development": "",
            "rating_organization": "",
            "resnet_registry_id": "",
            "rater_name": "",
            "sampleset_id": "00000000",
            "builder_address": "",
            "property_city": "",
            "property_address": "",
            "rating_date": "",
            "building": 4,
            "name": "",
            "rating_organization_zip": "",
            "_result_number": 3,
            "rating_reason": "Informational",
            "builder_model": "",
            "builder_email": ""
        }
    },
    {
        "pk": 5,
        "model": "remrate_data.project",
        "fields": {
            "builder_phone": "",
            "provider_id": "____-___",
            "rating_type": "Based On Plans",
            "rating_organization_city": "",
            "property_phone": "",
            "property_zip": "",
            "_building_number": 4,
            "builder_name": "",
            "rating_organization_phone": "",
            "rating_organization_state": "",
            "rater_id": "",
            "property_state": "OR",
            "rating_number": "Solar 001",
            "builder_permit": "",
            "builder_address2": "",
            "property_owner": "",
            "rater_email": "",
            "rating_organization_website": "",
            "rating_organization_address": "",
            "builder_development": "",
            "rating_organization": "",
            "resnet_registry_id": "",
            "rater_name": "",
            "sampleset_id": "00000000",
            "builder_address": "",
            "property_city": "",
            "property_address": "",
            "rating_date": "",
            "building": 5,
            "name": "",
            "rating_organization_zip": "",
            "_result_number": 4,
            "rating_reason": "Informational",
            "builder_model": "",
            "builder_email": ""
        }
    },
    {
        "pk": 6,
        "model": "remrate_data.project",
        "fields": {
            "builder_phone": "",
            "provider_id": "____-___",
            "rating_type": "Based On Plans",
            "rating_organization_city": "",
            "property_phone": "",
            "property_zip": "",
            "_building_number": 5,
            "builder_name": "",
            "rating_organization_phone": "",
            "rating_organization_state": "",
            "rater_id": "",
            "property_state": "OR",
            "rating_number": "Solar 001",
            "builder_permit": "",
            "builder_address2": "",
            "property_owner": "",
            "rater_email": "",
            "rating_organization_website": "",
            "rating_organization_address": "",
            "builder_development": "",
            "rating_organization": "",
            "resnet_registry_id": "",
            "rater_name": "",
            "sampleset_id": "00000000",
            "builder_address": "",
            "property_city": "",
            "property_address": "",
            "rating_date": "",
            "building": 6,
            "name": "",
            "rating_organization_zip": "",
            "_result_number": 5,
            "rating_reason": "Informational",
            "builder_model": "",
            "builder_email": ""
        }
    },
    {
        "pk": 7,
        "model": "remrate_data.project",
        "fields": {
            "builder_phone": "",
            "provider_id": "____-___",
            "rating_type": "Based On Plans",
            "rating_organization_city": "",
            "property_phone": "",
            "property_zip": "",
            "_building_number": 6,
            "builder_name": "",
            "rating_organization_phone": "",
            "rating_organization_state": "",
            "rater_id": "",
            "property_state": "OR",
            "rating_number": "Unrelated",
            "builder_permit": "",
            "builder_address2": "",
            "property_owner": "",
            "rater_email": "",
            "rating_organization_website": "",
            "rating_organization_address": "",
            "builder_development": "",
            "rating_organization": "",
            "resnet_registry_id": "",
            "rater_name": "",
            "sampleset_id": "00000000",
            "builder_address": "",
            "property_city": "",
            "property_address": "",
            "rating_date": "",
            "building": 7,
            "name": "",
            "rating_organization_zip": "",
            "_result_number": 6,
            "rating_reason": "Informational",
            "builder_model": "",
            "builder_email": ""
        }
    },
    {
        "pk": 1,
        "model": "remrate_data.utilityrate",
        "fields": {
            "name": "PGE $0.101/kWh $9/m",
            "fuel_type": 4,
            "simulation": 1,
            "_result_number": 0,
            "units": 1,
            "_source_utility_rate_no": 0
        }
    },
    {
        "pk": 2,
        "model": "remrate_data.utilityrate",
        "fields": {
            "name": "NWN $0.98/Therm $8/m",
            "fuel_type": 1,
            "simulation": 1,
            "_result_number": 0,
            "units": 4,
            "_source_utility_rate_no": 1
        }
    },
    {
        "pk": 3,
        "model": "remrate_data.utilityrate",
        "fields": {
            "name": "PGE $0.101/kWh $9/m",
            "fuel_type": 4,
            "simulation": 2,
            "_result_number": 1,
            "units": 1,
            "_source_utility_rate_no": 2
        }
    },
    {
        "pk": 4,
        "model": "remrate_data.utilityrate",
        "fields": {
            "name": "NWN $0.98/Therm $8/m",
            "fuel_type": 1,
            "simulation": 2,
            "_result_number": 1,
            "units": 4,
            "_source_utility_rate_no": 3
        }
    },
    {
        "pk": 5,
        "model": "remrate_data.utilityrate",
        "fields": {
            "name": "PGE $0.101/kWh $9/m",
            "fuel_type": 4,
            "simulation": 3,
            "_result_number": 2,
            "units": 1,
            "_source_utility_rate_no": 4
        }
    },
    {
        "pk": 6,
        "model": "remrate_data.utilityrate",
        "fields": {
            "name": "NWN $0.98/Therm $8/m",
            "fuel_type": 1,
            "simulation": 3,
            "_result_number": 2,
            "units": 4,
            "_source_utility_rate_no": 5
        }
    },
    {
        "pk": 7,
        "model": "remrate_data.utilityrate",
        "fields": {
            "name": "PGE $0.101/kWh $9/m",
            "fuel_type": 4,
            "simulation": 4,
            "_result_number": 3,
            "units": 1,
            "_source_utility_rate_no": 6
        }
    },
    {
        "pk": 8,
        "model": "remrate_data.utilityrate",
        "fields": {
            "name": "NWN $0.98/Therm $8/m",
            "fuel_type": 1,
            "simulation": 4,
            "_result_number": 3,
            "units": 4,
            "_source_utility_rate_no": 7
        }
    },
    {
        "pk": 9,
        "model": "remrate_data.utilityrate",
        "fields": {
            "name": "PGE $0.101/kWh $9/m",
            "fuel_type": 4,
            "simulation": 5,
            "_result_number": 4,
            "units": 1,
            "_source_utility_rate_no": 8
        }
    },
    {
        "pk": 10,
        "model": "remrate_data.utilityrate",
        "fields": {
            "name": "NWN $0.98/Therm $8/m",
            "fuel_type": 1,
            "simulation": 5,
            "_result_number": 4,
            "units": 4,
            "_source_utility_rate_no": 9
        }
    },
    {
        "pk": 11,
        "model": "remrate_data.utilityrate",
        "fields": {
            "name": "PGE $0.101/kWh $9/m",
            "fuel_type": 4,
            "simulation": 6,
            "_result_number": 5,
            "units": 1,
            "_source_utility_rate_no": 10
        }
    },
    {
        "pk": 12,
        "model": "remrate_data.utilityrate",
        "fields": {
            "name": "NWN $0.98/Therm $8/m",
            "fuel_type": 1,
            "simulation": 6,
            "_result_number": 5,
            "units": 4,
            "_source_utility_rate_no": 11
        }
    },
    {
        "pk": 13,
        "model": "remrate_data.utilityrate",
        "fields": {
            "name": "PGE $0.101/kWh $9/m",
            "fuel_type": 4,
            "simulation": 7,
            "_result_number": 6,
            "units": 1,
            "_source_utility_rate_no": 12
        }
    },
    {
        "pk": 14,
        "model": "remrate_data.utilityrate",
        "fields": {
            "name": "NWN $0.98/Therm $8/m",
            "fuel_type": 1,
            "simulation": 7,
            "_result_number": 6,
            "units": 4,
            "_source_utility_rate_no": 13
        }
    },
    {
        "pk": 1,
        "model": "remrate_data.seasonalrate",
        "fields": {
            "start_month": 1,
            "_result_number": 0,
            "simulation": 1,
            "end_month": 12,
            "rate": 1,
            "cost": 9.0,
            "_source_seasonal_rate_number": 0,
            "_utility_rate_no": 0
        }
    },
    {
        "pk": 2,
        "model": "remrate_data.seasonalrate",
        "fields": {
            "start_month": 1,
            "_result_number": 0,
            "simulation": 1,
            "end_month": 12,
            "rate": 2,
            "cost": 8.0,
            "_source_seasonal_rate_number": 1,
            "_utility_rate_no": 1
        }
    },
    {
        "pk": 3,
        "model": "remrate_data.seasonalrate",
        "fields": {
            "start_month": 1,
            "_result_number": 1,
            "simulation": 2,
            "end_month": 12,
            "rate": 3,
            "cost": 9.0,
            "_source_seasonal_rate_number": 2,
            "_utility_rate_no": 2
        }
    },
    {
        "pk": 4,
        "model": "remrate_data.seasonalrate",
        "fields": {
            "start_month": 1,
            "_result_number": 1,
            "simulation": 2,
            "end_month": 12,
            "rate": 4,
            "cost": 8.0,
            "_source_seasonal_rate_number": 3,
            "_utility_rate_no": 3
        }
    },
    {
        "pk": 5,
        "model": "remrate_data.seasonalrate",
        "fields": {
            "start_month": 1,
            "_result_number": 2,
            "simulation": 3,
            "end_month": 12,
            "rate": 5,
            "cost": 9.0,
            "_source_seasonal_rate_number": 4,
            "_utility_rate_no": 4
        }
    },
    {
        "pk": 6,
        "model": "remrate_data.seasonalrate",
        "fields": {
            "start_month": 1,
            "_result_number": 2,
            "simulation": 3,
            "end_month": 12,
            "rate": 6,
            "cost": 8.0,
            "_source_seasonal_rate_number": 5,
            "_utility_rate_no": 5
        }
    },
    {
        "pk": 7,
        "model": "remrate_data.seasonalrate",
        "fields": {
            "start_month": 1,
            "_result_number": 3,
            "simulation": 4,
            "end_month": 12,
            "rate": 7,
            "cost": 9.0,
            "_source_seasonal_rate_number": 6,
            "_utility_rate_no": 6
        }
    },
    {
        "pk": 8,
        "model": "remrate_data.seasonalrate",
        "fields": {
            "start_month": 1,
            "_result_number": 3,
            "simulation": 4,
            "end_month": 12,
            "rate": 8,
            "cost": 8.0,
            "_source_seasonal_rate_number": 7,
            "_utility_rate_no": 7
        }
    },
    {
        "pk": 9,
        "model": "remrate_data.seasonalrate",
        "fields": {
            "start_month": 1,
            "_result_number": 4,
            "simulation": 5,
            "end_month": 12,
            "rate": 9,
            "cost": 9.0,
            "_source_seasonal_rate_number": 8,
            "_utility_rate_no": 8
        }
    },
    {
        "pk": 10,
        "model": "remrate_data.seasonalrate",
        "fields": {
            "start_month": 1,
            "_result_number": 4,
            "simulation": 5,
            "end_month": 12,
            "rate": 10,
            "cost": 8.0,
            "_source_seasonal_rate_number": 9,
            "_utility_rate_no": 9
        }
    },
    {
        "pk": 11,
        "model": "remrate_data.seasonalrate",
        "fields": {
            "start_month": 1,
            "_result_number": 5,
            "simulation": 6,
            "end_month": 12,
            "rate": 11,
            "cost": 9.0,
            "_source_seasonal_rate_number": 10,
            "_utility_rate_no": 10
        }
    },
    {
        "pk": 12,
        "model": "remrate_data.seasonalrate",
        "fields": {
            "start_month": 1,
            "_result_number": 5,
            "simulation": 6,
            "end_month": 12,
            "rate": 12,
            "cost": 8.0,
            "_source_seasonal_rate_number": 11,
            "_utility_rate_no": 11
        }
    },
    {
        "pk": 13,
        "model": "remrate_data.seasonalrate",
        "fields": {
            "start_month": 1,
            "_result_number": 6,
            "simulation": 7,
            "end_month": 12,
            "rate": 13,
            "cost": 9.0,
            "_source_seasonal_rate_number": 12,
            "_utility_rate_no": 12
        }
    },
    {
        "pk": 14,
        "model": "remrate_data.seasonalrate",
        "fields": {
            "start_month": 1,
            "_result_number": 6,
            "simulation": 7,
            "end_month": 12,
            "rate": 14,
            "cost": 8.0,
            "_source_seasonal_rate_number": 13,
            "_utility_rate_no": 13
        }
    },
    {
        "pk": 1,
        "model": "remrate_data.block",
        "fields": {
            "max_consumption": 1000.0,
            "dollars_per_unit_per_month": 0.1013,
            "simulation": 1,
            "seasonal_rate": 1,
            "_seasonal_rate_number": 0,
            "_result_number": 0
        }
    },
    {
        "pk": 2,
        "model": "remrate_data.block",
        "fields": {
            "max_consumption": 1000000.0,
            "dollars_per_unit_per_month": 0.1085,
            "simulation": 1,
            "seasonal_rate": 1,
            "_seasonal_rate_number": 0,
            "_result_number": 0
        }
    },
    {
        "pk": 3,
        "model": "remrate_data.block",
        "fields": {
            "max_consumption": 1000000.0,
            "dollars_per_unit_per_month": 0.976,
            "simulation": 1,
            "seasonal_rate": 2,
            "_seasonal_rate_number": 1,
            "_result_number": 0
        }
    },
    {
        "pk": 4,
        "model": "remrate_data.block",
        "fields": {
            "max_consumption": 1000.0,
            "dollars_per_unit_per_month": 0.1013,
            "simulation": 2,
            "seasonal_rate": 3,
            "_seasonal_rate_number": 2,
            "_result_number": 1
        }
    },
    {
        "pk": 5,
        "model": "remrate_data.block",
        "fields": {
            "max_consumption": 1000000.0,
            "dollars_per_unit_per_month": 0.1085,
            "simulation": 2,
            "seasonal_rate": 3,
            "_seasonal_rate_number": 2,
            "_result_number": 1
        }
    },
    {
        "pk": 6,
        "model": "remrate_data.block",
        "fields": {
            "max_consumption": 1000000.0,
            "dollars_per_unit_per_month": 0.976,
            "simulation": 2,
            "seasonal_rate": 4,
            "_seasonal_rate_number": 3,
            "_result_number": 1
        }
    },
    {
        "pk": 7,
        "model": "remrate_data.block",
        "fields": {
            "max_consumption": 1000.0,
            "dollars_per_unit_per_month": 0.1013,
            "simulation": 3,
            "seasonal_rate": 5,
            "_seasonal_rate_number": 4,
            "_result_number": 2
        }
    },
    {
        "pk": 8,
        "model": "remrate_data.block",
        "fields": {
            "max_consumption": 1000000.0,
            "dollars_per_unit_per_month": 0.1085,
            "simulation": 3,
            "seasonal_rate": 5,
            "_seasonal_rate_number": 4,
            "_result_number": 2
        }
    },
    {
        "pk": 9,
        "model": "remrate_data.block",
        "fields": {
            "max_consumption": 1000000.0,
            "dollars_per_unit_per_month": 0.976,
            "simulation": 3,
            "seasonal_rate": 6,
            "_seasonal_rate_number": 5,
            "_result_number": 2
        }
    },
    {
        "pk": 10,
        "model": "remrate_data.block",
        "fields": {
            "max_consumption": 1000.0,
            "dollars_per_unit_per_month": 0.1013,
            "simulation": 4,
            "seasonal_rate": 7,
            "_seasonal_rate_number": 6,
            "_result_number": 3
        }
    },
    {
        "pk": 11,
        "model": "remrate_data.block",
        "fields": {
            "max_consumption": 1000000.0,
            "dollars_per_unit_per_month": 0.1085,
            "simulation": 4,
            "seasonal_rate": 7,
            "_seasonal_rate_number": 6,
            "_result_number": 3
        }
    },
    {
        "pk": 12,
        "model": "remrate_data.block",
        "fields": {
            "max_consumption": 1000000.0,
            "dollars_per_unit_per_month": 0.976,
            "simulation": 4,
            "seasonal_rate": 8,
            "_seasonal_rate_number": 7,
            "_result_number": 3
        }
    },
    {
        "pk": 13,
        "model": "remrate_data.block",
        "fields": {
            "max_consumption": 1000.0,
            "dollars_per_unit_per_month": 0.1013,
            "simulation": 5,
            "seasonal_rate": 9,
            "_seasonal_rate_number": 8,
            "_result_number": 4
        }
    },
    {
        "pk": 14,
        "model": "remrate_data.block",
        "fields": {
            "max_consumption": 1000000.0,
            "dollars_per_unit_per_month": 0.1085,
            "simulation": 5,
            "seasonal_rate": 9,
            "_seasonal_rate_number": 8,
            "_result_number": 4
        }
    },
    {
        "pk": 15,
        "model": "remrate_data.block",
        "fields": {
            "max_consumption": 1000000.0,
            "dollars_per_unit_per_month": 0.976,
            "simulation": 5,
            "seasonal_rate": 10,
            "_seasonal_rate_number": 9,
            "_result_number": 4
        }
    },
    {
        "pk": 16,
        "model": "remrate_data.block",
        "fields": {
            "max_consumption": 1000.0,
            "dollars_per_unit_per_month": 0.1013,
            "simulation": 6,
            "seasonal_rate": 11,
            "_seasonal_rate_number": 10,
            "_result_number": 5
        }
    },
    {
        "pk": 17,
        "model": "remrate_data.block",
        "fields": {
            "max_consumption": 1000000.0,
            "dollars_per_unit_per_month": 0.1085,
            "simulation": 6,
            "seasonal_rate": 11,
            "_seasonal_rate_number": 10,
            "_result_number": 5
        }
    },
    {
        "pk": 18,
        "model": "remrate_data.block",
        "fields": {
            "max_consumption": 1000000.0,
            "dollars_per_unit_per_month": 0.976,
            "simulation": 6,
            "seasonal_rate": 12,
            "_seasonal_rate_number": 11,
            "_result_number": 5
        }
    },
    {
        "pk": 19,
        "model": "remrate_data.block",
        "fields": {
            "max_consumption": 1000.0,
            "dollars_per_unit_per_month": 0.1013,
            "simulation": 7,
            "seasonal_rate": 13,
            "_seasonal_rate_number": 12,
            "_result_number": 6
        }
    },
    {
        "pk": 20,
        "model": "remrate_data.block",
        "fields": {
            "max_consumption": 1000000.0,
            "dollars_per_unit_per_month": 0.1085,
            "simulation": 7,
            "seasonal_rate": 13,
            "_seasonal_rate_number": 12,
            "_result_number": 6
        }
    },
    {
        "pk": 21,
        "model": "remrate_data.block",
        "fields": {
            "max_consumption": 1000000.0,
            "dollars_per_unit_per_month": 0.976,
            "simulation": 7,
            "seasonal_rate": 14,
            "_seasonal_rate_number": 13,
            "_result_number": 6
        }
    },
    {
        "pk": 1,
        "model": "remrate_data.foundationwalltype",
        "fields": {
            "interior_insulation_bottom_type": 1.0,
            "interior_insulation_bottom": 0.0,
            "name": "R0,8 in",
            "exterior_insulation": 0.0,
            "stud_type": 0,
            "interior_insulation_top": 0.0,
            "rigid_insulation_r_value": 0.0,
            "insulation_grade": 1,
            "simulation": 1,
            "note": "Uninsulated 8\" foundation wall",
            "masonry_thickness": 8.0,
            "_result_number": 0,
            "_source_foundation_wall_number": 0,
            "interior_insulation_top_type": 1.0,
            "batt_or_blown_insulation_r_value": 0.0,
            "exterior_insulation_bottom_type": 1.0,
            "exterior_insulation_top": 0.0,
            "exterior_insulation_bottom": 0.0,
            "wall_type": 11,
            "exterior_insulation_top_type": 1.0
        }
    },
    {
        "pk": 2,
        "model": "remrate_data.foundationwalltype",
        "fields": {
            "interior_insulation_bottom_type": 1.0,
            "interior_insulation_bottom": 0.0,
            "name": "R0,8 in",
            "exterior_insulation": 0.0,
            "stud_type": 0,
            "interior_insulation_top": 0.0,
            "rigid_insulation_r_value": 0.0,
            "insulation_grade": 1,
            "simulation": 1,
            "note": "Uninsulated 8\" foundation wall",
            "masonry_thickness": 8.0,
            "_result_number": 0,
            "_source_foundation_wall_number": 1,
            "interior_insulation_top_type": 1.0,
            "batt_or_blown_insulation_r_value": 0.0,
            "exterior_insulation_bottom_type": 1.0,
            "exterior_insulation_top": 0.0,
            "exterior_insulation_bottom": 0.0,
            "wall_type": 11,
            "exterior_insulation_top_type": 1.0
        }
    },
    {
        "pk": 3,
        "model": "remrate_data.foundationwalltype",
        "fields": {
            "interior_insulation_bottom_type": 1.0,
            "interior_insulation_bottom": 0.0,
            "name": "R0,8 in",
            "exterior_insulation": 0.0,
            "stud_type": 0,
            "interior_insulation_top": 0.0,
            "rigid_insulation_r_value": 0.0,
            "insulation_grade": 1,
            "simulation": 2,
            "note": "Uninsulated 8\" foundation wall",
            "masonry_thickness": 8.0,
            "_result_number": 1,
            "_source_foundation_wall_number": 2,
            "interior_insulation_top_type": 1.0,
            "batt_or_blown_insulation_r_value": 0.0,
            "exterior_insulation_bottom_type": 1.0,
            "exterior_insulation_top": 0.0,
            "exterior_insulation_bottom": 0.0,
            "wall_type": 11,
            "exterior_insulation_top_type": 1.0
        }
    },
    {
        "pk": 4,
        "model": "remrate_data.foundationwalltype",
        "fields": {
            "interior_insulation_bottom_type": 1.0,
            "interior_insulation_bottom": 0.0,
            "name": "R0,8 in",
            "exterior_insulation": 0.0,
            "stud_type": 0,
            "interior_insulation_top": 0.0,
            "rigid_insulation_r_value": 0.0,
            "insulation_grade": 1,
            "simulation": 2,
            "note": "Uninsulated 8\" foundation wall",
            "masonry_thickness": 8.0,
            "_result_number": 1,
            "_source_foundation_wall_number": 3,
            "interior_insulation_top_type": 1.0,
            "batt_or_blown_insulation_r_value": 0.0,
            "exterior_insulation_bottom_type": 1.0,
            "exterior_insulation_top": 0.0,
            "exterior_insulation_bottom": 0.0,
            "wall_type": 11,
            "exterior_insulation_top_type": 1.0
        }
    },
    {
        "pk": 5,
        "model": "remrate_data.foundationwalltype",
        "fields": {
            "interior_insulation_bottom_type": 1.0,
            "interior_insulation_bottom": 0.0,
            "name": "R0,8 in",
            "exterior_insulation": 0.0,
            "stud_type": 0,
            "interior_insulation_top": 0.0,
            "rigid_insulation_r_value": 0.0,
            "insulation_grade": 1,
            "simulation": 3,
            "note": "Uninsulated 8\" foundation wall",
            "masonry_thickness": 8.0,
            "_result_number": 2,
            "_source_foundation_wall_number": 4,
            "interior_insulation_top_type": 1.0,
            "batt_or_blown_insulation_r_value": 0.0,
            "exterior_insulation_bottom_type": 1.0,
            "exterior_insulation_top": 0.0,
            "exterior_insulation_bottom": 0.0,
            "wall_type": 11,
            "exterior_insulation_top_type": 1.0
        }
    },
    {
        "pk": 6,
        "model": "remrate_data.foundationwalltype",
        "fields": {
            "interior_insulation_bottom_type": 1.0,
            "interior_insulation_bottom": 0.0,
            "name": "R0,8 in",
            "exterior_insulation": 0.0,
            "stud_type": 0,
            "interior_insulation_top": 0.0,
            "rigid_insulation_r_value": 0.0,
            "insulation_grade": 1,
            "simulation": 3,
            "note": "Uninsulated 8\" foundation wall",
            "masonry_thickness": 8.0,
            "_result_number": 2,
            "_source_foundation_wall_number": 5,
            "interior_insulation_top_type": 1.0,
            "batt_or_blown_insulation_r_value": 0.0,
            "exterior_insulation_bottom_type": 1.0,
            "exterior_insulation_top": 0.0,
            "exterior_insulation_bottom": 0.0,
            "wall_type": 11,
            "exterior_insulation_top_type": 1.0
        }
    },
    {
        "pk": 7,
        "model": "remrate_data.foundationwalltype",
        "fields": {
            "interior_insulation_bottom_type": 1.0,
            "interior_insulation_bottom": 0.0,
            "name": "R0,8 in",
            "exterior_insulation": 0.0,
            "stud_type": 0,
            "interior_insulation_top": 0.0,
            "rigid_insulation_r_value": 0.0,
            "insulation_grade": 1,
            "simulation": 4,
            "note": "Uninsulated 8\" foundation wall",
            "masonry_thickness": 8.0,
            "_result_number": 3,
            "_source_foundation_wall_number": 6,
            "interior_insulation_top_type": 1.0,
            "batt_or_blown_insulation_r_value": 0.0,
            "exterior_insulation_bottom_type": 1.0,
            "exterior_insulation_top": 0.0,
            "exterior_insulation_bottom": 0.0,
            "wall_type": 11,
            "exterior_insulation_top_type": 1.0
        }
    },
    {
        "pk": 8,
        "model": "remrate_data.foundationwalltype",
        "fields": {
            "interior_insulation_bottom_type": 1.0,
            "interior_insulation_bottom": 0.0,
            "name": "R0,8 in",
            "exterior_insulation": 0.0,
            "stud_type": 0,
            "interior_insulation_top": 0.0,
            "rigid_insulation_r_value": 0.0,
            "insulation_grade": 1,
            "simulation": 4,
            "note": "Uninsulated 8\" foundation wall",
            "masonry_thickness": 8.0,
            "_result_number": 3,
            "_source_foundation_wall_number": 7,
            "interior_insulation_top_type": 1.0,
            "batt_or_blown_insulation_r_value": 0.0,
            "exterior_insulation_bottom_type": 1.0,
            "exterior_insulation_top": 0.0,
            "exterior_insulation_bottom": 0.0,
            "wall_type": 11,
            "exterior_insulation_top_type": 1.0
        }
    },
    {
        "pk": 9,
        "model": "remrate_data.foundationwalltype",
        "fields": {
            "interior_insulation_bottom_type": 1.0,
            "interior_insulation_bottom": 0.0,
            "name": "R0,8 in",
            "exterior_insulation": 0.0,
            "stud_type": 0,
            "interior_insulation_top": 0.0,
            "rigid_insulation_r_value": 0.0,
            "insulation_grade": 1,
            "simulation": 5,
            "note": "Uninsulated 8\" foundation wall",
            "masonry_thickness": 8.0,
            "_result_number": 4,
            "_source_foundation_wall_number": 8,
            "interior_insulation_top_type": 1.0,
            "batt_or_blown_insulation_r_value": 0.0,
            "exterior_insulation_bottom_type": 1.0,
            "exterior_insulation_top": 0.0,
            "exterior_insulation_bottom": 0.0,
            "wall_type": 11,
            "exterior_insulation_top_type": 1.0
        }
    },
    {
        "pk": 10,
        "model": "remrate_data.foundationwalltype",
        "fields": {
            "interior_insulation_bottom_type": 1.0,
            "interior_insulation_bottom": 0.0,
            "name": "R0,8 in",
            "exterior_insulation": 0.0,
            "stud_type": 0,
            "interior_insulation_top": 0.0,
            "rigid_insulation_r_value": 0.0,
            "insulation_grade": 1,
            "simulation": 5,
            "note": "Uninsulated 8\" foundation wall",
            "masonry_thickness": 8.0,
            "_result_number": 4,
            "_source_foundation_wall_number": 9,
            "interior_insulation_top_type": 1.0,
            "batt_or_blown_insulation_r_value": 0.0,
            "exterior_insulation_bottom_type": 1.0,
            "exterior_insulation_top": 0.0,
            "exterior_insulation_bottom": 0.0,
            "wall_type": 11,
            "exterior_insulation_top_type": 1.0
        }
    },
    {
        "pk": 11,
        "model": "remrate_data.foundationwalltype",
        "fields": {
            "interior_insulation_bottom_type": 1.0,
            "interior_insulation_bottom": 0.0,
            "name": "R0,8 in",
            "exterior_insulation": 0.0,
            "stud_type": 0,
            "interior_insulation_top": 0.0,
            "rigid_insulation_r_value": 0.0,
            "insulation_grade": 1,
            "simulation": 6,
            "note": "Uninsulated 8\" foundation wall",
            "masonry_thickness": 8.0,
            "_result_number": 5,
            "_source_foundation_wall_number": 10,
            "interior_insulation_top_type": 1.0,
            "batt_or_blown_insulation_r_value": 0.0,
            "exterior_insulation_bottom_type": 1.0,
            "exterior_insulation_top": 0.0,
            "exterior_insulation_bottom": 0.0,
            "wall_type": 11,
            "exterior_insulation_top_type": 1.0
        }
    },
    {
        "pk": 12,
        "model": "remrate_data.foundationwalltype",
        "fields": {
            "interior_insulation_bottom_type": 1.0,
            "interior_insulation_bottom": 0.0,
            "name": "R0,8 in",
            "exterior_insulation": 0.0,
            "stud_type": 0,
            "interior_insulation_top": 0.0,
            "rigid_insulation_r_value": 0.0,
            "insulation_grade": 1,
            "simulation": 6,
            "note": "Uninsulated 8\" foundation wall",
            "masonry_thickness": 8.0,
            "_result_number": 5,
            "_source_foundation_wall_number": 11,
            "interior_insulation_top_type": 1.0,
            "batt_or_blown_insulation_r_value": 0.0,
            "exterior_insulation_bottom_type": 1.0,
            "exterior_insulation_top": 0.0,
            "exterior_insulation_bottom": 0.0,
            "wall_type": 11,
            "exterior_insulation_top_type": 1.0
        }
    },
    {
        "pk": 13,
        "model": "remrate_data.foundationwalltype",
        "fields": {
            "interior_insulation_bottom_type": 1.0,
            "interior_insulation_bottom": 0.0,
            "name": "R0,8 in",
            "exterior_insulation": 0.0,
            "stud_type": 0,
            "interior_insulation_top": 0.0,
            "rigid_insulation_r_value": 0.0,
            "insulation_grade": 1,
            "simulation": 7,
            "note": "Uninsulated 8\" foundation wall",
            "masonry_thickness": 8.0,
            "_result_number": 6,
            "_source_foundation_wall_number": 12,
            "interior_insulation_top_type": 1.0,
            "batt_or_blown_insulation_r_value": 0.0,
            "exterior_insulation_bottom_type": 1.0,
            "exterior_insulation_top": 0.0,
            "exterior_insulation_bottom": 0.0,
            "wall_type": 11,
            "exterior_insulation_top_type": 1.0
        }
    },
    {
        "pk": 14,
        "model": "remrate_data.foundationwalltype",
        "fields": {
            "interior_insulation_bottom_type": 1.0,
            "interior_insulation_bottom": 0.0,
            "name": "R0,8 in",
            "exterior_insulation": 0.0,
            "stud_type": 0,
            "interior_insulation_top": 0.0,
            "rigid_insulation_r_value": 0.0,
            "insulation_grade": 1,
            "simulation": 7,
            "note": "Uninsulated 8\" foundation wall",
            "masonry_thickness": 8.0,
            "_result_number": 6,
            "_source_foundation_wall_number": 13,
            "interior_insulation_top_type": 1.0,
            "batt_or_blown_insulation_r_value": 0.0,
            "exterior_insulation_bottom_type": 1.0,
            "exterior_insulation_top": 0.0,
            "exterior_insulation_bottom": 0.0,
            "wall_type": 11,
            "exterior_insulation_top_type": 1.0
        }
    },
    {
        "pk": 1,
        "model": "remrate_data.foundationwall",
        "fields": {
            "building": 1,
            "rating_number": "Non-Solar 001",
            "name": "ext. wall",
            "depth_below_grade": 2.0,
            "depth_above_grade": 1.0,
            "length": 151.5,
            "simulation": 1,
            "_building_number": 0,
            "_result_number": 0,
            "location": 210,
            "_foundation_wall_number": 0,
            "height": 3.0,
            "type": 1
        }
    },
    {
        "pk": 2,
        "model": "remrate_data.foundationwall",
        "fields": {
            "building": 1,
            "rating_number": "Non-Solar 001",
            "name": "garage wall",
            "depth_below_grade": 2.0,
            "depth_above_grade": 1.0,
            "length": 12.0,
            "simulation": 1,
            "_building_number": 0,
            "_result_number": 0,
            "location": 211,
            "_foundation_wall_number": 1,
            "height": 3.0,
            "type": 2
        }
    },
    {
        "pk": 3,
        "model": "remrate_data.foundationwall",
        "fields": {
            "building": 2,
            "rating_number": "Non-Solar 001",
            "name": "ext. wall",
            "depth_below_grade": 2.0,
            "depth_above_grade": 1.0,
            "length": 151.5,
            "simulation": 2,
            "_building_number": 1,
            "_result_number": 1,
            "location": 210,
            "_foundation_wall_number": 2,
            "height": 3.0,
            "type": 3
        }
    },
    {
        "pk": 4,
        "model": "remrate_data.foundationwall",
        "fields": {
            "building": 2,
            "rating_number": "Non-Solar 001",
            "name": "garage wall",
            "depth_below_grade": 2.0,
            "depth_above_grade": 1.0,
            "length": 12.0,
            "simulation": 2,
            "_building_number": 1,
            "_result_number": 1,
            "location": 211,
            "_foundation_wall_number": 3,
            "height": 3.0,
            "type": 4
        }
    },
    {
        "pk": 5,
        "model": "remrate_data.foundationwall",
        "fields": {
            "building": 3,
            "rating_number": "Non-Solar 001",
            "name": "ext. wall",
            "depth_below_grade": 2.0,
            "depth_above_grade": 1.0,
            "length": 151.5,
            "simulation": 3,
            "_building_number": 2,
            "_result_number": 2,
            "location": 210,
            "_foundation_wall_number": 4,
            "height": 3.0,
            "type": 5
        }
    },
    {
        "pk": 6,
        "model": "remrate_data.foundationwall",
        "fields": {
            "building": 3,
            "rating_number": "Non-Solar 001",
            "name": "garage wall",
            "depth_below_grade": 2.0,
            "depth_above_grade": 1.0,
            "length": 12.0,
            "simulation": 3,
            "_building_number": 2,
            "_result_number": 2,
            "location": 211,
            "_foundation_wall_number": 5,
            "height": 3.0,
            "type": 6
        }
    },
    {
        "pk": 7,
        "model": "remrate_data.foundationwall",
        "fields": {
            "building": 4,
            "rating_number": "Solar 001",
            "name": "ext. wall",
            "depth_below_grade": 2.0,
            "depth_above_grade": 1.0,
            "length": 151.5,
            "simulation": 4,
            "_building_number": 3,
            "_result_number": 3,
            "location": 210,
            "_foundation_wall_number": 6,
            "height": 3.0,
            "type": 7
        }
    },
    {
        "pk": 8,
        "model": "remrate_data.foundationwall",
        "fields": {
            "building": 4,
            "rating_number": "Solar 001",
            "name": "garage wall",
            "depth_below_grade": 2.0,
            "depth_above_grade": 1.0,
            "length": 12.0,
            "simulation": 4,
            "_building_number": 3,
            "_result_number": 3,
            "location": 211,
            "_foundation_wall_number": 7,
            "height": 3.0,
            "type": 8
        }
    },
    {
        "pk": 9,
        "model": "remrate_data.foundationwall",
        "fields": {
            "building": 5,
            "rating_number": "Solar 001",
            "name": "ext. wall",
            "depth_below_grade": 2.0,
            "depth_above_grade": 1.0,
            "length": 151.5,
            "simulation": 5,
            "_building_number": 4,
            "_result_number": 4,
            "location": 210,
            "_foundation_wall_number": 8,
            "height": 3.0,
            "type": 9
        }
    },
    {
        "pk": 10,
        "model": "remrate_data.foundationwall",
        "fields": {
            "building": 5,
            "rating_number": "Solar 001",
            "name": "garage wall",
            "depth_below_grade": 2.0,
            "depth_above_grade": 1.0,
            "length": 12.0,
            "simulation": 5,
            "_building_number": 4,
            "_result_number": 4,
            "location": 211,
            "_foundation_wall_number": 9,
            "height": 3.0,
            "type": 10
        }
    },
    {
        "pk": 11,
        "model": "remrate_data.foundationwall",
        "fields": {
            "building": 6,
            "rating_number": "Solar 001",
            "name": "ext. wall",
            "depth_below_grade": 2.0,
            "depth_above_grade": 1.0,
            "length": 151.5,
            "simulation": 6,
            "_building_number": 5,
            "_result_number": 5,
            "location": 210,
            "_foundation_wall_number": 10,
            "height": 3.0,
            "type": 11
        }
    },
    {
        "pk": 12,
        "model": "remrate_data.foundationwall",
        "fields": {
            "building": 6,
            "rating_number": "Solar 001",
            "name": "garage wall",
            "depth_below_grade": 2.0,
            "depth_above_grade": 1.0,
            "length": 12.0,
            "simulation": 6,
            "_building_number": 5,
            "_result_number": 5,
            "location": 211,
            "_foundation_wall_number": 11,
            "height": 3.0,
            "type": 12
        }
    },
    {
        "pk": 13,
        "model": "remrate_data.foundationwall",
        "fields": {
            "building": 7,
            "rating_number": "Unrelated",
            "name": "ext. wall",
            "depth_below_grade": 2.0,
            "depth_above_grade": 1.0,
            "length": 151.5,
            "simulation": 7,
            "_building_number": 6,
            "_result_number": 6,
            "location": 210,
            "_foundation_wall_number": 12,
            "height": 3.0,
            "type": 13
        }
    },
    {
        "pk": 14,
        "model": "remrate_data.foundationwall",
        "fields": {
            "building": 7,
            "rating_number": "Unrelated",
            "name": "garage wall",
            "depth_below_grade": 2.0,
            "depth_above_grade": 1.0,
            "length": 12.0,
            "simulation": 7,
            "_building_number": 6,
            "_result_number": 6,
            "location": 211,
            "_foundation_wall_number": 13,
            "height": 3.0,
            "type": 14
        }
    },
    {
        "pk": 1,
        "model": "remrate_data.compositetype",
        "fields": {
            "_source_composite_type_number": 0,
            "name": "E* R49 Avg, R21@ Edg",
            "layer_1": "Gyp board",
            "u_value": 0.022245,
            "layer_3": "Continuous ins",
            "layer_2": "Cavity Ins/Frm",
            "layer_5": "",
            "layer_4": "",
            "simulation": 1,
            "_result_number": 0,
            "quick_fill": true,
            "layer_6": ""
        }
    },
    {
        "pk": 2,
        "model": "remrate_data.compositetype",
        "fields": {
            "_source_composite_type_number": 1,
            "name": "E* R49 Avg, R21@ Edg",
            "layer_1": "Gyp board",
            "u_value": 0.022245,
            "layer_3": "Continuous ins",
            "layer_2": "Cavity Ins/Frm",
            "layer_5": "",
            "layer_4": "",
            "simulation": 1,
            "_result_number": 0,
            "quick_fill": true,
            "layer_6": ""
        }
    },
    {
        "pk": 3,
        "model": "remrate_data.compositetype",
        "fields": {
            "_source_composite_type_number": 2,
            "name": "R23 BIB",
            "layer_1": "Gyp board",
            "u_value": 0.050834,
            "layer_3": "Cavity ins/Frm",
            "layer_2": "Air Gap/Frm",
            "layer_5": "Ext Finish",
            "layer_4": "Continuous ins",
            "simulation": 1,
            "_result_number": 0,
            "quick_fill": true,
            "layer_6": ""
        }
    },
    {
        "pk": 4,
        "model": "remrate_data.compositetype",
        "fields": {
            "_source_composite_type_number": 3,
            "name": "R23 BIB",
            "layer_1": "Gyp board",
            "u_value": 0.050834,
            "layer_3": "Cavity ins/Frm",
            "layer_2": "Air Gap/Frm",
            "layer_5": "Ext Finish",
            "layer_4": "Continuous ins",
            "simulation": 1,
            "_result_number": 0,
            "quick_fill": true,
            "layer_6": ""
        }
    },
    {
        "pk": 5,
        "model": "remrate_data.compositetype",
        "fields": {
            "_source_composite_type_number": 4,
            "name": "R30,FG1,X-16",
            "layer_1": "Floor covering",
            "u_value": 0.035005,
            "layer_3": "Cavity ins",
            "layer_2": "Subfloor",
            "layer_5": "Framing",
            "layer_4": "Continuous ins",
            "simulation": 1,
            "_result_number": 0,
            "quick_fill": true,
            "layer_6": ""
        }
    },
    {
        "pk": 6,
        "model": "remrate_data.compositetype",
        "fields": {
            "_source_composite_type_number": 5,
            "name": "R30,FG1,X-16",
            "layer_1": "Floor covering",
            "u_value": 0.035005,
            "layer_3": "Cavity ins",
            "layer_2": "Subfloor",
            "layer_5": "Framing",
            "layer_4": "Continuous ins",
            "simulation": 1,
            "_result_number": 0,
            "quick_fill": true,
            "layer_6": ""
        }
    },
    {
        "pk": 7,
        "model": "remrate_data.compositetype",
        "fields": {
            "_source_composite_type_number": 6,
            "name": "E* R49 Avg, R21@ Edg",
            "layer_1": "Gyp board",
            "u_value": 0.022245,
            "layer_3": "Continuous ins",
            "layer_2": "Cavity Ins/Frm",
            "layer_5": "",
            "layer_4": "",
            "simulation": 2,
            "_result_number": 1,
            "quick_fill": true,
            "layer_6": ""
        }
    },
    {
        "pk": 8,
        "model": "remrate_data.compositetype",
        "fields": {
            "_source_composite_type_number": 7,
            "name": "E* R49 Avg, R21@ Edg",
            "layer_1": "Gyp board",
            "u_value": 0.022245,
            "layer_3": "Continuous ins",
            "layer_2": "Cavity Ins/Frm",
            "layer_5": "",
            "layer_4": "",
            "simulation": 2,
            "_result_number": 1,
            "quick_fill": true,
            "layer_6": ""
        }
    },
    {
        "pk": 9,
        "model": "remrate_data.compositetype",
        "fields": {
            "_source_composite_type_number": 8,
            "name": "R23 BIB",
            "layer_1": "Gyp board",
            "u_value": 0.050834,
            "layer_3": "Cavity ins/Frm",
            "layer_2": "Air Gap/Frm",
            "layer_5": "Ext Finish",
            "layer_4": "Continuous ins",
            "simulation": 2,
            "_result_number": 1,
            "quick_fill": true,
            "layer_6": ""
        }
    },
    {
        "pk": 10,
        "model": "remrate_data.compositetype",
        "fields": {
            "_source_composite_type_number": 9,
            "name": "R23 BIB",
            "layer_1": "Gyp board",
            "u_value": 0.050834,
            "layer_3": "Cavity ins/Frm",
            "layer_2": "Air Gap/Frm",
            "layer_5": "Ext Finish",
            "layer_4": "Continuous ins",
            "simulation": 2,
            "_result_number": 1,
            "quick_fill": true,
            "layer_6": ""
        }
    },
    {
        "pk": 11,
        "model": "remrate_data.compositetype",
        "fields": {
            "_source_composite_type_number": 10,
            "name": "R30,FG1,X-16",
            "layer_1": "Floor covering",
            "u_value": 0.035005,
            "layer_3": "Cavity ins",
            "layer_2": "Subfloor",
            "layer_5": "Framing",
            "layer_4": "Continuous ins",
            "simulation": 2,
            "_result_number": 1,
            "quick_fill": true,
            "layer_6": ""
        }
    },
    {
        "pk": 12,
        "model": "remrate_data.compositetype",
        "fields": {
            "_source_composite_type_number": 11,
            "name": "R30,FG1,X-16",
            "layer_1": "Floor covering",
            "u_value": 0.035005,
            "layer_3": "Cavity ins",
            "layer_2": "Subfloor",
            "layer_5": "Framing",
            "layer_4": "Continuous ins",
            "simulation": 2,
            "_result_number": 1,
            "quick_fill": true,
            "layer_6": ""
        }
    },
    {
        "pk": 13,
        "model": "remrate_data.compositetype",
        "fields": {
            "_source_composite_type_number": 12,
            "name": "E* R49 Avg, R21@ Edg",
            "layer_1": "Gyp board",
            "u_value": 0.022245,
            "layer_3": "Continuous ins",
            "layer_2": "Cavity Ins/Frm",
            "layer_5": "",
            "layer_4": "",
            "simulation": 3,
            "_result_number": 2,
            "quick_fill": true,
            "layer_6": ""
        }
    },
    {
        "pk": 14,
        "model": "remrate_data.compositetype",
        "fields": {
            "_source_composite_type_number": 13,
            "name": "E* R49 Avg, R21@ Edg",
            "layer_1": "Gyp board",
            "u_value": 0.022245,
            "layer_3": "Continuous ins",
            "layer_2": "Cavity Ins/Frm",
            "layer_5": "",
            "layer_4": "",
            "simulation": 3,
            "_result_number": 2,
            "quick_fill": true,
            "layer_6": ""
        }
    },
    {
        "pk": 15,
        "model": "remrate_data.compositetype",
        "fields": {
            "_source_composite_type_number": 14,
            "name": "R23 BIB",
            "layer_1": "Gyp board",
            "u_value": 0.050834,
            "layer_3": "Cavity ins/Frm",
            "layer_2": "Air Gap/Frm",
            "layer_5": "Ext Finish",
            "layer_4": "Continuous ins",
            "simulation": 3,
            "_result_number": 2,
            "quick_fill": true,
            "layer_6": ""
        }
    },
    {
        "pk": 16,
        "model": "remrate_data.compositetype",
        "fields": {
            "_source_composite_type_number": 15,
            "name": "R23 BIB",
            "layer_1": "Gyp board",
            "u_value": 0.050834,
            "layer_3": "Cavity ins/Frm",
            "layer_2": "Air Gap/Frm",
            "layer_5": "Ext Finish",
            "layer_4": "Continuous ins",
            "simulation": 3,
            "_result_number": 2,
            "quick_fill": true,
            "layer_6": ""
        }
    },
    {
        "pk": 17,
        "model": "remrate_data.compositetype",
        "fields": {
            "_source_composite_type_number": 16,
            "name": "R30,FG1,X-16",
            "layer_1": "Floor covering",
            "u_value": 0.035005,
            "layer_3": "Cavity ins",
            "layer_2": "Subfloor",
            "layer_5": "Framing",
            "layer_4": "Continuous ins",
            "simulation": 3,
            "_result_number": 2,
            "quick_fill": true,
            "layer_6": ""
        }
    },
    {
        "pk": 18,
        "model": "remrate_data.compositetype",
        "fields": {
            "_source_composite_type_number": 17,
            "name": "R30,FG1,X-16",
            "layer_1": "Floor covering",
            "u_value": 0.035005,
            "layer_3": "Cavity ins",
            "layer_2": "Subfloor",
            "layer_5": "Framing",
            "layer_4": "Continuous ins",
            "simulation": 3,
            "_result_number": 2,
            "quick_fill": true,
            "layer_6": ""
        }
    },
    {
        "pk": 19,
        "model": "remrate_data.compositetype",
        "fields": {
            "_source_composite_type_number": 18,
            "name": "E* R49 Avg, R21@ Edg",
            "layer_1": "Gyp board",
            "u_value": 0.022245,
            "layer_3": "Continuous ins",
            "layer_2": "Cavity Ins/Frm",
            "layer_5": "",
            "layer_4": "",
            "simulation": 4,
            "_result_number": 3,
            "quick_fill": true,
            "layer_6": ""
        }
    },
    {
        "pk": 20,
        "model": "remrate_data.compositetype",
        "fields": {
            "_source_composite_type_number": 19,
            "name": "E* R49 Avg, R21@ Edg",
            "layer_1": "Gyp board",
            "u_value": 0.022245,
            "layer_3": "Continuous ins",
            "layer_2": "Cavity Ins/Frm",
            "layer_5": "",
            "layer_4": "",
            "simulation": 4,
            "_result_number": 3,
            "quick_fill": true,
            "layer_6": ""
        }
    },
    {
        "pk": 21,
        "model": "remrate_data.compositetype",
        "fields": {
            "_source_composite_type_number": 20,
            "name": "R23 BIB",
            "layer_1": "Gyp board",
            "u_value": 0.050834,
            "layer_3": "Cavity ins/Frm",
            "layer_2": "Air Gap/Frm",
            "layer_5": "Ext Finish",
            "layer_4": "Continuous ins",
            "simulation": 4,
            "_result_number": 3,
            "quick_fill": true,
            "layer_6": ""
        }
    },
    {
        "pk": 22,
        "model": "remrate_data.compositetype",
        "fields": {
            "_source_composite_type_number": 21,
            "name": "R23 BIB",
            "layer_1": "Gyp board",
            "u_value": 0.050834,
            "layer_3": "Cavity ins/Frm",
            "layer_2": "Air Gap/Frm",
            "layer_5": "Ext Finish",
            "layer_4": "Continuous ins",
            "simulation": 4,
            "_result_number": 3,
            "quick_fill": true,
            "layer_6": ""
        }
    },
    {
        "pk": 23,
        "model": "remrate_data.compositetype",
        "fields": {
            "_source_composite_type_number": 22,
            "name": "R30,FG1,X-16",
            "layer_1": "Floor covering",
            "u_value": 0.035005,
            "layer_3": "Cavity ins",
            "layer_2": "Subfloor",
            "layer_5": "Framing",
            "layer_4": "Continuous ins",
            "simulation": 4,
            "_result_number": 3,
            "quick_fill": true,
            "layer_6": ""
        }
    },
    {
        "pk": 24,
        "model": "remrate_data.compositetype",
        "fields": {
            "_source_composite_type_number": 23,
            "name": "R30,FG1,X-16",
            "layer_1": "Floor covering",
            "u_value": 0.035005,
            "layer_3": "Cavity ins",
            "layer_2": "Subfloor",
            "layer_5": "Framing",
            "layer_4": "Continuous ins",
            "simulation": 4,
            "_result_number": 3,
            "quick_fill": true,
            "layer_6": ""
        }
    },
    {
        "pk": 25,
        "model": "remrate_data.compositetype",
        "fields": {
            "_source_composite_type_number": 24,
            "name": "E* R49 Avg, R21@ Edg",
            "layer_1": "Gyp board",
            "u_value": 0.022245,
            "layer_3": "Continuous ins",
            "layer_2": "Cavity Ins/Frm",
            "layer_5": "",
            "layer_4": "",
            "simulation": 5,
            "_result_number": 4,
            "quick_fill": true,
            "layer_6": ""
        }
    },
    {
        "pk": 26,
        "model": "remrate_data.compositetype",
        "fields": {
            "_source_composite_type_number": 25,
            "name": "E* R49 Avg, R21@ Edg",
            "layer_1": "Gyp board",
            "u_value": 0.022245,
            "layer_3": "Continuous ins",
            "layer_2": "Cavity Ins/Frm",
            "layer_5": "",
            "layer_4": "",
            "simulation": 5,
            "_result_number": 4,
            "quick_fill": true,
            "layer_6": ""
        }
    },
    {
        "pk": 27,
        "model": "remrate_data.compositetype",
        "fields": {
            "_source_composite_type_number": 26,
            "name": "R23 BIB",
            "layer_1": "Gyp board",
            "u_value": 0.050834,
            "layer_3": "Cavity ins/Frm",
            "layer_2": "Air Gap/Frm",
            "layer_5": "Ext Finish",
            "layer_4": "Continuous ins",
            "simulation": 5,
            "_result_number": 4,
            "quick_fill": true,
            "layer_6": ""
        }
    },
    {
        "pk": 28,
        "model": "remrate_data.compositetype",
        "fields": {
            "_source_composite_type_number": 27,
            "name": "R23 BIB",
            "layer_1": "Gyp board",
            "u_value": 0.050834,
            "layer_3": "Cavity ins/Frm",
            "layer_2": "Air Gap/Frm",
            "layer_5": "Ext Finish",
            "layer_4": "Continuous ins",
            "simulation": 5,
            "_result_number": 4,
            "quick_fill": true,
            "layer_6": ""
        }
    },
    {
        "pk": 29,
        "model": "remrate_data.compositetype",
        "fields": {
            "_source_composite_type_number": 28,
            "name": "R30,FG1,X-16",
            "layer_1": "Floor covering",
            "u_value": 0.035005,
            "layer_3": "Cavity ins",
            "layer_2": "Subfloor",
            "layer_5": "Framing",
            "layer_4": "Continuous ins",
            "simulation": 5,
            "_result_number": 4,
            "quick_fill": true,
            "layer_6": ""
        }
    },
    {
        "pk": 30,
        "model": "remrate_data.compositetype",
        "fields": {
            "_source_composite_type_number": 29,
            "name": "R30,FG1,X-16",
            "layer_1": "Floor covering",
            "u_value": 0.035005,
            "layer_3": "Cavity ins",
            "layer_2": "Subfloor",
            "layer_5": "Framing",
            "layer_4": "Continuous ins",
            "simulation": 5,
            "_result_number": 4,
            "quick_fill": true,
            "layer_6": ""
        }
    },
    {
        "pk": 31,
        "model": "remrate_data.compositetype",
        "fields": {
            "_source_composite_type_number": 30,
            "name": "E* R49 Avg, R21@ Edg",
            "layer_1": "Gyp board",
            "u_value": 0.022245,
            "layer_3": "Continuous ins",
            "layer_2": "Cavity Ins/Frm",
            "layer_5": "",
            "layer_4": "",
            "simulation": 6,
            "_result_number": 5,
            "quick_fill": true,
            "layer_6": ""
        }
    },
    {
        "pk": 32,
        "model": "remrate_data.compositetype",
        "fields": {
            "_source_composite_type_number": 31,
            "name": "E* R49 Avg, R21@ Edg",
            "layer_1": "Gyp board",
            "u_value": 0.022245,
            "layer_3": "Continuous ins",
            "layer_2": "Cavity Ins/Frm",
            "layer_5": "",
            "layer_4": "",
            "simulation": 6,
            "_result_number": 5,
            "quick_fill": true,
            "layer_6": ""
        }
    },
    {
        "pk": 33,
        "model": "remrate_data.compositetype",
        "fields": {
            "_source_composite_type_number": 32,
            "name": "R23 BIB",
            "layer_1": "Gyp board",
            "u_value": 0.050834,
            "layer_3": "Cavity ins/Frm",
            "layer_2": "Air Gap/Frm",
            "layer_5": "Ext Finish",
            "layer_4": "Continuous ins",
            "simulation": 6,
            "_result_number": 5,
            "quick_fill": true,
            "layer_6": ""
        }
    },
    {
        "pk": 34,
        "model": "remrate_data.compositetype",
        "fields": {
            "_source_composite_type_number": 33,
            "name": "R23 BIB",
            "layer_1": "Gyp board",
            "u_value": 0.050834,
            "layer_3": "Cavity ins/Frm",
            "layer_2": "Air Gap/Frm",
            "layer_5": "Ext Finish",
            "layer_4": "Continuous ins",
            "simulation": 6,
            "_result_number": 5,
            "quick_fill": true,
            "layer_6": ""
        }
    },
    {
        "pk": 35,
        "model": "remrate_data.compositetype",
        "fields": {
            "_source_composite_type_number": 34,
            "name": "R30,FG1,X-16",
            "layer_1": "Floor covering",
            "u_value": 0.035005,
            "layer_3": "Cavity ins",
            "layer_2": "Subfloor",
            "layer_5": "Framing",
            "layer_4": "Continuous ins",
            "simulation": 6,
            "_result_number": 5,
            "quick_fill": true,
            "layer_6": ""
        }
    },
    {
        "pk": 36,
        "model": "remrate_data.compositetype",
        "fields": {
            "_source_composite_type_number": 35,
            "name": "R30,FG1,X-16",
            "layer_1": "Floor covering",
            "u_value": 0.035005,
            "layer_3": "Cavity ins",
            "layer_2": "Subfloor",
            "layer_5": "Framing",
            "layer_4": "Continuous ins",
            "simulation": 6,
            "_result_number": 5,
            "quick_fill": true,
            "layer_6": ""
        }
    },
    {
        "pk": 37,
        "model": "remrate_data.compositetype",
        "fields": {
            "_source_composite_type_number": 36,
            "name": "E* R49 Avg, R21@ Edg",
            "layer_1": "Gyp board",
            "u_value": 0.022245,
            "layer_3": "Continuous ins",
            "layer_2": "Cavity Ins/Frm",
            "layer_5": "",
            "layer_4": "",
            "simulation": 7,
            "_result_number": 6,
            "quick_fill": true,
            "layer_6": ""
        }
    },
    {
        "pk": 38,
        "model": "remrate_data.compositetype",
        "fields": {
            "_source_composite_type_number": 37,
            "name": "E* R49 Avg, R21@ Edg",
            "layer_1": "Gyp board",
            "u_value": 0.022245,
            "layer_3": "Continuous ins",
            "layer_2": "Cavity Ins/Frm",
            "layer_5": "",
            "layer_4": "",
            "simulation": 7,
            "_result_number": 6,
            "quick_fill": true,
            "layer_6": ""
        }
    },
    {
        "pk": 39,
        "model": "remrate_data.compositetype",
        "fields": {
            "_source_composite_type_number": 38,
            "name": "R23 BIB",
            "layer_1": "Gyp board",
            "u_value": 0.050834,
            "layer_3": "Cavity ins/Frm",
            "layer_2": "Air Gap/Frm",
            "layer_5": "Ext Finish",
            "layer_4": "Continuous ins",
            "simulation": 7,
            "_result_number": 6,
            "quick_fill": true,
            "layer_6": ""
        }
    },
    {
        "pk": 40,
        "model": "remrate_data.compositetype",
        "fields": {
            "_source_composite_type_number": 39,
            "name": "R23 BIB",
            "layer_1": "Gyp board",
            "u_value": 0.050834,
            "layer_3": "Cavity ins/Frm",
            "layer_2": "Air Gap/Frm",
            "layer_5": "Ext Finish",
            "layer_4": "Continuous ins",
            "simulation": 7,
            "_result_number": 6,
            "quick_fill": true,
            "layer_6": ""
        }
    },
    {
        "pk": 41,
        "model": "remrate_data.compositetype",
        "fields": {
            "_source_composite_type_number": 40,
            "name": "R30,FG1,X-16",
            "layer_1": "Floor covering",
            "u_value": 0.035005,
            "layer_3": "Cavity ins",
            "layer_2": "Subfloor",
            "layer_5": "Framing",
            "layer_4": "Continuous ins",
            "simulation": 7,
            "_result_number": 6,
            "quick_fill": true,
            "layer_6": ""
        }
    },
    {
        "pk": 42,
        "model": "remrate_data.compositetype",
        "fields": {
            "_source_composite_type_number": 41,
            "name": "R30,FG1,X-16",
            "layer_1": "Floor covering",
            "u_value": 0.035005,
            "layer_3": "Cavity ins",
            "layer_2": "Subfloor",
            "layer_5": "Framing",
            "layer_4": "Continuous ins",
            "simulation": 7,
            "_result_number": 6,
            "quick_fill": true,
            "layer_6": ""
        }
    },
    {
        "pk": 1,
        "model": "remrate_data.heatpath",
        "fields": {
            "layer_4_r_value": 35.0,
            "layer_7_r_value": 0.0,
            "layer_8_r_value": 0.61,
            "name": "Framing",
            "layer_2_r_value": 0.45,
            "area": 0.14125,
            "layer_6_r_value": 0.0,
            "_composite_type_number": 0.0,
            "layer_1_r_value": 0.61,
            "simulation": 1,
            "layer_5_r_value": 0.0,
            "_result_number": 0,
            "composite_type": 1,
            "r_value": 41.045002,
            "layer_3_r_value": 4.375
        }
    },
    {
        "pk": 2,
        "model": "remrate_data.heatpath",
        "fields": {
            "layer_4_r_value": 35.0,
            "layer_7_r_value": 0.0,
            "layer_8_r_value": 0.61,
            "name": "Cavity",
            "layer_2_r_value": 0.45,
            "area": 0.85875,
            "layer_6_r_value": 0.0,
            "_composite_type_number": 0.0,
            "layer_1_r_value": 0.61,
            "simulation": 1,
            "layer_5_r_value": 0.0,
            "_result_number": 0,
            "composite_type": 1,
            "r_value": 45.669998,
            "layer_3_r_value": 9.0
        }
    },
    {
        "pk": 3,
        "model": "remrate_data.heatpath",
        "fields": {
            "layer_4_r_value": 35.0,
            "layer_7_r_value": 0.0,
            "layer_8_r_value": 0.61,
            "name": "Grade",
            "layer_2_r_value": 0.45,
            "area": 0.0,
            "layer_6_r_value": 0.0,
            "_composite_type_number": 0.0,
            "layer_1_r_value": 0.61,
            "simulation": 1,
            "layer_5_r_value": 0.0,
            "_result_number": 0,
            "composite_type": 1,
            "r_value": 36.670002,
            "layer_3_r_value": 0.0
        }
    },
    {
        "pk": 4,
        "model": "remrate_data.heatpath",
        "fields": {
            "layer_4_r_value": 0.0,
            "layer_7_r_value": 0.0,
            "layer_8_r_value": 0.0,
            "name": "",
            "layer_2_r_value": 0.0,
            "area": 0.0,
            "layer_6_r_value": 0.0,
            "_composite_type_number": 0.0,
            "layer_1_r_value": 0.0,
            "simulation": 1,
            "layer_5_r_value": 0.0,
            "_result_number": 0,
            "composite_type": 1,
            "r_value": 0.0,
            "layer_3_r_value": 0.0
        }
    },
    {
        "pk": 5,
        "model": "remrate_data.heatpath",
        "fields": {
            "layer_4_r_value": 35.0,
            "layer_7_r_value": 0.0,
            "layer_8_r_value": 0.61,
            "name": "Framing",
            "layer_2_r_value": 0.45,
            "area": 0.14125,
            "layer_6_r_value": 0.0,
            "_composite_type_number": 1.0,
            "layer_1_r_value": 0.61,
            "simulation": 1,
            "layer_5_r_value": 0.0,
            "_result_number": 0,
            "composite_type": 2,
            "r_value": 41.045002,
            "layer_3_r_value": 4.375
        }
    },
    {
        "pk": 6,
        "model": "remrate_data.heatpath",
        "fields": {
            "layer_4_r_value": 35.0,
            "layer_7_r_value": 0.0,
            "layer_8_r_value": 0.61,
            "name": "Cavity",
            "layer_2_r_value": 0.45,
            "area": 0.85875,
            "layer_6_r_value": 0.0,
            "_composite_type_number": 1.0,
            "layer_1_r_value": 0.61,
            "simulation": 1,
            "layer_5_r_value": 0.0,
            "_result_number": 0,
            "composite_type": 2,
            "r_value": 45.669998,
            "layer_3_r_value": 9.0
        }
    },
    {
        "pk": 7,
        "model": "remrate_data.heatpath",
        "fields": {
            "layer_4_r_value": 35.0,
            "layer_7_r_value": 0.0,
            "layer_8_r_value": 0.61,
            "name": "Grade",
            "layer_2_r_value": 0.45,
            "area": 0.0,
            "layer_6_r_value": 0.0,
            "_composite_type_number": 1.0,
            "layer_1_r_value": 0.61,
            "simulation": 1,
            "layer_5_r_value": 0.0,
            "_result_number": 0,
            "composite_type": 2,
            "r_value": 36.670002,
            "layer_3_r_value": 0.0
        }
    },
    {
        "pk": 8,
        "model": "remrate_data.heatpath",
        "fields": {
            "layer_4_r_value": 0.0,
            "layer_7_r_value": 0.0,
            "layer_8_r_value": 0.0,
            "name": "",
            "layer_2_r_value": 0.0,
            "area": 0.0,
            "layer_6_r_value": 0.0,
            "_composite_type_number": 1.0,
            "layer_1_r_value": 0.0,
            "simulation": 1,
            "layer_5_r_value": 0.0,
            "_result_number": 0,
            "composite_type": 2,
            "r_value": 0.0,
            "layer_3_r_value": 0.0
        }
    },
    {
        "pk": 9,
        "model": "remrate_data.heatpath",
        "fields": {
            "layer_4_r_value": 23.0,
            "layer_7_r_value": 0.0,
            "layer_8_r_value": 0.17,
            "name": "Cavity",
            "layer_2_r_value": 0.45,
            "area": 0.84,
            "layer_6_r_value": 0.94,
            "_composite_type_number": 2.0,
            "layer_1_r_value": 0.68,
            "simulation": 1,
            "layer_5_r_value": 0.0,
            "_result_number": 0,
            "composite_type": 3,
            "r_value": 25.24,
            "layer_3_r_value": 0.0
        }
    },
    {
        "pk": 10,
        "model": "remrate_data.heatpath",
        "fields": {
            "layer_4_r_value": 6.875,
            "layer_7_r_value": 0.0,
            "layer_8_r_value": 0.17,
            "name": "Framing",
            "layer_2_r_value": 0.45,
            "area": 0.16,
            "layer_6_r_value": 0.94,
            "_composite_type_number": 2.0,
            "layer_1_r_value": 0.68,
            "simulation": 1,
            "layer_5_r_value": 0.0,
            "_result_number": 0,
            "composite_type": 3,
            "r_value": 9.115,
            "layer_3_r_value": 0.0
        }
    },
    {
        "pk": 11,
        "model": "remrate_data.heatpath",
        "fields": {
            "layer_4_r_value": 1.03,
            "layer_7_r_value": 0.0,
            "layer_8_r_value": 0.17,
            "name": "Grade",
            "layer_2_r_value": 0.45,
            "area": 0.0,
            "layer_6_r_value": 0.94,
            "_composite_type_number": 2.0,
            "layer_1_r_value": 0.68,
            "simulation": 1,
            "layer_5_r_value": 0.0,
            "_result_number": 0,
            "composite_type": 3,
            "r_value": 3.27,
            "layer_3_r_value": 0.0
        }
    },
    {
        "pk": 12,
        "model": "remrate_data.heatpath",
        "fields": {
            "layer_4_r_value": 0.0,
            "layer_7_r_value": 0.0,
            "layer_8_r_value": 0.0,
            "name": "",
            "layer_2_r_value": 0.0,
            "area": 0.0,
            "layer_6_r_value": 0.0,
            "_composite_type_number": 2.0,
            "layer_1_r_value": 0.0,
            "simulation": 1,
            "layer_5_r_value": 0.0,
            "_result_number": 0,
            "composite_type": 3,
            "r_value": 0.0,
            "layer_3_r_value": 0.0
        }
    },
    {
        "pk": 13,
        "model": "remrate_data.heatpath",
        "fields": {
            "layer_4_r_value": 23.0,
            "layer_7_r_value": 0.0,
            "layer_8_r_value": 0.17,
            "name": "Cavity",
            "layer_2_r_value": 0.45,
            "area": 0.84,
            "layer_6_r_value": 0.94,
            "_composite_type_number": 3.0,
            "layer_1_r_value": 0.68,
            "simulation": 1,
            "layer_5_r_value": 0.0,
            "_result_number": 0,
            "composite_type": 4,
            "r_value": 25.24,
            "layer_3_r_value": 0.0
        }
    },
    {
        "pk": 14,
        "model": "remrate_data.heatpath",
        "fields": {
            "layer_4_r_value": 6.875,
            "layer_7_r_value": 0.0,
            "layer_8_r_value": 0.17,
            "name": "Framing",
            "layer_2_r_value": 0.45,
            "area": 0.16,
            "layer_6_r_value": 0.94,
            "_composite_type_number": 3.0,
            "layer_1_r_value": 0.68,
            "simulation": 1,
            "layer_5_r_value": 0.0,
            "_result_number": 0,
            "composite_type": 4,
            "r_value": 9.115,
            "layer_3_r_value": 0.0
        }
    },
    {
        "pk": 15,
        "model": "remrate_data.heatpath",
        "fields": {
            "layer_4_r_value": 1.03,
            "layer_7_r_value": 0.0,
            "layer_8_r_value": 0.17,
            "name": "Grade",
            "layer_2_r_value": 0.45,
            "area": 0.0,
            "layer_6_r_value": 0.94,
            "_composite_type_number": 3.0,
            "layer_1_r_value": 0.68,
            "simulation": 1,
            "layer_5_r_value": 0.0,
            "_result_number": 0,
            "composite_type": 4,
            "r_value": 3.27,
            "layer_3_r_value": 0.0
        }
    },
    {
        "pk": 16,
        "model": "remrate_data.heatpath",
        "fields": {
            "layer_4_r_value": 0.0,
            "layer_7_r_value": 0.0,
            "layer_8_r_value": 0.0,
            "name": "",
            "layer_2_r_value": 0.0,
            "area": 0.0,
            "layer_6_r_value": 0.0,
            "_composite_type_number": 3.0,
            "layer_1_r_value": 0.0,
            "simulation": 1,
            "layer_5_r_value": 0.0,
            "_result_number": 0,
            "composite_type": 4,
            "r_value": 0.0,
            "layer_3_r_value": 0.0
        }
    },
    {
        "pk": 17,
        "model": "remrate_data.heatpath",
        "fields": {
            "layer_4_r_value": 30.0,
            "layer_7_r_value": 0.0,
            "layer_8_r_value": 0.92,
            "name": "Cavity",
            "layer_2_r_value": 0.68,
            "area": 0.87,
            "layer_6_r_value": 0.0,
            "_composite_type_number": 4.0,
            "layer_1_r_value": 0.92,
            "simulation": 1,
            "layer_5_r_value": 0.0,
            "_result_number": 0,
            "composite_type": 5,
            "r_value": 33.339996,
            "layer_3_r_value": 0.82
        }
    },
    {
        "pk": 18,
        "model": "remrate_data.heatpath",
        "fields": {
            "layer_4_r_value": 0.0,
            "layer_7_r_value": 0.0,
            "layer_8_r_value": 0.92,
            "name": "Framing",
            "layer_2_r_value": 0.68,
            "area": 0.13,
            "layer_6_r_value": 11.25,
            "_composite_type_number": 4.0,
            "layer_1_r_value": 0.92,
            "simulation": 1,
            "layer_5_r_value": 0.0,
            "_result_number": 0,
            "composite_type": 5,
            "r_value": 14.59,
            "layer_3_r_value": 0.82
        }
    },
    {
        "pk": 19,
        "model": "remrate_data.heatpath",
        "fields": {
            "layer_4_r_value": 0.0,
            "layer_7_r_value": 0.0,
            "layer_8_r_value": 0.92,
            "name": "Grade",
            "layer_2_r_value": 0.68,
            "area": 0.0,
            "layer_6_r_value": 0.0,
            "_composite_type_number": 4.0,
            "layer_1_r_value": 0.92,
            "simulation": 1,
            "layer_5_r_value": 0.0,
            "_result_number": 0,
            "composite_type": 5,
            "r_value": 3.34,
            "layer_3_r_value": 0.82
        }
    },
    {
        "pk": 20,
        "model": "remrate_data.heatpath",
        "fields": {
            "layer_4_r_value": 0.0,
            "layer_7_r_value": 0.0,
            "layer_8_r_value": 0.0,
            "name": "",
            "layer_2_r_value": 0.0,
            "area": 0.0,
            "layer_6_r_value": 0.0,
            "_composite_type_number": 4.0,
            "layer_1_r_value": 0.0,
            "simulation": 1,
            "layer_5_r_value": 0.0,
            "_result_number": 0,
            "composite_type": 5,
            "r_value": 0.0,
            "layer_3_r_value": 0.0
        }
    },
    {
        "pk": 21,
        "model": "remrate_data.heatpath",
        "fields": {
            "layer_4_r_value": 30.0,
            "layer_7_r_value": 0.0,
            "layer_8_r_value": 0.92,
            "name": "Cavity",
            "layer_2_r_value": 0.68,
            "area": 0.87,
            "layer_6_r_value": 0.0,
            "_composite_type_number": 5.0,
            "layer_1_r_value": 0.92,
            "simulation": 1,
            "layer_5_r_value": 0.0,
            "_result_number": 0,
            "composite_type": 6,
            "r_value": 33.339996,
            "layer_3_r_value": 0.82
        }
    },
    {
        "pk": 22,
        "model": "remrate_data.heatpath",
        "fields": {
            "layer_4_r_value": 0.0,
            "layer_7_r_value": 0.0,
            "layer_8_r_value": 0.92,
            "name": "Framing",
            "layer_2_r_value": 0.68,
            "area": 0.13,
            "layer_6_r_value": 11.25,
            "_composite_type_number": 5.0,
            "layer_1_r_value": 0.92,
            "simulation": 1,
            "layer_5_r_value": 0.0,
            "_result_number": 0,
            "composite_type": 6,
            "r_value": 14.59,
            "layer_3_r_value": 0.82
        }
    },
    {
        "pk": 23,
        "model": "remrate_data.heatpath",
        "fields": {
            "layer_4_r_value": 0.0,
            "layer_7_r_value": 0.0,
            "layer_8_r_value": 0.92,
            "name": "Grade",
            "layer_2_r_value": 0.68,
            "area": 0.0,
            "layer_6_r_value": 0.0,
            "_composite_type_number": 5.0,
            "layer_1_r_value": 0.92,
            "simulation": 1,
            "layer_5_r_value": 0.0,
            "_result_number": 0,
            "composite_type": 6,
            "r_value": 3.34,
            "layer_3_r_value": 0.82
        }
    },
    {
        "pk": 24,
        "model": "remrate_data.heatpath",
        "fields": {
            "layer_4_r_value": 0.0,
            "layer_7_r_value": 0.0,
            "layer_8_r_value": 0.0,
            "name": "",
            "layer_2_r_value": 0.0,
            "area": 0.0,
            "layer_6_r_value": 0.0,
            "_composite_type_number": 5.0,
            "layer_1_r_value": 0.0,
            "simulation": 1,
            "layer_5_r_value": 0.0,
            "_result_number": 0,
            "composite_type": 6,
            "r_value": 0.0,
            "layer_3_r_value": 0.0
        }
    },
    {
        "pk": 25,
        "model": "remrate_data.heatpath",
        "fields": {
            "layer_4_r_value": 35.0,
            "layer_7_r_value": 0.0,
            "layer_8_r_value": 0.61,
            "name": "Framing",
            "layer_2_r_value": 0.45,
            "area": 0.14125,
            "layer_6_r_value": 0.0,
            "_composite_type_number": 6.0,
            "layer_1_r_value": 0.61,
            "simulation": 2,
            "layer_5_r_value": 0.0,
            "_result_number": 1,
            "composite_type": 7,
            "r_value": 41.045002,
            "layer_3_r_value": 4.375
        }
    },
    {
        "pk": 26,
        "model": "remrate_data.heatpath",
        "fields": {
            "layer_4_r_value": 35.0,
            "layer_7_r_value": 0.0,
            "layer_8_r_value": 0.61,
            "name": "Cavity",
            "layer_2_r_value": 0.45,
            "area": 0.85875,
            "layer_6_r_value": 0.0,
            "_composite_type_number": 6.0,
            "layer_1_r_value": 0.61,
            "simulation": 2,
            "layer_5_r_value": 0.0,
            "_result_number": 1,
            "composite_type": 7,
            "r_value": 45.669998,
            "layer_3_r_value": 9.0
        }
    },
    {
        "pk": 27,
        "model": "remrate_data.heatpath",
        "fields": {
            "layer_4_r_value": 35.0,
            "layer_7_r_value": 0.0,
            "layer_8_r_value": 0.61,
            "name": "Grade",
            "layer_2_r_value": 0.45,
            "area": 0.0,
            "layer_6_r_value": 0.0,
            "_composite_type_number": 6.0,
            "layer_1_r_value": 0.61,
            "simulation": 2,
            "layer_5_r_value": 0.0,
            "_result_number": 1,
            "composite_type": 7,
            "r_value": 36.670002,
            "layer_3_r_value": 0.0
        }
    },
    {
        "pk": 28,
        "model": "remrate_data.heatpath",
        "fields": {
            "layer_4_r_value": 0.0,
            "layer_7_r_value": 0.0,
            "layer_8_r_value": 0.0,
            "name": "",
            "layer_2_r_value": 0.0,
            "area": 0.0,
            "layer_6_r_value": 0.0,
            "_composite_type_number": 6.0,
            "layer_1_r_value": 0.0,
            "simulation": 2,
            "layer_5_r_value": 0.0,
            "_result_number": 1,
            "composite_type": 7,
            "r_value": 0.0,
            "layer_3_r_value": 0.0
        }
    },
    {
        "pk": 29,
        "model": "remrate_data.heatpath",
        "fields": {
            "layer_4_r_value": 35.0,
            "layer_7_r_value": 0.0,
            "layer_8_r_value": 0.61,
            "name": "Framing",
            "layer_2_r_value": 0.45,
            "area": 0.14125,
            "layer_6_r_value": 0.0,
            "_composite_type_number": 7.0,
            "layer_1_r_value": 0.61,
            "simulation": 2,
            "layer_5_r_value": 0.0,
            "_result_number": 1,
            "composite_type": 8,
            "r_value": 41.045002,
            "layer_3_r_value": 4.375
        }
    },
    {
        "pk": 30,
        "model": "remrate_data.heatpath",
        "fields": {
            "layer_4_r_value": 35.0,
            "layer_7_r_value": 0.0,
            "layer_8_r_value": 0.61,
            "name": "Cavity",
            "layer_2_r_value": 0.45,
            "area": 0.85875,
            "layer_6_r_value": 0.0,
            "_composite_type_number": 7.0,
            "layer_1_r_value": 0.61,
            "simulation": 2,
            "layer_5_r_value": 0.0,
            "_result_number": 1,
            "composite_type": 8,
            "r_value": 45.669998,
            "layer_3_r_value": 9.0
        }
    },
    {
        "pk": 31,
        "model": "remrate_data.heatpath",
        "fields": {
            "layer_4_r_value": 35.0,
            "layer_7_r_value": 0.0,
            "layer_8_r_value": 0.61,
            "name": "Grade",
            "layer_2_r_value": 0.45,
            "area": 0.0,
            "layer_6_r_value": 0.0,
            "_composite_type_number": 7.0,
            "layer_1_r_value": 0.61,
            "simulation": 2,
            "layer_5_r_value": 0.0,
            "_result_number": 1,
            "composite_type": 8,
            "r_value": 36.670002,
            "layer_3_r_value": 0.0
        }
    },
    {
        "pk": 32,
        "model": "remrate_data.heatpath",
        "fields": {
            "layer_4_r_value": 0.0,
            "layer_7_r_value": 0.0,
            "layer_8_r_value": 0.0,
            "name": "",
            "layer_2_r_value": 0.0,
            "area": 0.0,
            "layer_6_r_value": 0.0,
            "_composite_type_number": 7.0,
            "layer_1_r_value": 0.0,
            "simulation": 2,
            "layer_5_r_value": 0.0,
            "_result_number": 1,
            "composite_type": 8,
            "r_value": 0.0,
            "layer_3_r_value": 0.0
        }
    },
    {
        "pk": 33,
        "model": "remrate_data.heatpath",
        "fields": {
            "layer_4_r_value": 23.0,
            "layer_7_r_value": 0.0,
            "layer_8_r_value": 0.17,
            "name": "Cavity",
            "layer_2_r_value": 0.45,
            "area": 0.84,
            "layer_6_r_value": 0.94,
            "_composite_type_number": 8.0,
            "layer_1_r_value": 0.68,
            "simulation": 2,
            "layer_5_r_value": 0.0,
            "_result_number": 1,
            "composite_type": 9,
            "r_value": 25.24,
            "layer_3_r_value": 0.0
        }
    },
    {
        "pk": 34,
        "model": "remrate_data.heatpath",
        "fields": {
            "layer_4_r_value": 6.875,
            "layer_7_r_value": 0.0,
            "layer_8_r_value": 0.17,
            "name": "Framing",
            "layer_2_r_value": 0.45,
            "area": 0.16,
            "layer_6_r_value": 0.94,
            "_composite_type_number": 8.0,
            "layer_1_r_value": 0.68,
            "simulation": 2,
            "layer_5_r_value": 0.0,
            "_result_number": 1,
            "composite_type": 9,
            "r_value": 9.115,
            "layer_3_r_value": 0.0
        }
    },
    {
        "pk": 35,
        "model": "remrate_data.heatpath",
        "fields": {
            "layer_4_r_value": 1.03,
            "layer_7_r_value": 0.0,
            "layer_8_r_value": 0.17,
            "name": "Grade",
            "layer_2_r_value": 0.45,
            "area": 0.0,
            "layer_6_r_value": 0.94,
            "_composite_type_number": 8.0,
            "layer_1_r_value": 0.68,
            "simulation": 2,
            "layer_5_r_value": 0.0,
            "_result_number": 1,
            "composite_type": 9,
            "r_value": 3.27,
            "layer_3_r_value": 0.0
        }
    },
    {
        "pk": 36,
        "model": "remrate_data.heatpath",
        "fields": {
            "layer_4_r_value": 0.0,
            "layer_7_r_value": 0.0,
            "layer_8_r_value": 0.0,
            "name": "",
            "layer_2_r_value": 0.0,
            "area": 0.0,
            "layer_6_r_value": 0.0,
            "_composite_type_number": 8.0,
            "layer_1_r_value": 0.0,
            "simulation": 2,
            "layer_5_r_value": 0.0,
            "_result_number": 1,
            "composite_type": 9,
            "r_value": 0.0,
            "layer_3_r_value": 0.0
        }
    },
    {
        "pk": 37,
        "model": "remrate_data.heatpath",
        "fields": {
            "layer_4_r_value": 23.0,
            "layer_7_r_value": 0.0,
            "layer_8_r_value": 0.17,
            "name": "Cavity",
            "layer_2_r_value": 0.45,
            "area": 0.84,
            "layer_6_r_value": 0.94,
            "_composite_type_number": 9.0,
            "layer_1_r_value": 0.68,
            "simulation": 2,
            "layer_5_r_value": 0.0,
            "_result_number": 1,
            "composite_type": 10,
            "r_value": 25.24,
            "layer_3_r_value": 0.0
        }
    },
    {
        "pk": 38,
        "model": "remrate_data.heatpath",
        "fields": {
            "layer_4_r_value": 6.875,
            "layer_7_r_value": 0.0,
            "layer_8_r_value": 0.17,
            "name": "Framing",
            "layer_2_r_value": 0.45,
            "area": 0.16,
            "layer_6_r_value": 0.94,
            "_composite_type_number": 9.0,
            "layer_1_r_value": 0.68,
            "simulation": 2,
            "layer_5_r_value": 0.0,
            "_result_number": 1,
            "composite_type": 10,
            "r_value": 9.115,
            "layer_3_r_value": 0.0
        }
    },
    {
        "pk": 39,
        "model": "remrate_data.heatpath",
        "fields": {
            "layer_4_r_value": 1.03,
            "layer_7_r_value": 0.0,
            "layer_8_r_value": 0.17,
            "name": "Grade",
            "layer_2_r_value": 0.45,
            "area": 0.0,
            "layer_6_r_value": 0.94,
            "_composite_type_number": 9.0,
            "layer_1_r_value": 0.68,
            "simulation": 2,
            "layer_5_r_value": 0.0,
            "_result_number": 1,
            "composite_type": 10,
            "r_value": 3.27,
            "layer_3_r_value": 0.0
        }
    },
    {
        "pk": 40,
        "model": "remrate_data.heatpath",
        "fields": {
            "layer_4_r_value": 0.0,
            "layer_7_r_value": 0.0,
            "layer_8_r_value": 0.0,
            "name": "",
            "layer_2_r_value": 0.0,
            "area": 0.0,
            "layer_6_r_value": 0.0,
            "_composite_type_number": 9.0,
            "layer_1_r_value": 0.0,
            "simulation": 2,
            "layer_5_r_value": 0.0,
            "_result_number": 1,
            "composite_type": 10,
            "r_value": 0.0,
            "layer_3_r_value": 0.0
        }
    },
    {
        "pk": 41,
        "model": "remrate_data.heatpath",
        "fields": {
            "layer_4_r_value": 30.0,
            "layer_7_r_value": 0.0,
            "layer_8_r_value": 0.92,
            "name": "Cavity",
            "layer_2_r_value": 0.68,
            "area": 0.87,
            "layer_6_r_value": 0.0,
            "_composite_type_number": 10.0,
            "layer_1_r_value": 0.92,
            "simulation": 2,
            "layer_5_r_value": 0.0,
            "_result_number": 1,
            "composite_type": 11,
            "r_value": 33.339996,
            "layer_3_r_value": 0.82
        }
    },
    {
        "pk": 42,
        "model": "remrate_data.heatpath",
        "fields": {
            "layer_4_r_value": 0.0,
            "layer_7_r_value": 0.0,
            "layer_8_r_value": 0.92,
            "name": "Framing",
            "layer_2_r_value": 0.68,
            "area": 0.13,
            "layer_6_r_value": 11.25,
            "_composite_type_number": 10.0,
            "layer_1_r_value": 0.92,
            "simulation": 2,
            "layer_5_r_value": 0.0,
            "_result_number": 1,
            "composite_type": 11,
            "r_value": 14.59,
            "layer_3_r_value": 0.82
        }
    },
    {
        "pk": 43,
        "model": "remrate_data.heatpath",
        "fields": {
            "layer_4_r_value": 0.0,
            "layer_7_r_value": 0.0,
            "layer_8_r_value": 0.92,
            "name": "Grade",
            "layer_2_r_value": 0.68,
            "area": 0.0,
            "layer_6_r_value": 0.0,
            "_composite_type_number": 10.0,
            "layer_1_r_value": 0.92,
            "simulation": 2,
            "layer_5_r_value": 0.0,
            "_result_number": 1,
            "composite_type": 11,
            "r_value": 3.34,
            "layer_3_r_value": 0.82
        }
    },
    {
        "pk": 44,
        "model": "remrate_data.heatpath",
        "fields": {
            "layer_4_r_value": 0.0,
            "layer_7_r_value": 0.0,
            "layer_8_r_value": 0.0,
            "name": "",
            "layer_2_r_value": 0.0,
            "area": 0.0,
            "layer_6_r_value": 0.0,
            "_composite_type_number": 10.0,
            "layer_1_r_value": 0.0,
            "simulation": 2,
            "layer_5_r_value": 0.0,
            "_result_number": 1,
            "composite_type": 11,
            "r_value": 0.0,
            "layer_3_r_value": 0.0
        }
    },
    {
        "pk": 45,
        "model": "remrate_data.heatpath",
        "fields": {
            "layer_4_r_value": 30.0,
            "layer_7_r_value": 0.0,
            "layer_8_r_value": 0.92,
            "name": "Cavity",
            "layer_2_r_value": 0.68,
            "area": 0.87,
            "layer_6_r_value": 0.0,
            "_composite_type_number": 11.0,
            "layer_1_r_value": 0.92,
            "simulation": 2,
            "layer_5_r_value": 0.0,
            "_result_number": 1,
            "composite_type": 12,
            "r_value": 33.339996,
            "layer_3_r_value": 0.82
        }
    },
    {
        "pk": 46,
        "model": "remrate_data.heatpath",
        "fields": {
            "layer_4_r_value": 0.0,
            "layer_7_r_value": 0.0,
            "layer_8_r_value": 0.92,
            "name": "Framing",
            "layer_2_r_value": 0.68,
            "area": 0.13,
            "layer_6_r_value": 11.25,
            "_composite_type_number": 11.0,
            "layer_1_r_value": 0.92,
            "simulation": 2,
            "layer_5_r_value": 0.0,
            "_result_number": 1,
            "composite_type": 12,
            "r_value": 14.59,
            "layer_3_r_value": 0.82
        }
    },
    {
        "pk": 47,
        "model": "remrate_data.heatpath",
        "fields": {
            "layer_4_r_value": 0.0,
            "layer_7_r_value": 0.0,
            "layer_8_r_value": 0.92,
            "name": "Grade",
            "layer_2_r_value": 0.68,
            "area": 0.0,
            "layer_6_r_value": 0.0,
            "_composite_type_number": 11.0,
            "layer_1_r_value": 0.92,
            "simulation": 2,
            "layer_5_r_value": 0.0,
            "_result_number": 1,
            "composite_type": 12,
            "r_value": 3.34,
            "layer_3_r_value": 0.82
        }
    },
    {
        "pk": 48,
        "model": "remrate_data.heatpath",
        "fields": {
            "layer_4_r_value": 0.0,
            "layer_7_r_value": 0.0,
            "layer_8_r_value": 0.0,
            "name": "",
            "layer_2_r_value": 0.0,
            "area": 0.0,
            "layer_6_r_value": 0.0,
            "_composite_type_number": 11.0,
            "layer_1_r_value": 0.0,
            "simulation": 2,
            "layer_5_r_value": 0.0,
            "_result_number": 1,
            "composite_type": 12,
            "r_value": 0.0,
            "layer_3_r_value": 0.0
        }
    },
    {
        "pk": 49,
        "model": "remrate_data.heatpath",
        "fields": {
            "layer_4_r_value": 35.0,
            "layer_7_r_value": 0.0,
            "layer_8_r_value": 0.61,
            "name": "Framing",
            "layer_2_r_value": 0.45,
            "area": 0.14125,
            "layer_6_r_value": 0.0,
            "_composite_type_number": 12.0,
            "layer_1_r_value": 0.61,
            "simulation": 3,
            "layer_5_r_value": 0.0,
            "_result_number": 2,
            "composite_type": 13,
            "r_value": 41.045002,
            "layer_3_r_value": 4.375
        }
    },
    {
        "pk": 50,
        "model": "remrate_data.heatpath",
        "fields": {
            "layer_4_r_value": 35.0,
            "layer_7_r_value": 0.0,
            "layer_8_r_value": 0.61,
            "name": "Cavity",
            "layer_2_r_value": 0.45,
            "area": 0.85875,
            "layer_6_r_value": 0.0,
            "_composite_type_number": 12.0,
            "layer_1_r_value": 0.61,
            "simulation": 3,
            "layer_5_r_value": 0.0,
            "_result_number": 2,
            "composite_type": 13,
            "r_value": 45.669998,
            "layer_3_r_value": 9.0
        }
    },
    {
        "pk": 51,
        "model": "remrate_data.heatpath",
        "fields": {
            "layer_4_r_value": 35.0,
            "layer_7_r_value": 0.0,
            "layer_8_r_value": 0.61,
            "name": "Grade",
            "layer_2_r_value": 0.45,
            "area": 0.0,
            "layer_6_r_value": 0.0,
            "_composite_type_number": 12.0,
            "layer_1_r_value": 0.61,
            "simulation": 3,
            "layer_5_r_value": 0.0,
            "_result_number": 2,
            "composite_type": 13,
            "r_value": 36.670002,
            "layer_3_r_value": 0.0
        }
    },
    {
        "pk": 52,
        "model": "remrate_data.heatpath",
        "fields": {
            "layer_4_r_value": 0.0,
            "layer_7_r_value": 0.0,
            "layer_8_r_value": 0.0,
            "name": "",
            "layer_2_r_value": 0.0,
            "area": 0.0,
            "layer_6_r_value": 0.0,
            "_composite_type_number": 12.0,
            "layer_1_r_value": 0.0,
            "simulation": 3,
            "layer_5_r_value": 0.0,
            "_result_number": 2,
            "composite_type": 13,
            "r_value": 0.0,
            "layer_3_r_value": 0.0
        }
    },
    {
        "pk": 53,
        "model": "remrate_data.heatpath",
        "fields": {
            "layer_4_r_value": 35.0,
            "layer_7_r_value": 0.0,
            "layer_8_r_value": 0.61,
            "name": "Framing",
            "layer_2_r_value": 0.45,
            "area": 0.14125,
            "layer_6_r_value": 0.0,
            "_composite_type_number": 13.0,
            "layer_1_r_value": 0.61,
            "simulation": 3,
            "layer_5_r_value": 0.0,
            "_result_number": 2,
            "composite_type": 14,
            "r_value": 41.045002,
            "layer_3_r_value": 4.375
        }
    },
    {
        "pk": 54,
        "model": "remrate_data.heatpath",
        "fields": {
            "layer_4_r_value": 35.0,
            "layer_7_r_value": 0.0,
            "layer_8_r_value": 0.61,
            "name": "Cavity",
            "layer_2_r_value": 0.45,
            "area": 0.85875,
            "layer_6_r_value": 0.0,
            "_composite_type_number": 13.0,
            "layer_1_r_value": 0.61,
            "simulation": 3,
            "layer_5_r_value": 0.0,
            "_result_number": 2,
            "composite_type": 14,
            "r_value": 45.669998,
            "layer_3_r_value": 9.0
        }
    },
    {
        "pk": 55,
        "model": "remrate_data.heatpath",
        "fields": {
            "layer_4_r_value": 35.0,
            "layer_7_r_value": 0.0,
            "layer_8_r_value": 0.61,
            "name": "Grade",
            "layer_2_r_value": 0.45,
            "area": 0.0,
            "layer_6_r_value": 0.0,
            "_composite_type_number": 13.0,
            "layer_1_r_value": 0.61,
            "simulation": 3,
            "layer_5_r_value": 0.0,
            "_result_number": 2,
            "composite_type": 14,
            "r_value": 36.670002,
            "layer_3_r_value": 0.0
        }
    },
    {
        "pk": 56,
        "model": "remrate_data.heatpath",
        "fields": {
            "layer_4_r_value": 0.0,
            "layer_7_r_value": 0.0,
            "layer_8_r_value": 0.0,
            "name": "",
            "layer_2_r_value": 0.0,
            "area": 0.0,
            "layer_6_r_value": 0.0,
            "_composite_type_number": 13.0,
            "layer_1_r_value": 0.0,
            "simulation": 3,
            "layer_5_r_value": 0.0,
            "_result_number": 2,
            "composite_type": 14,
            "r_value": 0.0,
            "layer_3_r_value": 0.0
        }
    },
    {
        "pk": 57,
        "model": "remrate_data.heatpath",
        "fields": {
            "layer_4_r_value": 23.0,
            "layer_7_r_value": 0.0,
            "layer_8_r_value": 0.17,
            "name": "Cavity",
            "layer_2_r_value": 0.45,
            "area": 0.84,
            "layer_6_r_value": 0.94,
            "_composite_type_number": 14.0,
            "layer_1_r_value": 0.68,
            "simulation": 3,
            "layer_5_r_value": 0.0,
            "_result_number": 2,
            "composite_type": 15,
            "r_value": 25.24,
            "layer_3_r_value": 0.0
        }
    },
    {
        "pk": 58,
        "model": "remrate_data.heatpath",
        "fields": {
            "layer_4_r_value": 6.875,
            "layer_7_r_value": 0.0,
            "layer_8_r_value": 0.17,
            "name": "Framing",
            "layer_2_r_value": 0.45,
            "area": 0.16,
            "layer_6_r_value": 0.94,
            "_composite_type_number": 14.0,
            "layer_1_r_value": 0.68,
            "simulation": 3,
            "layer_5_r_value": 0.0,
            "_result_number": 2,
            "composite_type": 15,
            "r_value": 9.115,
            "layer_3_r_value": 0.0
        }
    },
    {
        "pk": 59,
        "model": "remrate_data.heatpath",
        "fields": {
            "layer_4_r_value": 1.03,
            "layer_7_r_value": 0.0,
            "layer_8_r_value": 0.17,
            "name": "Grade",
            "layer_2_r_value": 0.45,
            "area": 0.0,
            "layer_6_r_value": 0.94,
            "_composite_type_number": 14.0,
            "layer_1_r_value": 0.68,
            "simulation": 3,
            "layer_5_r_value": 0.0,
            "_result_number": 2,
            "composite_type": 15,
            "r_value": 3.27,
            "layer_3_r_value": 0.0
        }
    },
    {
        "pk": 60,
        "model": "remrate_data.heatpath",
        "fields": {
            "layer_4_r_value": 0.0,
            "layer_7_r_value": 0.0,
            "layer_8_r_value": 0.0,
            "name": "",
            "layer_2_r_value": 0.0,
            "area": 0.0,
            "layer_6_r_value": 0.0,
            "_composite_type_number": 14.0,
            "layer_1_r_value": 0.0,
            "simulation": 3,
            "layer_5_r_value": 0.0,
            "_result_number": 2,
            "composite_type": 15,
            "r_value": 0.0,
            "layer_3_r_value": 0.0
        }
    },
    {
        "pk": 61,
        "model": "remrate_data.heatpath",
        "fields": {
            "layer_4_r_value": 23.0,
            "layer_7_r_value": 0.0,
            "layer_8_r_value": 0.17,
            "name": "Cavity",
            "layer_2_r_value": 0.45,
            "area": 0.84,
            "layer_6_r_value": 0.94,
            "_composite_type_number": 15.0,
            "layer_1_r_value": 0.68,
            "simulation": 3,
            "layer_5_r_value": 0.0,
            "_result_number": 2,
            "composite_type": 16,
            "r_value": 25.24,
            "layer_3_r_value": 0.0
        }
    },
    {
        "pk": 62,
        "model": "remrate_data.heatpath",
        "fields": {
            "layer_4_r_value": 6.875,
            "layer_7_r_value": 0.0,
            "layer_8_r_value": 0.17,
            "name": "Framing",
            "layer_2_r_value": 0.45,
            "area": 0.16,
            "layer_6_r_value": 0.94,
            "_composite_type_number": 15.0,
            "layer_1_r_value": 0.68,
            "simulation": 3,
            "layer_5_r_value": 0.0,
            "_result_number": 2,
            "composite_type": 16,
            "r_value": 9.115,
            "layer_3_r_value": 0.0
        }
    },
    {
        "pk": 63,
        "model": "remrate_data.heatpath",
        "fields": {
            "layer_4_r_value": 1.03,
            "layer_7_r_value": 0.0,
            "layer_8_r_value": 0.17,
            "name": "Grade",
            "layer_2_r_value": 0.45,
            "area": 0.0,
            "layer_6_r_value": 0.94,
            "_composite_type_number": 15.0,
            "layer_1_r_value": 0.68,
            "simulation": 3,
            "layer_5_r_value": 0.0,
            "_result_number": 2,
            "composite_type": 16,
            "r_value": 3.27,
            "layer_3_r_value": 0.0
        }
    },
    {
        "pk": 64,
        "model": "remrate_data.heatpath",
        "fields": {
            "layer_4_r_value": 0.0,
            "layer_7_r_value": 0.0,
            "layer_8_r_value": 0.0,
            "name": "",
            "layer_2_r_value": 0.0,
            "area": 0.0,
            "layer_6_r_value": 0.0,
            "_composite_type_number": 15.0,
            "layer_1_r_value": 0.0,
            "simulation": 3,
            "layer_5_r_value": 0.0,
            "_result_number": 2,
            "composite_type": 16,
            "r_value": 0.0,
            "layer_3_r_value": 0.0
        }
    },
    {
        "pk": 65,
        "model": "remrate_data.heatpath",
        "fields": {
            "layer_4_r_value": 30.0,
            "layer_7_r_value": 0.0,
            "layer_8_r_value": 0.92,
            "name": "Cavity",
            "layer_2_r_value": 0.68,
            "area": 0.87,
            "layer_6_r_value": 0.0,
            "_composite_type_number": 16.0,
            "layer_1_r_value": 0.92,
            "simulation": 3,
            "layer_5_r_value": 0.0,
            "_result_number": 2,
            "composite_type": 17,
            "r_value": 33.339996,
            "layer_3_r_value": 0.82
        }
    },
    {
        "pk": 66,
        "model": "remrate_data.heatpath",
        "fields": {
            "layer_4_r_value": 0.0,
            "layer_7_r_value": 0.0,
            "layer_8_r_value": 0.92,
            "name": "Framing",
            "layer_2_r_value": 0.68,
            "area": 0.13,
            "layer_6_r_value": 11.25,
            "_composite_type_number": 16.0,
            "layer_1_r_value": 0.92,
            "simulation": 3,
            "layer_5_r_value": 0.0,
            "_result_number": 2,
            "composite_type": 17,
            "r_value": 14.59,
            "layer_3_r_value": 0.82
        }
    },
    {
        "pk": 67,
        "model": "remrate_data.heatpath",
        "fields": {
            "layer_4_r_value": 0.0,
            "layer_7_r_value": 0.0,
            "layer_8_r_value": 0.92,
            "name": "Grade",
            "layer_2_r_value": 0.68,
            "area": 0.0,
            "layer_6_r_value": 0.0,
            "_composite_type_number": 16.0,
            "layer_1_r_value": 0.92,
            "simulation": 3,
            "layer_5_r_value": 0.0,
            "_result_number": 2,
            "composite_type": 17,
            "r_value": 3.34,
            "layer_3_r_value": 0.82
        }
    },
    {
        "pk": 68,
        "model": "remrate_data.heatpath",
        "fields": {
            "layer_4_r_value": 0.0,
            "layer_7_r_value": 0.0,
            "layer_8_r_value": 0.0,
            "name": "",
            "layer_2_r_value": 0.0,
            "area": 0.0,
            "layer_6_r_value": 0.0,
            "_composite_type_number": 16.0,
            "layer_1_r_value": 0.0,
            "simulation": 3,
            "layer_5_r_value": 0.0,
            "_result_number": 2,
            "composite_type": 17,
            "r_value": 0.0,
            "layer_3_r_value": 0.0
        }
    },
    {
        "pk": 69,
        "model": "remrate_data.heatpath",
        "fields": {
            "layer_4_r_value": 30.0,
            "layer_7_r_value": 0.0,
            "layer_8_r_value": 0.92,
            "name": "Cavity",
            "layer_2_r_value": 0.68,
            "area": 0.87,
            "layer_6_r_value": 0.0,
            "_composite_type_number": 17.0,
            "layer_1_r_value": 0.92,
            "simulation": 3,
            "layer_5_r_value": 0.0,
            "_result_number": 2,
            "composite_type": 18,
            "r_value": 33.339996,
            "layer_3_r_value": 0.82
        }
    },
    {
        "pk": 70,
        "model": "remrate_data.heatpath",
        "fields": {
            "layer_4_r_value": 0.0,
            "layer_7_r_value": 0.0,
            "layer_8_r_value": 0.92,
            "name": "Framing",
            "layer_2_r_value": 0.68,
            "area": 0.13,
            "layer_6_r_value": 11.25,
            "_composite_type_number": 17.0,
            "layer_1_r_value": 0.92,
            "simulation": 3,
            "layer_5_r_value": 0.0,
            "_result_number": 2,
            "composite_type": 18,
            "r_value": 14.59,
            "layer_3_r_value": 0.82
        }
    },
    {
        "pk": 71,
        "model": "remrate_data.heatpath",
        "fields": {
            "layer_4_r_value": 0.0,
            "layer_7_r_value": 0.0,
            "layer_8_r_value": 0.92,
            "name": "Grade",
            "layer_2_r_value": 0.68,
            "area": 0.0,
            "layer_6_r_value": 0.0,
            "_composite_type_number": 17.0,
            "layer_1_r_value": 0.92,
            "simulation": 3,
            "layer_5_r_value": 0.0,
            "_result_number": 2,
            "composite_type": 18,
            "r_value": 3.34,
            "layer_3_r_value": 0.82
        }
    },
    {
        "pk": 72,
        "model": "remrate_data.heatpath",
        "fields": {
            "layer_4_r_value": 0.0,
            "layer_7_r_value": 0.0,
            "layer_8_r_value": 0.0,
            "name": "",
            "layer_2_r_value": 0.0,
            "area": 0.0,
            "layer_6_r_value": 0.0,
            "_composite_type_number": 17.0,
            "layer_1_r_value": 0.0,
            "simulation": 3,
            "layer_5_r_value": 0.0,
            "_result_number": 2,
            "composite_type": 18,
            "r_value": 0.0,
            "layer_3_r_value": 0.0
        }
    },
    {
        "pk": 73,
        "model": "remrate_data.heatpath",
        "fields": {
            "layer_4_r_value": 35.0,
            "layer_7_r_value": 0.0,
            "layer_8_r_value": 0.61,
            "name": "Framing",
            "layer_2_r_value": 0.45,
            "area": 0.14125,
            "layer_6_r_value": 0.0,
            "_composite_type_number": 18.0,
            "layer_1_r_value": 0.61,
            "simulation": 4,
            "layer_5_r_value": 0.0,
            "_result_number": 3,
            "composite_type": 19,
            "r_value": 41.045002,
            "layer_3_r_value": 4.375
        }
    },
    {
        "pk": 74,
        "model": "remrate_data.heatpath",
        "fields": {
            "layer_4_r_value": 35.0,
            "layer_7_r_value": 0.0,
            "layer_8_r_value": 0.61,
            "name": "Cavity",
            "layer_2_r_value": 0.45,
            "area": 0.85875,
            "layer_6_r_value": 0.0,
            "_composite_type_number": 18.0,
            "layer_1_r_value": 0.61,
            "simulation": 4,
            "layer_5_r_value": 0.0,
            "_result_number": 3,
            "composite_type": 19,
            "r_value": 45.669998,
            "layer_3_r_value": 9.0
        }
    },
    {
        "pk": 75,
        "model": "remrate_data.heatpath",
        "fields": {
            "layer_4_r_value": 35.0,
            "layer_7_r_value": 0.0,
            "layer_8_r_value": 0.61,
            "name": "Grade",
            "layer_2_r_value": 0.45,
            "area": 0.0,
            "layer_6_r_value": 0.0,
            "_composite_type_number": 18.0,
            "layer_1_r_value": 0.61,
            "simulation": 4,
            "layer_5_r_value": 0.0,
            "_result_number": 3,
            "composite_type": 19,
            "r_value": 36.670002,
            "layer_3_r_value": 0.0
        }
    },
    {
        "pk": 76,
        "model": "remrate_data.heatpath",
        "fields": {
            "layer_4_r_value": 0.0,
            "layer_7_r_value": 0.0,
            "layer_8_r_value": 0.0,
            "name": "",
            "layer_2_r_value": 0.0,
            "area": 0.0,
            "layer_6_r_value": 0.0,
            "_composite_type_number": 18.0,
            "layer_1_r_value": 0.0,
            "simulation": 4,
            "layer_5_r_value": 0.0,
            "_result_number": 3,
            "composite_type": 19,
            "r_value": 0.0,
            "layer_3_r_value": 0.0
        }
    },
    {
        "pk": 77,
        "model": "remrate_data.heatpath",
        "fields": {
            "layer_4_r_value": 35.0,
            "layer_7_r_value": 0.0,
            "layer_8_r_value": 0.61,
            "name": "Framing",
            "layer_2_r_value": 0.45,
            "area": 0.14125,
            "layer_6_r_value": 0.0,
            "_composite_type_number": 19.0,
            "layer_1_r_value": 0.61,
            "simulation": 4,
            "layer_5_r_value": 0.0,
            "_result_number": 3,
            "composite_type": 20,
            "r_value": 41.045002,
            "layer_3_r_value": 4.375
        }
    },
    {
        "pk": 78,
        "model": "remrate_data.heatpath",
        "fields": {
            "layer_4_r_value": 35.0,
            "layer_7_r_value": 0.0,
            "layer_8_r_value": 0.61,
            "name": "Cavity",
            "layer_2_r_value": 0.45,
            "area": 0.85875,
            "layer_6_r_value": 0.0,
            "_composite_type_number": 19.0,
            "layer_1_r_value": 0.61,
            "simulation": 4,
            "layer_5_r_value": 0.0,
            "_result_number": 3,
            "composite_type": 20,
            "r_value": 45.669998,
            "layer_3_r_value": 9.0
        }
    },
    {
        "pk": 79,
        "model": "remrate_data.heatpath",
        "fields": {
            "layer_4_r_value": 35.0,
            "layer_7_r_value": 0.0,
            "layer_8_r_value": 0.61,
            "name": "Grade",
            "layer_2_r_value": 0.45,
            "area": 0.0,
            "layer_6_r_value": 0.0,
            "_composite_type_number": 19.0,
            "layer_1_r_value": 0.61,
            "simulation": 4,
            "layer_5_r_value": 0.0,
            "_result_number": 3,
            "composite_type": 20,
            "r_value": 36.670002,
            "layer_3_r_value": 0.0
        }
    },
    {
        "pk": 80,
        "model": "remrate_data.heatpath",
        "fields": {
            "layer_4_r_value": 0.0,
            "layer_7_r_value": 0.0,
            "layer_8_r_value": 0.0,
            "name": "",
            "layer_2_r_value": 0.0,
            "area": 0.0,
            "layer_6_r_value": 0.0,
            "_composite_type_number": 19.0,
            "layer_1_r_value": 0.0,
            "simulation": 4,
            "layer_5_r_value": 0.0,
            "_result_number": 3,
            "composite_type": 20,
            "r_value": 0.0,
            "layer_3_r_value": 0.0
        }
    },
    {
        "pk": 81,
        "model": "remrate_data.heatpath",
        "fields": {
            "layer_4_r_value": 23.0,
            "layer_7_r_value": 0.0,
            "layer_8_r_value": 0.17,
            "name": "Cavity",
            "layer_2_r_value": 0.45,
            "area": 0.84,
            "layer_6_r_value": 0.94,
            "_composite_type_number": 20.0,
            "layer_1_r_value": 0.68,
            "simulation": 4,
            "layer_5_r_value": 0.0,
            "_result_number": 3,
            "composite_type": 21,
            "r_value": 25.24,
            "layer_3_r_value": 0.0
        }
    },
    {
        "pk": 82,
        "model": "remrate_data.heatpath",
        "fields": {
            "layer_4_r_value": 6.875,
            "layer_7_r_value": 0.0,
            "layer_8_r_value": 0.17,
            "name": "Framing",
            "layer_2_r_value": 0.45,
            "area": 0.16,
            "layer_6_r_value": 0.94,
            "_composite_type_number": 20.0,
            "layer_1_r_value": 0.68,
            "simulation": 4,
            "layer_5_r_value": 0.0,
            "_result_number": 3,
            "composite_type": 21,
            "r_value": 9.115,
            "layer_3_r_value": 0.0
        }
    },
    {
        "pk": 83,
        "model": "remrate_data.heatpath",
        "fields": {
            "layer_4_r_value": 1.03,
            "layer_7_r_value": 0.0,
            "layer_8_r_value": 0.17,
            "name": "Grade",
            "layer_2_r_value": 0.45,
            "area": 0.0,
            "layer_6_r_value": 0.94,
            "_composite_type_number": 20.0,
            "layer_1_r_value": 0.68,
            "simulation": 4,
            "layer_5_r_value": 0.0,
            "_result_number": 3,
            "composite_type": 21,
            "r_value": 3.27,
            "layer_3_r_value": 0.0
        }
    },
    {
        "pk": 84,
        "model": "remrate_data.heatpath",
        "fields": {
            "layer_4_r_value": 0.0,
            "layer_7_r_value": 0.0,
            "layer_8_r_value": 0.0,
            "name": "",
            "layer_2_r_value": 0.0,
            "area": 0.0,
            "layer_6_r_value": 0.0,
            "_composite_type_number": 20.0,
            "layer_1_r_value": 0.0,
            "simulation": 4,
            "layer_5_r_value": 0.0,
            "_result_number": 3,
            "composite_type": 21,
            "r_value": 0.0,
            "layer_3_r_value": 0.0
        }
    },
    {
        "pk": 85,
        "model": "remrate_data.heatpath",
        "fields": {
            "layer_4_r_value": 23.0,
            "layer_7_r_value": 0.0,
            "layer_8_r_value": 0.17,
            "name": "Cavity",
            "layer_2_r_value": 0.45,
            "area": 0.84,
            "layer_6_r_value": 0.94,
            "_composite_type_number": 21.0,
            "layer_1_r_value": 0.68,
            "simulation": 4,
            "layer_5_r_value": 0.0,
            "_result_number": 3,
            "composite_type": 22,
            "r_value": 25.24,
            "layer_3_r_value": 0.0
        }
    },
    {
        "pk": 86,
        "model": "remrate_data.heatpath",
        "fields": {
            "layer_4_r_value": 6.875,
            "layer_7_r_value": 0.0,
            "layer_8_r_value": 0.17,
            "name": "Framing",
            "layer_2_r_value": 0.45,
            "area": 0.16,
            "layer_6_r_value": 0.94,
            "_composite_type_number": 21.0,
            "layer_1_r_value": 0.68,
            "simulation": 4,
            "layer_5_r_value": 0.0,
            "_result_number": 3,
            "composite_type": 22,
            "r_value": 9.115,
            "layer_3_r_value": 0.0
        }
    },
    {
        "pk": 87,
        "model": "remrate_data.heatpath",
        "fields": {
            "layer_4_r_value": 1.03,
            "layer_7_r_value": 0.0,
            "layer_8_r_value": 0.17,
            "name": "Grade",
            "layer_2_r_value": 0.45,
            "area": 0.0,
            "layer_6_r_value": 0.94,
            "_composite_type_number": 21.0,
            "layer_1_r_value": 0.68,
            "simulation": 4,
            "layer_5_r_value": 0.0,
            "_result_number": 3,
            "composite_type": 22,
            "r_value": 3.27,
            "layer_3_r_value": 0.0
        }
    },
    {
        "pk": 88,
        "model": "remrate_data.heatpath",
        "fields": {
            "layer_4_r_value": 0.0,
            "layer_7_r_value": 0.0,
            "layer_8_r_value": 0.0,
            "name": "",
            "layer_2_r_value": 0.0,
            "area": 0.0,
            "layer_6_r_value": 0.0,
            "_composite_type_number": 21.0,
            "layer_1_r_value": 0.0,
            "simulation": 4,
            "layer_5_r_value": 0.0,
            "_result_number": 3,
            "composite_type": 22,
            "r_value": 0.0,
            "layer_3_r_value": 0.0
        }
    },
    {
        "pk": 89,
        "model": "remrate_data.heatpath",
        "fields": {
            "layer_4_r_value": 30.0,
            "layer_7_r_value": 0.0,
            "layer_8_r_value": 0.92,
            "name": "Cavity",
            "layer_2_r_value": 0.68,
            "area": 0.87,
            "layer_6_r_value": 0.0,
            "_composite_type_number": 22.0,
            "layer_1_r_value": 0.92,
            "simulation": 4,
            "layer_5_r_value": 0.0,
            "_result_number": 3,
            "composite_type": 23,
            "r_value": 33.339996,
            "layer_3_r_value": 0.82
        }
    },
    {
        "pk": 90,
        "model": "remrate_data.heatpath",
        "fields": {
            "layer_4_r_value": 0.0,
            "layer_7_r_value": 0.0,
            "layer_8_r_value": 0.92,
            "name": "Framing",
            "layer_2_r_value": 0.68,
            "area": 0.13,
            "layer_6_r_value": 11.25,
            "_composite_type_number": 22.0,
            "layer_1_r_value": 0.92,
            "simulation": 4,
            "layer_5_r_value": 0.0,
            "_result_number": 3,
            "composite_type": 23,
            "r_value": 14.59,
            "layer_3_r_value": 0.82
        }
    },
    {
        "pk": 91,
        "model": "remrate_data.heatpath",
        "fields": {
            "layer_4_r_value": 0.0,
            "layer_7_r_value": 0.0,
            "layer_8_r_value": 0.92,
            "name": "Grade",
            "layer_2_r_value": 0.68,
            "area": 0.0,
            "layer_6_r_value": 0.0,
            "_composite_type_number": 22.0,
            "layer_1_r_value": 0.92,
            "simulation": 4,
            "layer_5_r_value": 0.0,
            "_result_number": 3,
            "composite_type": 23,
            "r_value": 3.34,
            "layer_3_r_value": 0.82
        }
    },
    {
        "pk": 92,
        "model": "remrate_data.heatpath",
        "fields": {
            "layer_4_r_value": 0.0,
            "layer_7_r_value": 0.0,
            "layer_8_r_value": 0.0,
            "name": "",
            "layer_2_r_value": 0.0,
            "area": 0.0,
            "layer_6_r_value": 0.0,
            "_composite_type_number": 22.0,
            "layer_1_r_value": 0.0,
            "simulation": 4,
            "layer_5_r_value": 0.0,
            "_result_number": 3,
            "composite_type": 23,
            "r_value": 0.0,
            "layer_3_r_value": 0.0
        }
    },
    {
        "pk": 93,
        "model": "remrate_data.heatpath",
        "fields": {
            "layer_4_r_value": 30.0,
            "layer_7_r_value": 0.0,
            "layer_8_r_value": 0.92,
            "name": "Cavity",
            "layer_2_r_value": 0.68,
            "area": 0.87,
            "layer_6_r_value": 0.0,
            "_composite_type_number": 23.0,
            "layer_1_r_value": 0.92,
            "simulation": 4,
            "layer_5_r_value": 0.0,
            "_result_number": 3,
            "composite_type": 24,
            "r_value": 33.339996,
            "layer_3_r_value": 0.82
        }
    },
    {
        "pk": 94,
        "model": "remrate_data.heatpath",
        "fields": {
            "layer_4_r_value": 0.0,
            "layer_7_r_value": 0.0,
            "layer_8_r_value": 0.92,
            "name": "Framing",
            "layer_2_r_value": 0.68,
            "area": 0.13,
            "layer_6_r_value": 11.25,
            "_composite_type_number": 23.0,
            "layer_1_r_value": 0.92,
            "simulation": 4,
            "layer_5_r_value": 0.0,
            "_result_number": 3,
            "composite_type": 24,
            "r_value": 14.59,
            "layer_3_r_value": 0.82
        }
    },
    {
        "pk": 95,
        "model": "remrate_data.heatpath",
        "fields": {
            "layer_4_r_value": 0.0,
            "layer_7_r_value": 0.0,
            "layer_8_r_value": 0.92,
            "name": "Grade",
            "layer_2_r_value": 0.68,
            "area": 0.0,
            "layer_6_r_value": 0.0,
            "_composite_type_number": 23.0,
            "layer_1_r_value": 0.92,
            "simulation": 4,
            "layer_5_r_value": 0.0,
            "_result_number": 3,
            "composite_type": 24,
            "r_value": 3.34,
            "layer_3_r_value": 0.82
        }
    },
    {
        "pk": 96,
        "model": "remrate_data.heatpath",
        "fields": {
            "layer_4_r_value": 0.0,
            "layer_7_r_value": 0.0,
            "layer_8_r_value": 0.0,
            "name": "",
            "layer_2_r_value": 0.0,
            "area": 0.0,
            "layer_6_r_value": 0.0,
            "_composite_type_number": 23.0,
            "layer_1_r_value": 0.0,
            "simulation": 4,
            "layer_5_r_value": 0.0,
            "_result_number": 3,
            "composite_type": 24,
            "r_value": 0.0,
            "layer_3_r_value": 0.0
        }
    },
    {
        "pk": 97,
        "model": "remrate_data.heatpath",
        "fields": {
            "layer_4_r_value": 35.0,
            "layer_7_r_value": 0.0,
            "layer_8_r_value": 0.61,
            "name": "Framing",
            "layer_2_r_value": 0.45,
            "area": 0.14125,
            "layer_6_r_value": 0.0,
            "_composite_type_number": 24.0,
            "layer_1_r_value": 0.61,
            "simulation": 5,
            "layer_5_r_value": 0.0,
            "_result_number": 4,
            "composite_type": 25,
            "r_value": 41.045002,
            "layer_3_r_value": 4.375
        }
    },
    {
        "pk": 98,
        "model": "remrate_data.heatpath",
        "fields": {
            "layer_4_r_value": 35.0,
            "layer_7_r_value": 0.0,
            "layer_8_r_value": 0.61,
            "name": "Cavity",
            "layer_2_r_value": 0.45,
            "area": 0.85875,
            "layer_6_r_value": 0.0,
            "_composite_type_number": 24.0,
            "layer_1_r_value": 0.61,
            "simulation": 5,
            "layer_5_r_value": 0.0,
            "_result_number": 4,
            "composite_type": 25,
            "r_value": 45.669998,
            "layer_3_r_value": 9.0
        }
    },
    {
        "pk": 99,
        "model": "remrate_data.heatpath",
        "fields": {
            "layer_4_r_value": 35.0,
            "layer_7_r_value": 0.0,
            "layer_8_r_value": 0.61,
            "name": "Grade",
            "layer_2_r_value": 0.45,
            "area": 0.0,
            "layer_6_r_value": 0.0,
            "_composite_type_number": 24.0,
            "layer_1_r_value": 0.61,
            "simulation": 5,
            "layer_5_r_value": 0.0,
            "_result_number": 4,
            "composite_type": 25,
            "r_value": 36.670002,
            "layer_3_r_value": 0.0
        }
    },
    {
        "pk": 100,
        "model": "remrate_data.heatpath",
        "fields": {
            "layer_4_r_value": 0.0,
            "layer_7_r_value": 0.0,
            "layer_8_r_value": 0.0,
            "name": "",
            "layer_2_r_value": 0.0,
            "area": 0.0,
            "layer_6_r_value": 0.0,
            "_composite_type_number": 24.0,
            "layer_1_r_value": 0.0,
            "simulation": 5,
            "layer_5_r_value": 0.0,
            "_result_number": 4,
            "composite_type": 25,
            "r_value": 0.0,
            "layer_3_r_value": 0.0
        }
    },
    {
        "pk": 101,
        "model": "remrate_data.heatpath",
        "fields": {
            "layer_4_r_value": 35.0,
            "layer_7_r_value": 0.0,
            "layer_8_r_value": 0.61,
            "name": "Framing",
            "layer_2_r_value": 0.45,
            "area": 0.14125,
            "layer_6_r_value": 0.0,
            "_composite_type_number": 25.0,
            "layer_1_r_value": 0.61,
            "simulation": 5,
            "layer_5_r_value": 0.0,
            "_result_number": 4,
            "composite_type": 26,
            "r_value": 41.045002,
            "layer_3_r_value": 4.375
        }
    },
    {
        "pk": 102,
        "model": "remrate_data.heatpath",
        "fields": {
            "layer_4_r_value": 35.0,
            "layer_7_r_value": 0.0,
            "layer_8_r_value": 0.61,
            "name": "Cavity",
            "layer_2_r_value": 0.45,
            "area": 0.85875,
            "layer_6_r_value": 0.0,
            "_composite_type_number": 25.0,
            "layer_1_r_value": 0.61,
            "simulation": 5,
            "layer_5_r_value": 0.0,
            "_result_number": 4,
            "composite_type": 26,
            "r_value": 45.669998,
            "layer_3_r_value": 9.0
        }
    },
    {
        "pk": 103,
        "model": "remrate_data.heatpath",
        "fields": {
            "layer_4_r_value": 35.0,
            "layer_7_r_value": 0.0,
            "layer_8_r_value": 0.61,
            "name": "Grade",
            "layer_2_r_value": 0.45,
            "area": 0.0,
            "layer_6_r_value": 0.0,
            "_composite_type_number": 25.0,
            "layer_1_r_value": 0.61,
            "simulation": 5,
            "layer_5_r_value": 0.0,
            "_result_number": 4,
            "composite_type": 26,
            "r_value": 36.670002,
            "layer_3_r_value": 0.0
        }
    },
    {
        "pk": 104,
        "model": "remrate_data.heatpath",
        "fields": {
            "layer_4_r_value": 0.0,
            "layer_7_r_value": 0.0,
            "layer_8_r_value": 0.0,
            "name": "",
            "layer_2_r_value": 0.0,
            "area": 0.0,
            "layer_6_r_value": 0.0,
            "_composite_type_number": 25.0,
            "layer_1_r_value": 0.0,
            "simulation": 5,
            "layer_5_r_value": 0.0,
            "_result_number": 4,
            "composite_type": 26,
            "r_value": 0.0,
            "layer_3_r_value": 0.0
        }
    },
    {
        "pk": 105,
        "model": "remrate_data.heatpath",
        "fields": {
            "layer_4_r_value": 23.0,
            "layer_7_r_value": 0.0,
            "layer_8_r_value": 0.17,
            "name": "Cavity",
            "layer_2_r_value": 0.45,
            "area": 0.84,
            "layer_6_r_value": 0.94,
            "_composite_type_number": 26.0,
            "layer_1_r_value": 0.68,
            "simulation": 5,
            "layer_5_r_value": 0.0,
            "_result_number": 4,
            "composite_type": 27,
            "r_value": 25.24,
            "layer_3_r_value": 0.0
        }
    },
    {
        "pk": 106,
        "model": "remrate_data.heatpath",
        "fields": {
            "layer_4_r_value": 6.875,
            "layer_7_r_value": 0.0,
            "layer_8_r_value": 0.17,
            "name": "Framing",
            "layer_2_r_value": 0.45,
            "area": 0.16,
            "layer_6_r_value": 0.94,
            "_composite_type_number": 26.0,
            "layer_1_r_value": 0.68,
            "simulation": 5,
            "layer_5_r_value": 0.0,
            "_result_number": 4,
            "composite_type": 27,
            "r_value": 9.115,
            "layer_3_r_value": 0.0
        }
    },
    {
        "pk": 107,
        "model": "remrate_data.heatpath",
        "fields": {
            "layer_4_r_value": 1.03,
            "layer_7_r_value": 0.0,
            "layer_8_r_value": 0.17,
            "name": "Grade",
            "layer_2_r_value": 0.45,
            "area": 0.0,
            "layer_6_r_value": 0.94,
            "_composite_type_number": 26.0,
            "layer_1_r_value": 0.68,
            "simulation": 5,
            "layer_5_r_value": 0.0,
            "_result_number": 4,
            "composite_type": 27,
            "r_value": 3.27,
            "layer_3_r_value": 0.0
        }
    },
    {
        "pk": 108,
        "model": "remrate_data.heatpath",
        "fields": {
            "layer_4_r_value": 0.0,
            "layer_7_r_value": 0.0,
            "layer_8_r_value": 0.0,
            "name": "",
            "layer_2_r_value": 0.0,
            "area": 0.0,
            "layer_6_r_value": 0.0,
            "_composite_type_number": 26.0,
            "layer_1_r_value": 0.0,
            "simulation": 5,
            "layer_5_r_value": 0.0,
            "_result_number": 4,
            "composite_type": 27,
            "r_value": 0.0,
            "layer_3_r_value": 0.0
        }
    },
    {
        "pk": 109,
        "model": "remrate_data.heatpath",
        "fields": {
            "layer_4_r_value": 23.0,
            "layer_7_r_value": 0.0,
            "layer_8_r_value": 0.17,
            "name": "Cavity",
            "layer_2_r_value": 0.45,
            "area": 0.84,
            "layer_6_r_value": 0.94,
            "_composite_type_number": 27.0,
            "layer_1_r_value": 0.68,
            "simulation": 5,
            "layer_5_r_value": 0.0,
            "_result_number": 4,
            "composite_type": 28,
            "r_value": 25.24,
            "layer_3_r_value": 0.0
        }
    },
    {
        "pk": 110,
        "model": "remrate_data.heatpath",
        "fields": {
            "layer_4_r_value": 6.875,
            "layer_7_r_value": 0.0,
            "layer_8_r_value": 0.17,
            "name": "Framing",
            "layer_2_r_value": 0.45,
            "area": 0.16,
            "layer_6_r_value": 0.94,
            "_composite_type_number": 27.0,
            "layer_1_r_value": 0.68,
            "simulation": 5,
            "layer_5_r_value": 0.0,
            "_result_number": 4,
            "composite_type": 28,
            "r_value": 9.115,
            "layer_3_r_value": 0.0
        }
    },
    {
        "pk": 111,
        "model": "remrate_data.heatpath",
        "fields": {
            "layer_4_r_value": 1.03,
            "layer_7_r_value": 0.0,
            "layer_8_r_value": 0.17,
            "name": "Grade",
            "layer_2_r_value": 0.45,
            "area": 0.0,
            "layer_6_r_value": 0.94,
            "_composite_type_number": 27.0,
            "layer_1_r_value": 0.68,
            "simulation": 5,
            "layer_5_r_value": 0.0,
            "_result_number": 4,
            "composite_type": 28,
            "r_value": 3.27,
            "layer_3_r_value": 0.0
        }
    },
    {
        "pk": 112,
        "model": "remrate_data.heatpath",
        "fields": {
            "layer_4_r_value": 0.0,
            "layer_7_r_value": 0.0,
            "layer_8_r_value": 0.0,
            "name": "",
            "layer_2_r_value": 0.0,
            "area": 0.0,
            "layer_6_r_value": 0.0,
            "_composite_type_number": 27.0,
            "layer_1_r_value": 0.0,
            "simulation": 5,
            "layer_5_r_value": 0.0,
            "_result_number": 4,
            "composite_type": 28,
            "r_value": 0.0,
            "layer_3_r_value": 0.0
        }
    },
    {
        "pk": 113,
        "model": "remrate_data.heatpath",
        "fields": {
            "layer_4_r_value": 30.0,
            "layer_7_r_value": 0.0,
            "layer_8_r_value": 0.92,
            "name": "Cavity",
            "layer_2_r_value": 0.68,
            "area": 0.87,
            "layer_6_r_value": 0.0,
            "_composite_type_number": 28.0,
            "layer_1_r_value": 0.92,
            "simulation": 5,
            "layer_5_r_value": 0.0,
            "_result_number": 4,
            "composite_type": 29,
            "r_value": 33.339996,
            "layer_3_r_value": 0.82
        }
    },
    {
        "pk": 114,
        "model": "remrate_data.heatpath",
        "fields": {
            "layer_4_r_value": 0.0,
            "layer_7_r_value": 0.0,
            "layer_8_r_value": 0.92,
            "name": "Framing",
            "layer_2_r_value": 0.68,
            "area": 0.13,
            "layer_6_r_value": 11.25,
            "_composite_type_number": 28.0,
            "layer_1_r_value": 0.92,
            "simulation": 5,
            "layer_5_r_value": 0.0,
            "_result_number": 4,
            "composite_type": 29,
            "r_value": 14.59,
            "layer_3_r_value": 0.82
        }
    },
    {
        "pk": 115,
        "model": "remrate_data.heatpath",
        "fields": {
            "layer_4_r_value": 0.0,
            "layer_7_r_value": 0.0,
            "layer_8_r_value": 0.92,
            "name": "Grade",
            "layer_2_r_value": 0.68,
            "area": 0.0,
            "layer_6_r_value": 0.0,
            "_composite_type_number": 28.0,
            "layer_1_r_value": 0.92,
            "simulation": 5,
            "layer_5_r_value": 0.0,
            "_result_number": 4,
            "composite_type": 29,
            "r_value": 3.34,
            "layer_3_r_value": 0.82
        }
    },
    {
        "pk": 116,
        "model": "remrate_data.heatpath",
        "fields": {
            "layer_4_r_value": 0.0,
            "layer_7_r_value": 0.0,
            "layer_8_r_value": 0.0,
            "name": "",
            "layer_2_r_value": 0.0,
            "area": 0.0,
            "layer_6_r_value": 0.0,
            "_composite_type_number": 28.0,
            "layer_1_r_value": 0.0,
            "simulation": 5,
            "layer_5_r_value": 0.0,
            "_result_number": 4,
            "composite_type": 29,
            "r_value": 0.0,
            "layer_3_r_value": 0.0
        }
    },
    {
        "pk": 117,
        "model": "remrate_data.heatpath",
        "fields": {
            "layer_4_r_value": 30.0,
            "layer_7_r_value": 0.0,
            "layer_8_r_value": 0.92,
            "name": "Cavity",
            "layer_2_r_value": 0.68,
            "area": 0.87,
            "layer_6_r_value": 0.0,
            "_composite_type_number": 29.0,
            "layer_1_r_value": 0.92,
            "simulation": 5,
            "layer_5_r_value": 0.0,
            "_result_number": 4,
            "composite_type": 30,
            "r_value": 33.339996,
            "layer_3_r_value": 0.82
        }
    },
    {
        "pk": 118,
        "model": "remrate_data.heatpath",
        "fields": {
            "layer_4_r_value": 0.0,
            "layer_7_r_value": 0.0,
            "layer_8_r_value": 0.92,
            "name": "Framing",
            "layer_2_r_value": 0.68,
            "area": 0.13,
            "layer_6_r_value": 11.25,
            "_composite_type_number": 29.0,
            "layer_1_r_value": 0.92,
            "simulation": 5,
            "layer_5_r_value": 0.0,
            "_result_number": 4,
            "composite_type": 30,
            "r_value": 14.59,
            "layer_3_r_value": 0.82
        }
    },
    {
        "pk": 119,
        "model": "remrate_data.heatpath",
        "fields": {
            "layer_4_r_value": 0.0,
            "layer_7_r_value": 0.0,
            "layer_8_r_value": 0.92,
            "name": "Grade",
            "layer_2_r_value": 0.68,
            "area": 0.0,
            "layer_6_r_value": 0.0,
            "_composite_type_number": 29.0,
            "layer_1_r_value": 0.92,
            "simulation": 5,
            "layer_5_r_value": 0.0,
            "_result_number": 4,
            "composite_type": 30,
            "r_value": 3.34,
            "layer_3_r_value": 0.82
        }
    },
    {
        "pk": 120,
        "model": "remrate_data.heatpath",
        "fields": {
            "layer_4_r_value": 0.0,
            "layer_7_r_value": 0.0,
            "layer_8_r_value": 0.0,
            "name": "",
            "layer_2_r_value": 0.0,
            "area": 0.0,
            "layer_6_r_value": 0.0,
            "_composite_type_number": 29.0,
            "layer_1_r_value": 0.0,
            "simulation": 5,
            "layer_5_r_value": 0.0,
            "_result_number": 4,
            "composite_type": 30,
            "r_value": 0.0,
            "layer_3_r_value": 0.0
        }
    },
    {
        "pk": 121,
        "model": "remrate_data.heatpath",
        "fields": {
            "layer_4_r_value": 35.0,
            "layer_7_r_value": 0.0,
            "layer_8_r_value": 0.61,
            "name": "Framing",
            "layer_2_r_value": 0.45,
            "area": 0.14125,
            "layer_6_r_value": 0.0,
            "_composite_type_number": 30.0,
            "layer_1_r_value": 0.61,
            "simulation": 6,
            "layer_5_r_value": 0.0,
            "_result_number": 5,
            "composite_type": 31,
            "r_value": 41.045002,
            "layer_3_r_value": 4.375
        }
    },
    {
        "pk": 122,
        "model": "remrate_data.heatpath",
        "fields": {
            "layer_4_r_value": 35.0,
            "layer_7_r_value": 0.0,
            "layer_8_r_value": 0.61,
            "name": "Cavity",
            "layer_2_r_value": 0.45,
            "area": 0.85875,
            "layer_6_r_value": 0.0,
            "_composite_type_number": 30.0,
            "layer_1_r_value": 0.61,
            "simulation": 6,
            "layer_5_r_value": 0.0,
            "_result_number": 5,
            "composite_type": 31,
            "r_value": 45.669998,
            "layer_3_r_value": 9.0
        }
    },
    {
        "pk": 123,
        "model": "remrate_data.heatpath",
        "fields": {
            "layer_4_r_value": 35.0,
            "layer_7_r_value": 0.0,
            "layer_8_r_value": 0.61,
            "name": "Grade",
            "layer_2_r_value": 0.45,
            "area": 0.0,
            "layer_6_r_value": 0.0,
            "_composite_type_number": 30.0,
            "layer_1_r_value": 0.61,
            "simulation": 6,
            "layer_5_r_value": 0.0,
            "_result_number": 5,
            "composite_type": 31,
            "r_value": 36.670002,
            "layer_3_r_value": 0.0
        }
    },
    {
        "pk": 124,
        "model": "remrate_data.heatpath",
        "fields": {
            "layer_4_r_value": 0.0,
            "layer_7_r_value": 0.0,
            "layer_8_r_value": 0.0,
            "name": "",
            "layer_2_r_value": 0.0,
            "area": 0.0,
            "layer_6_r_value": 0.0,
            "_composite_type_number": 30.0,
            "layer_1_r_value": 0.0,
            "simulation": 6,
            "layer_5_r_value": 0.0,
            "_result_number": 5,
            "composite_type": 31,
            "r_value": 0.0,
            "layer_3_r_value": 0.0
        }
    },
    {
        "pk": 125,
        "model": "remrate_data.heatpath",
        "fields": {
            "layer_4_r_value": 35.0,
            "layer_7_r_value": 0.0,
            "layer_8_r_value": 0.61,
            "name": "Framing",
            "layer_2_r_value": 0.45,
            "area": 0.14125,
            "layer_6_r_value": 0.0,
            "_composite_type_number": 31.0,
            "layer_1_r_value": 0.61,
            "simulation": 6,
            "layer_5_r_value": 0.0,
            "_result_number": 5,
            "composite_type": 32,
            "r_value": 41.045002,
            "layer_3_r_value": 4.375
        }
    },
    {
        "pk": 126,
        "model": "remrate_data.heatpath",
        "fields": {
            "layer_4_r_value": 35.0,
            "layer_7_r_value": 0.0,
            "layer_8_r_value": 0.61,
            "name": "Cavity",
            "layer_2_r_value": 0.45,
            "area": 0.85875,
            "layer_6_r_value": 0.0,
            "_composite_type_number": 31.0,
            "layer_1_r_value": 0.61,
            "simulation": 6,
            "layer_5_r_value": 0.0,
            "_result_number": 5,
            "composite_type": 32,
            "r_value": 45.669998,
            "layer_3_r_value": 9.0
        }
    },
    {
        "pk": 127,
        "model": "remrate_data.heatpath",
        "fields": {
            "layer_4_r_value": 35.0,
            "layer_7_r_value": 0.0,
            "layer_8_r_value": 0.61,
            "name": "Grade",
            "layer_2_r_value": 0.45,
            "area": 0.0,
            "layer_6_r_value": 0.0,
            "_composite_type_number": 31.0,
            "layer_1_r_value": 0.61,
            "simulation": 6,
            "layer_5_r_value": 0.0,
            "_result_number": 5,
            "composite_type": 32,
            "r_value": 36.670002,
            "layer_3_r_value": 0.0
        }
    },
    {
        "pk": 128,
        "model": "remrate_data.heatpath",
        "fields": {
            "layer_4_r_value": 0.0,
            "layer_7_r_value": 0.0,
            "layer_8_r_value": 0.0,
            "name": "",
            "layer_2_r_value": 0.0,
            "area": 0.0,
            "layer_6_r_value": 0.0,
            "_composite_type_number": 31.0,
            "layer_1_r_value": 0.0,
            "simulation": 6,
            "layer_5_r_value": 0.0,
            "_result_number": 5,
            "composite_type": 32,
            "r_value": 0.0,
            "layer_3_r_value": 0.0
        }
    },
    {
        "pk": 129,
        "model": "remrate_data.heatpath",
        "fields": {
            "layer_4_r_value": 23.0,
            "layer_7_r_value": 0.0,
            "layer_8_r_value": 0.17,
            "name": "Cavity",
            "layer_2_r_value": 0.45,
            "area": 0.84,
            "layer_6_r_value": 0.94,
            "_composite_type_number": 32.0,
            "layer_1_r_value": 0.68,
            "simulation": 6,
            "layer_5_r_value": 0.0,
            "_result_number": 5,
            "composite_type": 33,
            "r_value": 25.24,
            "layer_3_r_value": 0.0
        }
    },
    {
        "pk": 130,
        "model": "remrate_data.heatpath",
        "fields": {
            "layer_4_r_value": 6.875,
            "layer_7_r_value": 0.0,
            "layer_8_r_value": 0.17,
            "name": "Framing",
            "layer_2_r_value": 0.45,
            "area": 0.16,
            "layer_6_r_value": 0.94,
            "_composite_type_number": 32.0,
            "layer_1_r_value": 0.68,
            "simulation": 6,
            "layer_5_r_value": 0.0,
            "_result_number": 5,
            "composite_type": 33,
            "r_value": 9.115,
            "layer_3_r_value": 0.0
        }
    },
    {
        "pk": 131,
        "model": "remrate_data.heatpath",
        "fields": {
            "layer_4_r_value": 1.03,
            "layer_7_r_value": 0.0,
            "layer_8_r_value": 0.17,
            "name": "Grade",
            "layer_2_r_value": 0.45,
            "area": 0.0,
            "layer_6_r_value": 0.94,
            "_composite_type_number": 32.0,
            "layer_1_r_value": 0.68,
            "simulation": 6,
            "layer_5_r_value": 0.0,
            "_result_number": 5,
            "composite_type": 33,
            "r_value": 3.27,
            "layer_3_r_value": 0.0
        }
    },
    {
        "pk": 132,
        "model": "remrate_data.heatpath",
        "fields": {
            "layer_4_r_value": 0.0,
            "layer_7_r_value": 0.0,
            "layer_8_r_value": 0.0,
            "name": "",
            "layer_2_r_value": 0.0,
            "area": 0.0,
            "layer_6_r_value": 0.0,
            "_composite_type_number": 32.0,
            "layer_1_r_value": 0.0,
            "simulation": 6,
            "layer_5_r_value": 0.0,
            "_result_number": 5,
            "composite_type": 33,
            "r_value": 0.0,
            "layer_3_r_value": 0.0
        }
    },
    {
        "pk": 133,
        "model": "remrate_data.heatpath",
        "fields": {
            "layer_4_r_value": 23.0,
            "layer_7_r_value": 0.0,
            "layer_8_r_value": 0.17,
            "name": "Cavity",
            "layer_2_r_value": 0.45,
            "area": 0.84,
            "layer_6_r_value": 0.94,
            "_composite_type_number": 33.0,
            "layer_1_r_value": 0.68,
            "simulation": 6,
            "layer_5_r_value": 0.0,
            "_result_number": 5,
            "composite_type": 34,
            "r_value": 25.24,
            "layer_3_r_value": 0.0
        }
    },
    {
        "pk": 134,
        "model": "remrate_data.heatpath",
        "fields": {
            "layer_4_r_value": 6.875,
            "layer_7_r_value": 0.0,
            "layer_8_r_value": 0.17,
            "name": "Framing",
            "layer_2_r_value": 0.45,
            "area": 0.16,
            "layer_6_r_value": 0.94,
            "_composite_type_number": 33.0,
            "layer_1_r_value": 0.68,
            "simulation": 6,
            "layer_5_r_value": 0.0,
            "_result_number": 5,
            "composite_type": 34,
            "r_value": 9.115,
            "layer_3_r_value": 0.0
        }
    },
    {
        "pk": 135,
        "model": "remrate_data.heatpath",
        "fields": {
            "layer_4_r_value": 1.03,
            "layer_7_r_value": 0.0,
            "layer_8_r_value": 0.17,
            "name": "Grade",
            "layer_2_r_value": 0.45,
            "area": 0.0,
            "layer_6_r_value": 0.94,
            "_composite_type_number": 33.0,
            "layer_1_r_value": 0.68,
            "simulation": 6,
            "layer_5_r_value": 0.0,
            "_result_number": 5,
            "composite_type": 34,
            "r_value": 3.27,
            "layer_3_r_value": 0.0
        }
    },
    {
        "pk": 136,
        "model": "remrate_data.heatpath",
        "fields": {
            "layer_4_r_value": 0.0,
            "layer_7_r_value": 0.0,
            "layer_8_r_value": 0.0,
            "name": "",
            "layer_2_r_value": 0.0,
            "area": 0.0,
            "layer_6_r_value": 0.0,
            "_composite_type_number": 33.0,
            "layer_1_r_value": 0.0,
            "simulation": 6,
            "layer_5_r_value": 0.0,
            "_result_number": 5,
            "composite_type": 34,
            "r_value": 0.0,
            "layer_3_r_value": 0.0
        }
    },
    {
        "pk": 137,
        "model": "remrate_data.heatpath",
        "fields": {
            "layer_4_r_value": 30.0,
            "layer_7_r_value": 0.0,
            "layer_8_r_value": 0.92,
            "name": "Cavity",
            "layer_2_r_value": 0.68,
            "area": 0.87,
            "layer_6_r_value": 0.0,
            "_composite_type_number": 34.0,
            "layer_1_r_value": 0.92,
            "simulation": 6,
            "layer_5_r_value": 0.0,
            "_result_number": 5,
            "composite_type": 35,
            "r_value": 33.339996,
            "layer_3_r_value": 0.82
        }
    },
    {
        "pk": 138,
        "model": "remrate_data.heatpath",
        "fields": {
            "layer_4_r_value": 0.0,
            "layer_7_r_value": 0.0,
            "layer_8_r_value": 0.92,
            "name": "Framing",
            "layer_2_r_value": 0.68,
            "area": 0.13,
            "layer_6_r_value": 11.25,
            "_composite_type_number": 34.0,
            "layer_1_r_value": 0.92,
            "simulation": 6,
            "layer_5_r_value": 0.0,
            "_result_number": 5,
            "composite_type": 35,
            "r_value": 14.59,
            "layer_3_r_value": 0.82
        }
    },
    {
        "pk": 139,
        "model": "remrate_data.heatpath",
        "fields": {
            "layer_4_r_value": 0.0,
            "layer_7_r_value": 0.0,
            "layer_8_r_value": 0.92,
            "name": "Grade",
            "layer_2_r_value": 0.68,
            "area": 0.0,
            "layer_6_r_value": 0.0,
            "_composite_type_number": 34.0,
            "layer_1_r_value": 0.92,
            "simulation": 6,
            "layer_5_r_value": 0.0,
            "_result_number": 5,
            "composite_type": 35,
            "r_value": 3.34,
            "layer_3_r_value": 0.82
        }
    },
    {
        "pk": 140,
        "model": "remrate_data.heatpath",
        "fields": {
            "layer_4_r_value": 0.0,
            "layer_7_r_value": 0.0,
            "layer_8_r_value": 0.0,
            "name": "",
            "layer_2_r_value": 0.0,
            "area": 0.0,
            "layer_6_r_value": 0.0,
            "_composite_type_number": 34.0,
            "layer_1_r_value": 0.0,
            "simulation": 6,
            "layer_5_r_value": 0.0,
            "_result_number": 5,
            "composite_type": 35,
            "r_value": 0.0,
            "layer_3_r_value": 0.0
        }
    },
    {
        "pk": 141,
        "model": "remrate_data.heatpath",
        "fields": {
            "layer_4_r_value": 30.0,
            "layer_7_r_value": 0.0,
            "layer_8_r_value": 0.92,
            "name": "Cavity",
            "layer_2_r_value": 0.68,
            "area": 0.87,
            "layer_6_r_value": 0.0,
            "_composite_type_number": 35.0,
            "layer_1_r_value": 0.92,
            "simulation": 6,
            "layer_5_r_value": 0.0,
            "_result_number": 5,
            "composite_type": 36,
            "r_value": 33.339996,
            "layer_3_r_value": 0.82
        }
    },
    {
        "pk": 142,
        "model": "remrate_data.heatpath",
        "fields": {
            "layer_4_r_value": 0.0,
            "layer_7_r_value": 0.0,
            "layer_8_r_value": 0.92,
            "name": "Framing",
            "layer_2_r_value": 0.68,
            "area": 0.13,
            "layer_6_r_value": 11.25,
            "_composite_type_number": 35.0,
            "layer_1_r_value": 0.92,
            "simulation": 6,
            "layer_5_r_value": 0.0,
            "_result_number": 5,
            "composite_type": 36,
            "r_value": 14.59,
            "layer_3_r_value": 0.82
        }
    },
    {
        "pk": 143,
        "model": "remrate_data.heatpath",
        "fields": {
            "layer_4_r_value": 0.0,
            "layer_7_r_value": 0.0,
            "layer_8_r_value": 0.92,
            "name": "Grade",
            "layer_2_r_value": 0.68,
            "area": 0.0,
            "layer_6_r_value": 0.0,
            "_composite_type_number": 35.0,
            "layer_1_r_value": 0.92,
            "simulation": 6,
            "layer_5_r_value": 0.0,
            "_result_number": 5,
            "composite_type": 36,
            "r_value": 3.34,
            "layer_3_r_value": 0.82
        }
    },
    {
        "pk": 144,
        "model": "remrate_data.heatpath",
        "fields": {
            "layer_4_r_value": 0.0,
            "layer_7_r_value": 0.0,
            "layer_8_r_value": 0.0,
            "name": "",
            "layer_2_r_value": 0.0,
            "area": 0.0,
            "layer_6_r_value": 0.0,
            "_composite_type_number": 35.0,
            "layer_1_r_value": 0.0,
            "simulation": 6,
            "layer_5_r_value": 0.0,
            "_result_number": 5,
            "composite_type": 36,
            "r_value": 0.0,
            "layer_3_r_value": 0.0
        }
    },
    {
        "pk": 145,
        "model": "remrate_data.heatpath",
        "fields": {
            "layer_4_r_value": 35.0,
            "layer_7_r_value": 0.0,
            "layer_8_r_value": 0.61,
            "name": "Framing",
            "layer_2_r_value": 0.45,
            "area": 0.14125,
            "layer_6_r_value": 0.0,
            "_composite_type_number": 36.0,
            "layer_1_r_value": 0.61,
            "simulation": 7,
            "layer_5_r_value": 0.0,
            "_result_number": 6,
            "composite_type": 37,
            "r_value": 41.045002,
            "layer_3_r_value": 4.375
        }
    },
    {
        "pk": 146,
        "model": "remrate_data.heatpath",
        "fields": {
            "layer_4_r_value": 35.0,
            "layer_7_r_value": 0.0,
            "layer_8_r_value": 0.61,
            "name": "Cavity",
            "layer_2_r_value": 0.45,
            "area": 0.85875,
            "layer_6_r_value": 0.0,
            "_composite_type_number": 36.0,
            "layer_1_r_value": 0.61,
            "simulation": 7,
            "layer_5_r_value": 0.0,
            "_result_number": 6,
            "composite_type": 37,
            "r_value": 45.669998,
            "layer_3_r_value": 9.0
        }
    },
    {
        "pk": 147,
        "model": "remrate_data.heatpath",
        "fields": {
            "layer_4_r_value": 35.0,
            "layer_7_r_value": 0.0,
            "layer_8_r_value": 0.61,
            "name": "Grade",
            "layer_2_r_value": 0.45,
            "area": 0.0,
            "layer_6_r_value": 0.0,
            "_composite_type_number": 36.0,
            "layer_1_r_value": 0.61,
            "simulation": 7,
            "layer_5_r_value": 0.0,
            "_result_number": 6,
            "composite_type": 37,
            "r_value": 36.670002,
            "layer_3_r_value": 0.0
        }
    },
    {
        "pk": 148,
        "model": "remrate_data.heatpath",
        "fields": {
            "layer_4_r_value": 0.0,
            "layer_7_r_value": 0.0,
            "layer_8_r_value": 0.0,
            "name": "",
            "layer_2_r_value": 0.0,
            "area": 0.0,
            "layer_6_r_value": 0.0,
            "_composite_type_number": 36.0,
            "layer_1_r_value": 0.0,
            "simulation": 7,
            "layer_5_r_value": 0.0,
            "_result_number": 6,
            "composite_type": 37,
            "r_value": 0.0,
            "layer_3_r_value": 0.0
        }
    },
    {
        "pk": 149,
        "model": "remrate_data.heatpath",
        "fields": {
            "layer_4_r_value": 35.0,
            "layer_7_r_value": 0.0,
            "layer_8_r_value": 0.61,
            "name": "Framing",
            "layer_2_r_value": 0.45,
            "area": 0.14125,
            "layer_6_r_value": 0.0,
            "_composite_type_number": 37.0,
            "layer_1_r_value": 0.61,
            "simulation": 7,
            "layer_5_r_value": 0.0,
            "_result_number": 6,
            "composite_type": 38,
            "r_value": 41.045002,
            "layer_3_r_value": 4.375
        }
    },
    {
        "pk": 150,
        "model": "remrate_data.heatpath",
        "fields": {
            "layer_4_r_value": 35.0,
            "layer_7_r_value": 0.0,
            "layer_8_r_value": 0.61,
            "name": "Cavity",
            "layer_2_r_value": 0.45,
            "area": 0.85875,
            "layer_6_r_value": 0.0,
            "_composite_type_number": 37.0,
            "layer_1_r_value": 0.61,
            "simulation": 7,
            "layer_5_r_value": 0.0,
            "_result_number": 6,
            "composite_type": 38,
            "r_value": 45.669998,
            "layer_3_r_value": 9.0
        }
    },
    {
        "pk": 151,
        "model": "remrate_data.heatpath",
        "fields": {
            "layer_4_r_value": 35.0,
            "layer_7_r_value": 0.0,
            "layer_8_r_value": 0.61,
            "name": "Grade",
            "layer_2_r_value": 0.45,
            "area": 0.0,
            "layer_6_r_value": 0.0,
            "_composite_type_number": 37.0,
            "layer_1_r_value": 0.61,
            "simulation": 7,
            "layer_5_r_value": 0.0,
            "_result_number": 6,
            "composite_type": 38,
            "r_value": 36.670002,
            "layer_3_r_value": 0.0
        }
    },
    {
        "pk": 152,
        "model": "remrate_data.heatpath",
        "fields": {
            "layer_4_r_value": 0.0,
            "layer_7_r_value": 0.0,
            "layer_8_r_value": 0.0,
            "name": "",
            "layer_2_r_value": 0.0,
            "area": 0.0,
            "layer_6_r_value": 0.0,
            "_composite_type_number": 37.0,
            "layer_1_r_value": 0.0,
            "simulation": 7,
            "layer_5_r_value": 0.0,
            "_result_number": 6,
            "composite_type": 38,
            "r_value": 0.0,
            "layer_3_r_value": 0.0
        }
    },
    {
        "pk": 153,
        "model": "remrate_data.heatpath",
        "fields": {
            "layer_4_r_value": 23.0,
            "layer_7_r_value": 0.0,
            "layer_8_r_value": 0.17,
            "name": "Cavity",
            "layer_2_r_value": 0.45,
            "area": 0.84,
            "layer_6_r_value": 0.94,
            "_composite_type_number": 38.0,
            "layer_1_r_value": 0.68,
            "simulation": 7,
            "layer_5_r_value": 0.0,
            "_result_number": 6,
            "composite_type": 39,
            "r_value": 25.24,
            "layer_3_r_value": 0.0
        }
    },
    {
        "pk": 154,
        "model": "remrate_data.heatpath",
        "fields": {
            "layer_4_r_value": 6.875,
            "layer_7_r_value": 0.0,
            "layer_8_r_value": 0.17,
            "name": "Framing",
            "layer_2_r_value": 0.45,
            "area": 0.16,
            "layer_6_r_value": 0.94,
            "_composite_type_number": 38.0,
            "layer_1_r_value": 0.68,
            "simulation": 7,
            "layer_5_r_value": 0.0,
            "_result_number": 6,
            "composite_type": 39,
            "r_value": 9.115,
            "layer_3_r_value": 0.0
        }
    },
    {
        "pk": 155,
        "model": "remrate_data.heatpath",
        "fields": {
            "layer_4_r_value": 1.03,
            "layer_7_r_value": 0.0,
            "layer_8_r_value": 0.17,
            "name": "Grade",
            "layer_2_r_value": 0.45,
            "area": 0.0,
            "layer_6_r_value": 0.94,
            "_composite_type_number": 38.0,
            "layer_1_r_value": 0.68,
            "simulation": 7,
            "layer_5_r_value": 0.0,
            "_result_number": 6,
            "composite_type": 39,
            "r_value": 3.27,
            "layer_3_r_value": 0.0
        }
    },
    {
        "pk": 156,
        "model": "remrate_data.heatpath",
        "fields": {
            "layer_4_r_value": 0.0,
            "layer_7_r_value": 0.0,
            "layer_8_r_value": 0.0,
            "name": "",
            "layer_2_r_value": 0.0,
            "area": 0.0,
            "layer_6_r_value": 0.0,
            "_composite_type_number": 38.0,
            "layer_1_r_value": 0.0,
            "simulation": 7,
            "layer_5_r_value": 0.0,
            "_result_number": 6,
            "composite_type": 39,
            "r_value": 0.0,
            "layer_3_r_value": 0.0
        }
    },
    {
        "pk": 157,
        "model": "remrate_data.heatpath",
        "fields": {
            "layer_4_r_value": 23.0,
            "layer_7_r_value": 0.0,
            "layer_8_r_value": 0.17,
            "name": "Cavity",
            "layer_2_r_value": 0.45,
            "area": 0.84,
            "layer_6_r_value": 0.94,
            "_composite_type_number": 39.0,
            "layer_1_r_value": 0.68,
            "simulation": 7,
            "layer_5_r_value": 0.0,
            "_result_number": 6,
            "composite_type": 40,
            "r_value": 25.24,
            "layer_3_r_value": 0.0
        }
    },
    {
        "pk": 158,
        "model": "remrate_data.heatpath",
        "fields": {
            "layer_4_r_value": 6.875,
            "layer_7_r_value": 0.0,
            "layer_8_r_value": 0.17,
            "name": "Framing",
            "layer_2_r_value": 0.45,
            "area": 0.16,
            "layer_6_r_value": 0.94,
            "_composite_type_number": 39.0,
            "layer_1_r_value": 0.68,
            "simulation": 7,
            "layer_5_r_value": 0.0,
            "_result_number": 6,
            "composite_type": 40,
            "r_value": 9.115,
            "layer_3_r_value": 0.0
        }
    },
    {
        "pk": 159,
        "model": "remrate_data.heatpath",
        "fields": {
            "layer_4_r_value": 1.03,
            "layer_7_r_value": 0.0,
            "layer_8_r_value": 0.17,
            "name": "Grade",
            "layer_2_r_value": 0.45,
            "area": 0.0,
            "layer_6_r_value": 0.94,
            "_composite_type_number": 39.0,
            "layer_1_r_value": 0.68,
            "simulation": 7,
            "layer_5_r_value": 0.0,
            "_result_number": 6,
            "composite_type": 40,
            "r_value": 3.27,
            "layer_3_r_value": 0.0
        }
    },
    {
        "pk": 160,
        "model": "remrate_data.heatpath",
        "fields": {
            "layer_4_r_value": 0.0,
            "layer_7_r_value": 0.0,
            "layer_8_r_value": 0.0,
            "name": "",
            "layer_2_r_value": 0.0,
            "area": 0.0,
            "layer_6_r_value": 0.0,
            "_composite_type_number": 39.0,
            "layer_1_r_value": 0.0,
            "simulation": 7,
            "layer_5_r_value": 0.0,
            "_result_number": 6,
            "composite_type": 40,
            "r_value": 0.0,
            "layer_3_r_value": 0.0
        }
    },
    {
        "pk": 161,
        "model": "remrate_data.heatpath",
        "fields": {
            "layer_4_r_value": 30.0,
            "layer_7_r_value": 0.0,
            "layer_8_r_value": 0.92,
            "name": "Cavity",
            "layer_2_r_value": 0.68,
            "area": 0.87,
            "layer_6_r_value": 0.0,
            "_composite_type_number": 40.0,
            "layer_1_r_value": 0.92,
            "simulation": 7,
            "layer_5_r_value": 0.0,
            "_result_number": 6,
            "composite_type": 41,
            "r_value": 33.339996,
            "layer_3_r_value": 0.82
        }
    },
    {
        "pk": 162,
        "model": "remrate_data.heatpath",
        "fields": {
            "layer_4_r_value": 0.0,
            "layer_7_r_value": 0.0,
            "layer_8_r_value": 0.92,
            "name": "Framing",
            "layer_2_r_value": 0.68,
            "area": 0.13,
            "layer_6_r_value": 11.25,
            "_composite_type_number": 40.0,
            "layer_1_r_value": 0.92,
            "simulation": 7,
            "layer_5_r_value": 0.0,
            "_result_number": 6,
            "composite_type": 41,
            "r_value": 14.59,
            "layer_3_r_value": 0.82
        }
    },
    {
        "pk": 163,
        "model": "remrate_data.heatpath",
        "fields": {
            "layer_4_r_value": 0.0,
            "layer_7_r_value": 0.0,
            "layer_8_r_value": 0.92,
            "name": "Grade",
            "layer_2_r_value": 0.68,
            "area": 0.0,
            "layer_6_r_value": 0.0,
            "_composite_type_number": 40.0,
            "layer_1_r_value": 0.92,
            "simulation": 7,
            "layer_5_r_value": 0.0,
            "_result_number": 6,
            "composite_type": 41,
            "r_value": 3.34,
            "layer_3_r_value": 0.82
        }
    },
    {
        "pk": 164,
        "model": "remrate_data.heatpath",
        "fields": {
            "layer_4_r_value": 0.0,
            "layer_7_r_value": 0.0,
            "layer_8_r_value": 0.0,
            "name": "",
            "layer_2_r_value": 0.0,
            "area": 0.0,
            "layer_6_r_value": 0.0,
            "_composite_type_number": 40.0,
            "layer_1_r_value": 0.0,
            "simulation": 7,
            "layer_5_r_value": 0.0,
            "_result_number": 6,
            "composite_type": 41,
            "r_value": 0.0,
            "layer_3_r_value": 0.0
        }
    },
    {
        "pk": 165,
        "model": "remrate_data.heatpath",
        "fields": {
            "layer_4_r_value": 30.0,
            "layer_7_r_value": 0.0,
            "layer_8_r_value": 0.92,
            "name": "Cavity",
            "layer_2_r_value": 0.68,
            "area": 0.87,
            "layer_6_r_value": 0.0,
            "_composite_type_number": 41.0,
            "layer_1_r_value": 0.92,
            "simulation": 7,
            "layer_5_r_value": 0.0,
            "_result_number": 6,
            "composite_type": 42,
            "r_value": 33.339996,
            "layer_3_r_value": 0.82
        }
    },
    {
        "pk": 166,
        "model": "remrate_data.heatpath",
        "fields": {
            "layer_4_r_value": 0.0,
            "layer_7_r_value": 0.0,
            "layer_8_r_value": 0.92,
            "name": "Framing",
            "layer_2_r_value": 0.68,
            "area": 0.13,
            "layer_6_r_value": 11.25,
            "_composite_type_number": 41.0,
            "layer_1_r_value": 0.92,
            "simulation": 7,
            "layer_5_r_value": 0.0,
            "_result_number": 6,
            "composite_type": 42,
            "r_value": 14.59,
            "layer_3_r_value": 0.82
        }
    },
    {
        "pk": 167,
        "model": "remrate_data.heatpath",
        "fields": {
            "layer_4_r_value": 0.0,
            "layer_7_r_value": 0.0,
            "layer_8_r_value": 0.92,
            "name": "Grade",
            "layer_2_r_value": 0.68,
            "area": 0.0,
            "layer_6_r_value": 0.0,
            "_composite_type_number": 41.0,
            "layer_1_r_value": 0.92,
            "simulation": 7,
            "layer_5_r_value": 0.0,
            "_result_number": 6,
            "composite_type": 42,
            "r_value": 3.34,
            "layer_3_r_value": 0.82
        }
    },
    {
        "pk": 168,
        "model": "remrate_data.heatpath",
        "fields": {
            "layer_4_r_value": 0.0,
            "layer_7_r_value": 0.0,
            "layer_8_r_value": 0.0,
            "name": "",
            "layer_2_r_value": 0.0,
            "area": 0.0,
            "layer_6_r_value": 0.0,
            "_composite_type_number": 41.0,
            "layer_1_r_value": 0.0,
            "simulation": 7,
            "layer_5_r_value": 0.0,
            "_result_number": 6,
            "composite_type": 42,
            "r_value": 0.0,
            "layer_3_r_value": 0.0
        }
    },
    {
        "pk": 1,
        "model": "remrate_data.ceilingtype",
        "fields": {
            "gypsum_thickness": 0.5,
            "insulation_type": 2,
            "ceiling_rise": 0.0,
            "cavity_insulation_thickness": 3.5,
            "quick_fill_type": 0,
            "composite_type": 1,
            "default_framing_factors": true,
            "unrestricted_rvalue": 0.0,
            "rafter_spacing": 16.0,
            "style": 2,
            "_composite_type_number": 0,
            "_result_number": 0,
            "note": "R49,G1,Conv framing, insulation installed flat w/ attic above",
            "rafter_height": 5.5,
            "truss_height": 0.0,
            "cavity_insulation": 9.0,
            "continuous_insulation": 35.0,
            "framing_factor": 0.14125,
            "_source_ceiling_number": 0,
            "ventilation_space": 1.0,
            "heel_height": 0.0,
            "insulation_grade": 1,
            "ceiling_width": 0.0,
            "simulation": 1,
            "unrestricted_depth": 0.0,
            "quick_fill": true,
            "rafter_width": 1.5
        }
    },
    {
        "pk": 2,
        "model": "remrate_data.ceilingtype",
        "fields": {
            "gypsum_thickness": 0.5,
            "insulation_type": 2,
            "ceiling_rise": 0.0,
            "cavity_insulation_thickness": 3.5,
            "quick_fill_type": 0,
            "composite_type": 2,
            "default_framing_factors": true,
            "unrestricted_rvalue": 0.0,
            "rafter_spacing": 16.0,
            "style": 2,
            "_composite_type_number": 1,
            "_result_number": 0,
            "note": "R49,G1,Conv framing, insulation installed flat w/ attic above",
            "rafter_height": 5.5,
            "truss_height": 0.0,
            "cavity_insulation": 9.0,
            "continuous_insulation": 35.0,
            "framing_factor": 0.14125,
            "_source_ceiling_number": 1,
            "ventilation_space": 1.0,
            "heel_height": 0.0,
            "insulation_grade": 1,
            "ceiling_width": 0.0,
            "simulation": 1,
            "unrestricted_depth": 0.0,
            "quick_fill": true,
            "rafter_width": 1.5
        }
    },
    {
        "pk": 3,
        "model": "remrate_data.ceilingtype",
        "fields": {
            "gypsum_thickness": 0.5,
            "insulation_type": 2,
            "ceiling_rise": 0.0,
            "cavity_insulation_thickness": 3.5,
            "quick_fill_type": 0,
            "composite_type": 7,
            "default_framing_factors": true,
            "unrestricted_rvalue": 0.0,
            "rafter_spacing": 16.0,
            "style": 2,
            "_composite_type_number": 6,
            "_result_number": 1,
            "note": "R49,G1,Conv framing, insulation installed flat w/ attic above",
            "rafter_height": 5.5,
            "truss_height": 0.0,
            "cavity_insulation": 9.0,
            "continuous_insulation": 35.0,
            "framing_factor": 0.14125,
            "_source_ceiling_number": 2,
            "ventilation_space": 1.0,
            "heel_height": 0.0,
            "insulation_grade": 1,
            "ceiling_width": 0.0,
            "simulation": 2,
            "unrestricted_depth": 0.0,
            "quick_fill": true,
            "rafter_width": 1.5
        }
    },
    {
        "pk": 4,
        "model": "remrate_data.ceilingtype",
        "fields": {
            "gypsum_thickness": 0.5,
            "insulation_type": 2,
            "ceiling_rise": 0.0,
            "cavity_insulation_thickness": 3.5,
            "quick_fill_type": 0,
            "composite_type": 8,
            "default_framing_factors": true,
            "unrestricted_rvalue": 0.0,
            "rafter_spacing": 16.0,
            "style": 2,
            "_composite_type_number": 7,
            "_result_number": 1,
            "note": "R49,G1,Conv framing, insulation installed flat w/ attic above",
            "rafter_height": 5.5,
            "truss_height": 0.0,
            "cavity_insulation": 9.0,
            "continuous_insulation": 35.0,
            "framing_factor": 0.14125,
            "_source_ceiling_number": 3,
            "ventilation_space": 1.0,
            "heel_height": 0.0,
            "insulation_grade": 1,
            "ceiling_width": 0.0,
            "simulation": 2,
            "unrestricted_depth": 0.0,
            "quick_fill": true,
            "rafter_width": 1.5
        }
    },
    {
        "pk": 5,
        "model": "remrate_data.ceilingtype",
        "fields": {
            "gypsum_thickness": 0.5,
            "insulation_type": 2,
            "ceiling_rise": 0.0,
            "cavity_insulation_thickness": 3.5,
            "quick_fill_type": 0,
            "composite_type": 13,
            "default_framing_factors": true,
            "unrestricted_rvalue": 0.0,
            "rafter_spacing": 16.0,
            "style": 2,
            "_composite_type_number": 12,
            "_result_number": 2,
            "note": "R49,G1,Conv framing, insulation installed flat w/ attic above",
            "rafter_height": 5.5,
            "truss_height": 0.0,
            "cavity_insulation": 9.0,
            "continuous_insulation": 35.0,
            "framing_factor": 0.14125,
            "_source_ceiling_number": 4,
            "ventilation_space": 1.0,
            "heel_height": 0.0,
            "insulation_grade": 1,
            "ceiling_width": 0.0,
            "simulation": 3,
            "unrestricted_depth": 0.0,
            "quick_fill": true,
            "rafter_width": 1.5
        }
    },
    {
        "pk": 6,
        "model": "remrate_data.ceilingtype",
        "fields": {
            "gypsum_thickness": 0.5,
            "insulation_type": 2,
            "ceiling_rise": 0.0,
            "cavity_insulation_thickness": 3.5,
            "quick_fill_type": 0,
            "composite_type": 14,
            "default_framing_factors": true,
            "unrestricted_rvalue": 0.0,
            "rafter_spacing": 16.0,
            "style": 2,
            "_composite_type_number": 13,
            "_result_number": 2,
            "note": "R49,G1,Conv framing, insulation installed flat w/ attic above",
            "rafter_height": 5.5,
            "truss_height": 0.0,
            "cavity_insulation": 9.0,
            "continuous_insulation": 35.0,
            "framing_factor": 0.14125,
            "_source_ceiling_number": 5,
            "ventilation_space": 1.0,
            "heel_height": 0.0,
            "insulation_grade": 1,
            "ceiling_width": 0.0,
            "simulation": 3,
            "unrestricted_depth": 0.0,
            "quick_fill": true,
            "rafter_width": 1.5
        }
    },
    {
        "pk": 7,
        "model": "remrate_data.ceilingtype",
        "fields": {
            "gypsum_thickness": 0.5,
            "insulation_type": 2,
            "ceiling_rise": 0.0,
            "cavity_insulation_thickness": 3.5,
            "quick_fill_type": 0,
            "composite_type": 19,
            "default_framing_factors": true,
            "unrestricted_rvalue": 0.0,
            "rafter_spacing": 16.0,
            "style": 2,
            "_composite_type_number": 18,
            "_result_number": 3,
            "note": "R49,G1,Conv framing, insulation installed flat w/ attic above",
            "rafter_height": 5.5,
            "truss_height": 0.0,
            "cavity_insulation": 9.0,
            "continuous_insulation": 35.0,
            "framing_factor": 0.14125,
            "_source_ceiling_number": 6,
            "ventilation_space": 1.0,
            "heel_height": 0.0,
            "insulation_grade": 1,
            "ceiling_width": 0.0,
            "simulation": 4,
            "unrestricted_depth": 0.0,
            "quick_fill": true,
            "rafter_width": 1.5
        }
    },
    {
        "pk": 8,
        "model": "remrate_data.ceilingtype",
        "fields": {
            "gypsum_thickness": 0.5,
            "insulation_type": 2,
            "ceiling_rise": 0.0,
            "cavity_insulation_thickness": 3.5,
            "quick_fill_type": 0,
            "composite_type": 20,
            "default_framing_factors": true,
            "unrestricted_rvalue": 0.0,
            "rafter_spacing": 16.0,
            "style": 2,
            "_composite_type_number": 19,
            "_result_number": 3,
            "note": "R49,G1,Conv framing, insulation installed flat w/ attic above",
            "rafter_height": 5.5,
            "truss_height": 0.0,
            "cavity_insulation": 9.0,
            "continuous_insulation": 35.0,
            "framing_factor": 0.14125,
            "_source_ceiling_number": 7,
            "ventilation_space": 1.0,
            "heel_height": 0.0,
            "insulation_grade": 1,
            "ceiling_width": 0.0,
            "simulation": 4,
            "unrestricted_depth": 0.0,
            "quick_fill": true,
            "rafter_width": 1.5
        }
    },
    {
        "pk": 9,
        "model": "remrate_data.ceilingtype",
        "fields": {
            "gypsum_thickness": 0.5,
            "insulation_type": 2,
            "ceiling_rise": 0.0,
            "cavity_insulation_thickness": 3.5,
            "quick_fill_type": 0,
            "composite_type": 25,
            "default_framing_factors": true,
            "unrestricted_rvalue": 0.0,
            "rafter_spacing": 16.0,
            "style": 2,
            "_composite_type_number": 24,
            "_result_number": 4,
            "note": "R49,G1,Conv framing, insulation installed flat w/ attic above",
            "rafter_height": 5.5,
            "truss_height": 0.0,
            "cavity_insulation": 9.0,
            "continuous_insulation": 35.0,
            "framing_factor": 0.14125,
            "_source_ceiling_number": 8,
            "ventilation_space": 1.0,
            "heel_height": 0.0,
            "insulation_grade": 1,
            "ceiling_width": 0.0,
            "simulation": 5,
            "unrestricted_depth": 0.0,
            "quick_fill": true,
            "rafter_width": 1.5
        }
    },
    {
        "pk": 10,
        "model": "remrate_data.ceilingtype",
        "fields": {
            "gypsum_thickness": 0.5,
            "insulation_type": 2,
            "ceiling_rise": 0.0,
            "cavity_insulation_thickness": 3.5,
            "quick_fill_type": 0,
            "composite_type": 26,
            "default_framing_factors": true,
            "unrestricted_rvalue": 0.0,
            "rafter_spacing": 16.0,
            "style": 2,
            "_composite_type_number": 25,
            "_result_number": 4,
            "note": "R49,G1,Conv framing, insulation installed flat w/ attic above",
            "rafter_height": 5.5,
            "truss_height": 0.0,
            "cavity_insulation": 9.0,
            "continuous_insulation": 35.0,
            "framing_factor": 0.14125,
            "_source_ceiling_number": 9,
            "ventilation_space": 1.0,
            "heel_height": 0.0,
            "insulation_grade": 1,
            "ceiling_width": 0.0,
            "simulation": 5,
            "unrestricted_depth": 0.0,
            "quick_fill": true,
            "rafter_width": 1.5
        }
    },
    {
        "pk": 11,
        "model": "remrate_data.ceilingtype",
        "fields": {
            "gypsum_thickness": 0.5,
            "insulation_type": 2,
            "ceiling_rise": 0.0,
            "cavity_insulation_thickness": 3.5,
            "quick_fill_type": 0,
            "composite_type": 31,
            "default_framing_factors": true,
            "unrestricted_rvalue": 0.0,
            "rafter_spacing": 16.0,
            "style": 2,
            "_composite_type_number": 30,
            "_result_number": 5,
            "note": "R49,G1,Conv framing, insulation installed flat w/ attic above",
            "rafter_height": 5.5,
            "truss_height": 0.0,
            "cavity_insulation": 9.0,
            "continuous_insulation": 35.0,
            "framing_factor": 0.14125,
            "_source_ceiling_number": 10,
            "ventilation_space": 1.0,
            "heel_height": 0.0,
            "insulation_grade": 1,
            "ceiling_width": 0.0,
            "simulation": 6,
            "unrestricted_depth": 0.0,
            "quick_fill": true,
            "rafter_width": 1.5
        }
    },
    {
        "pk": 12,
        "model": "remrate_data.ceilingtype",
        "fields": {
            "gypsum_thickness": 0.5,
            "insulation_type": 2,
            "ceiling_rise": 0.0,
            "cavity_insulation_thickness": 3.5,
            "quick_fill_type": 0,
            "composite_type": 32,
            "default_framing_factors": true,
            "unrestricted_rvalue": 0.0,
            "rafter_spacing": 16.0,
            "style": 2,
            "_composite_type_number": 31,
            "_result_number": 5,
            "note": "R49,G1,Conv framing, insulation installed flat w/ attic above",
            "rafter_height": 5.5,
            "truss_height": 0.0,
            "cavity_insulation": 9.0,
            "continuous_insulation": 35.0,
            "framing_factor": 0.14125,
            "_source_ceiling_number": 11,
            "ventilation_space": 1.0,
            "heel_height": 0.0,
            "insulation_grade": 1,
            "ceiling_width": 0.0,
            "simulation": 6,
            "unrestricted_depth": 0.0,
            "quick_fill": true,
            "rafter_width": 1.5
        }
    },
    {
        "pk": 13,
        "model": "remrate_data.ceilingtype",
        "fields": {
            "gypsum_thickness": 0.5,
            "insulation_type": 2,
            "ceiling_rise": 0.0,
            "cavity_insulation_thickness": 3.5,
            "quick_fill_type": 0,
            "composite_type": 37,
            "default_framing_factors": true,
            "unrestricted_rvalue": 0.0,
            "rafter_spacing": 16.0,
            "style": 2,
            "_composite_type_number": 36,
            "_result_number": 6,
            "note": "R49,G1,Conv framing, insulation installed flat w/ attic above",
            "rafter_height": 5.5,
            "truss_height": 0.0,
            "cavity_insulation": 9.0,
            "continuous_insulation": 35.0,
            "framing_factor": 0.14125,
            "_source_ceiling_number": 12,
            "ventilation_space": 1.0,
            "heel_height": 0.0,
            "insulation_grade": 1,
            "ceiling_width": 0.0,
            "simulation": 7,
            "unrestricted_depth": 0.0,
            "quick_fill": true,
            "rafter_width": 1.5
        }
    },
    {
        "pk": 14,
        "model": "remrate_data.ceilingtype",
        "fields": {
            "gypsum_thickness": 0.5,
            "insulation_type": 2,
            "ceiling_rise": 0.0,
            "cavity_insulation_thickness": 3.5,
            "quick_fill_type": 0,
            "composite_type": 38,
            "default_framing_factors": true,
            "unrestricted_rvalue": 0.0,
            "rafter_spacing": 16.0,
            "style": 2,
            "_composite_type_number": 37,
            "_result_number": 6,
            "note": "R49,G1,Conv framing, insulation installed flat w/ attic above",
            "rafter_height": 5.5,
            "truss_height": 0.0,
            "cavity_insulation": 9.0,
            "continuous_insulation": 35.0,
            "framing_factor": 0.14125,
            "_source_ceiling_number": 13,
            "ventilation_space": 1.0,
            "heel_height": 0.0,
            "insulation_grade": 1,
            "ceiling_width": 0.0,
            "simulation": 7,
            "unrestricted_depth": 0.0,
            "quick_fill": true,
            "rafter_width": 1.5
        }
    },
    {
        "pk": 1,
        "model": "remrate_data.roof",
        "fields": {
            "building": 1,
            "sealed_attic_roof_area": 741.0,
            "style": 2,
            "rating_number": "Non-Solar 001",
            "name": "flat ceiling",
            "area": 741.0,
            "color": 2,
            "sub_tile_ventilation": 2,
            "u_value": 0.022245,
            "simulation": 1,
            "_building_number": 0,
            "_result_number": 0,
            "radiant_barrier": 2,
            "clay_or_concrete": 2,
            "_ceiling_number": 0,
            "type": 1
        }
    },
    {
        "pk": 2,
        "model": "remrate_data.roof",
        "fields": {
            "building": 1,
            "sealed_attic_roof_area": 278.0,
            "style": 2,
            "rating_number": "Non-Solar 001",
            "name": "valut ceiling",
            "area": 278.0,
            "color": 2,
            "sub_tile_ventilation": 2,
            "u_value": 0.022245,
            "simulation": 1,
            "_building_number": 0,
            "_result_number": 0,
            "radiant_barrier": 2,
            "clay_or_concrete": 2,
            "_ceiling_number": 1,
            "type": 2
        }
    },
    {
        "pk": 3,
        "model": "remrate_data.roof",
        "fields": {
            "building": 2,
            "sealed_attic_roof_area": 741.0,
            "style": 2,
            "rating_number": "Non-Solar 001",
            "name": "flat ceiling",
            "area": 741.0,
            "color": 2,
            "sub_tile_ventilation": 2,
            "u_value": 0.022245,
            "simulation": 2,
            "_building_number": 1,
            "_result_number": 1,
            "radiant_barrier": 2,
            "clay_or_concrete": 2,
            "_ceiling_number": 2,
            "type": 3
        }
    },
    {
        "pk": 4,
        "model": "remrate_data.roof",
        "fields": {
            "building": 2,
            "sealed_attic_roof_area": 278.0,
            "style": 2,
            "rating_number": "Non-Solar 001",
            "name": "valut ceiling",
            "area": 278.0,
            "color": 2,
            "sub_tile_ventilation": 2,
            "u_value": 0.022245,
            "simulation": 2,
            "_building_number": 1,
            "_result_number": 1,
            "radiant_barrier": 2,
            "clay_or_concrete": 2,
            "_ceiling_number": 3,
            "type": 4
        }
    },
    {
        "pk": 5,
        "model": "remrate_data.roof",
        "fields": {
            "building": 3,
            "sealed_attic_roof_area": 741.0,
            "style": 2,
            "rating_number": "Non-Solar 001",
            "name": "flat ceiling",
            "area": 741.0,
            "color": 2,
            "sub_tile_ventilation": 2,
            "u_value": 0.032,
            "simulation": 3,
            "_building_number": 2,
            "_result_number": 2,
            "radiant_barrier": 2,
            "clay_or_concrete": 2,
            "_ceiling_number": 4,
            "type": 5
        }
    },
    {
        "pk": 6,
        "model": "remrate_data.roof",
        "fields": {
            "building": 3,
            "sealed_attic_roof_area": 278.0,
            "style": 2,
            "rating_number": "Non-Solar 001",
            "name": "valut ceiling",
            "area": 278.0,
            "color": 2,
            "sub_tile_ventilation": 2,
            "u_value": 0.032,
            "simulation": 3,
            "_building_number": 2,
            "_result_number": 2,
            "radiant_barrier": 2,
            "clay_or_concrete": 2,
            "_ceiling_number": 5,
            "type": 6
        }
    },
    {
        "pk": 7,
        "model": "remrate_data.roof",
        "fields": {
            "building": 4,
            "sealed_attic_roof_area": 741.0,
            "style": 2,
            "rating_number": "Solar 001",
            "name": "flat ceiling",
            "area": 741.0,
            "color": 2,
            "sub_tile_ventilation": 2,
            "u_value": 0.022245,
            "simulation": 4,
            "_building_number": 3,
            "_result_number": 3,
            "radiant_barrier": 2,
            "clay_or_concrete": 2,
            "_ceiling_number": 6,
            "type": 7
        }
    },
    {
        "pk": 8,
        "model": "remrate_data.roof",
        "fields": {
            "building": 4,
            "sealed_attic_roof_area": 278.0,
            "style": 2,
            "rating_number": "Solar 001",
            "name": "valut ceiling",
            "area": 278.0,
            "color": 2,
            "sub_tile_ventilation": 2,
            "u_value": 0.022245,
            "simulation": 4,
            "_building_number": 3,
            "_result_number": 3,
            "radiant_barrier": 2,
            "clay_or_concrete": 2,
            "_ceiling_number": 7,
            "type": 8
        }
    },
    {
        "pk": 9,
        "model": "remrate_data.roof",
        "fields": {
            "building": 5,
            "sealed_attic_roof_area": 741.0,
            "style": 2,
            "rating_number": "Solar 001",
            "name": "flat ceiling",
            "area": 741.0,
            "color": 2,
            "sub_tile_ventilation": 2,
            "u_value": 0.032,
            "simulation": 5,
            "_building_number": 4,
            "_result_number": 4,
            "radiant_barrier": 2,
            "clay_or_concrete": 2,
            "_ceiling_number": 8,
            "type": 9
        }
    },
    {
        "pk": 10,
        "model": "remrate_data.roof",
        "fields": {
            "building": 5,
            "sealed_attic_roof_area": 278.0,
            "style": 2,
            "rating_number": "Solar 001",
            "name": "valut ceiling",
            "area": 278.0,
            "color": 2,
            "sub_tile_ventilation": 2,
            "u_value": 0.032,
            "simulation": 5,
            "_building_number": 4,
            "_result_number": 4,
            "radiant_barrier": 2,
            "clay_or_concrete": 2,
            "_ceiling_number": 9,
            "type": 10
        }
    },
    {
        "pk": 11,
        "model": "remrate_data.roof",
        "fields": {
            "building": 6,
            "sealed_attic_roof_area": 741.0,
            "style": 2,
            "rating_number": "Solar 001",
            "name": "flat ceiling",
            "area": 741.0,
            "color": 2,
            "sub_tile_ventilation": 2,
            "u_value": 0.022245,
            "simulation": 6,
            "_building_number": 5,
            "_result_number": 5,
            "radiant_barrier": 2,
            "clay_or_concrete": 2,
            "_ceiling_number": 10,
            "type": 11
        }
    },
    {
        "pk": 12,
        "model": "remrate_data.roof",
        "fields": {
            "building": 6,
            "sealed_attic_roof_area": 278.0,
            "style": 2,
            "rating_number": "Solar 001",
            "name": "valut ceiling",
            "area": 278.0,
            "color": 2,
            "sub_tile_ventilation": 2,
            "u_value": 0.022245,
            "simulation": 6,
            "_building_number": 5,
            "_result_number": 5,
            "radiant_barrier": 2,
            "clay_or_concrete": 2,
            "_ceiling_number": 11,
            "type": 12
        }
    },
    {
        "pk": 13,
        "model": "remrate_data.roof",
        "fields": {
            "building": 7,
            "sealed_attic_roof_area": 741.0,
            "style": 2,
            "rating_number": "Unrelated",
            "name": "flat ceiling",
            "area": 741.0,
            "color": 2,
            "sub_tile_ventilation": 2,
            "u_value": 0.022245,
            "simulation": 7,
            "_building_number": 6,
            "_result_number": 6,
            "radiant_barrier": 2,
            "clay_or_concrete": 2,
            "_ceiling_number": 12,
            "type": 13
        }
    },
    {
        "pk": 14,
        "model": "remrate_data.roof",
        "fields": {
            "building": 7,
            "sealed_attic_roof_area": 278.0,
            "style": 2,
            "rating_number": "Unrelated",
            "name": "valut ceiling",
            "area": 278.0,
            "color": 2,
            "sub_tile_ventilation": 2,
            "u_value": 0.022245,
            "simulation": 7,
            "_building_number": 6,
            "_result_number": 6,
            "radiant_barrier": 2,
            "clay_or_concrete": 2,
            "_ceiling_number": 13,
            "type": 14
        }
    },
    {
        "pk": 1,
        "model": "remrate_data.walltype",
        "fields": {
            "block_insulation": 0.0,
            "framing_factor": 0.16,
            "construction_type": 1.0,
            "_source_wall_type_number": 0,
            "gypsum_thickness": 0.5,
            "default_framing_factors": false,
            "_composite_type_number": 2,
            "insulation_grade": 1,
            "simulation": 1,
            "note": "R23,G1,2x6,16\"oc,R4.2/in, intermediate framing",
            "_result_number": 0,
            "stud_width": 1.5,
            "stud_depth": 5.5,
            "cavity_insulation_thickness": 5.5,
            "quick_fill": true,
            "composite_type": 3,
            "continuous_insulation": 0.0,
            "stud_spacing": 16.0,
            "cavity_insulation": 23.0
        }
    },
    {
        "pk": 2,
        "model": "remrate_data.walltype",
        "fields": {
            "block_insulation": 0.0,
            "framing_factor": 0.16,
            "construction_type": 1.0,
            "_source_wall_type_number": 1,
            "gypsum_thickness": 0.5,
            "default_framing_factors": false,
            "_composite_type_number": 3,
            "insulation_grade": 1,
            "simulation": 1,
            "note": "R23,G1,2x6,16\"oc,R4.2/in, intermediate framing",
            "_result_number": 0,
            "stud_width": 1.5,
            "stud_depth": 5.5,
            "cavity_insulation_thickness": 5.5,
            "quick_fill": true,
            "composite_type": 4,
            "continuous_insulation": 0.0,
            "stud_spacing": 16.0,
            "cavity_insulation": 23.0
        }
    },
    {
        "pk": 3,
        "model": "remrate_data.walltype",
        "fields": {
            "block_insulation": 0.0,
            "framing_factor": 0.16,
            "construction_type": 1.0,
            "_source_wall_type_number": 2,
            "gypsum_thickness": 0.5,
            "default_framing_factors": false,
            "_composite_type_number": 8,
            "insulation_grade": 1,
            "simulation": 2,
            "note": "R23,G1,2x6,16\"oc,R4.2/in, intermediate framing",
            "_result_number": 1,
            "stud_width": 1.5,
            "stud_depth": 5.5,
            "cavity_insulation_thickness": 5.5,
            "quick_fill": true,
            "composite_type": 9,
            "continuous_insulation": 0.0,
            "stud_spacing": 16.0,
            "cavity_insulation": 23.0
        }
    },
    {
        "pk": 4,
        "model": "remrate_data.walltype",
        "fields": {
            "block_insulation": 0.0,
            "framing_factor": 0.16,
            "construction_type": 1.0,
            "_source_wall_type_number": 3,
            "gypsum_thickness": 0.5,
            "default_framing_factors": false,
            "_composite_type_number": 9,
            "insulation_grade": 1,
            "simulation": 2,
            "note": "R23,G1,2x6,16\"oc,R4.2/in, intermediate framing",
            "_result_number": 1,
            "stud_width": 1.5,
            "stud_depth": 5.5,
            "cavity_insulation_thickness": 5.5,
            "quick_fill": true,
            "composite_type": 10,
            "continuous_insulation": 0.0,
            "stud_spacing": 16.0,
            "cavity_insulation": 23.0
        }
    },
    {
        "pk": 5,
        "model": "remrate_data.walltype",
        "fields": {
            "block_insulation": 0.0,
            "framing_factor": 0.16,
            "construction_type": 1.0,
            "_source_wall_type_number": 4,
            "gypsum_thickness": 0.5,
            "default_framing_factors": false,
            "_composite_type_number": 14,
            "insulation_grade": 1,
            "simulation": 3,
            "note": "R23,G1,2x6,16\"oc,R4.2/in, intermediate framing",
            "_result_number": 2,
            "stud_width": 1.5,
            "stud_depth": 5.5,
            "cavity_insulation_thickness": 5.5,
            "quick_fill": true,
            "composite_type": 15,
            "continuous_insulation": 0.0,
            "stud_spacing": 16.0,
            "cavity_insulation": 23.0
        }
    },
    {
        "pk": 6,
        "model": "remrate_data.walltype",
        "fields": {
            "block_insulation": 0.0,
            "framing_factor": 0.16,
            "construction_type": 1.0,
            "_source_wall_type_number": 5,
            "gypsum_thickness": 0.5,
            "default_framing_factors": false,
            "_composite_type_number": 15,
            "insulation_grade": 1,
            "simulation": 3,
            "note": "R23,G1,2x6,16\"oc,R4.2/in, intermediate framing",
            "_result_number": 2,
            "stud_width": 1.5,
            "stud_depth": 5.5,
            "cavity_insulation_thickness": 5.5,
            "quick_fill": true,
            "composite_type": 16,
            "continuous_insulation": 0.0,
            "stud_spacing": 16.0,
            "cavity_insulation": 23.0
        }
    },
    {
        "pk": 7,
        "model": "remrate_data.walltype",
        "fields": {
            "block_insulation": 0.0,
            "framing_factor": 0.16,
            "construction_type": 1.0,
            "_source_wall_type_number": 6,
            "gypsum_thickness": 0.5,
            "default_framing_factors": false,
            "_composite_type_number": 20,
            "insulation_grade": 1,
            "simulation": 4,
            "note": "R23,G1,2x6,16\"oc,R4.2/in, intermediate framing",
            "_result_number": 3,
            "stud_width": 1.5,
            "stud_depth": 5.5,
            "cavity_insulation_thickness": 5.5,
            "quick_fill": true,
            "composite_type": 21,
            "continuous_insulation": 0.0,
            "stud_spacing": 16.0,
            "cavity_insulation": 23.0
        }
    },
    {
        "pk": 8,
        "model": "remrate_data.walltype",
        "fields": {
            "block_insulation": 0.0,
            "framing_factor": 0.16,
            "construction_type": 1.0,
            "_source_wall_type_number": 7,
            "gypsum_thickness": 0.5,
            "default_framing_factors": false,
            "_composite_type_number": 21,
            "insulation_grade": 1,
            "simulation": 4,
            "note": "R23,G1,2x6,16\"oc,R4.2/in, intermediate framing",
            "_result_number": 3,
            "stud_width": 1.5,
            "stud_depth": 5.5,
            "cavity_insulation_thickness": 5.5,
            "quick_fill": true,
            "composite_type": 22,
            "continuous_insulation": 0.0,
            "stud_spacing": 16.0,
            "cavity_insulation": 23.0
        }
    },
    {
        "pk": 9,
        "model": "remrate_data.walltype",
        "fields": {
            "block_insulation": 0.0,
            "framing_factor": 0.16,
            "construction_type": 1.0,
            "_source_wall_type_number": 8,
            "gypsum_thickness": 0.5,
            "default_framing_factors": false,
            "_composite_type_number": 26,
            "insulation_grade": 1,
            "simulation": 5,
            "note": "R23,G1,2x6,16\"oc,R4.2/in, intermediate framing",
            "_result_number": 4,
            "stud_width": 1.5,
            "stud_depth": 5.5,
            "cavity_insulation_thickness": 5.5,
            "quick_fill": true,
            "composite_type": 27,
            "continuous_insulation": 0.0,
            "stud_spacing": 16.0,
            "cavity_insulation": 23.0
        }
    },
    {
        "pk": 10,
        "model": "remrate_data.walltype",
        "fields": {
            "block_insulation": 0.0,
            "framing_factor": 0.16,
            "construction_type": 1.0,
            "_source_wall_type_number": 9,
            "gypsum_thickness": 0.5,
            "default_framing_factors": false,
            "_composite_type_number": 27,
            "insulation_grade": 1,
            "simulation": 5,
            "note": "R23,G1,2x6,16\"oc,R4.2/in, intermediate framing",
            "_result_number": 4,
            "stud_width": 1.5,
            "stud_depth": 5.5,
            "cavity_insulation_thickness": 5.5,
            "quick_fill": true,
            "composite_type": 28,
            "continuous_insulation": 0.0,
            "stud_spacing": 16.0,
            "cavity_insulation": 23.0
        }
    },
    {
        "pk": 11,
        "model": "remrate_data.walltype",
        "fields": {
            "block_insulation": 0.0,
            "framing_factor": 0.16,
            "construction_type": 1.0,
            "_source_wall_type_number": 10,
            "gypsum_thickness": 0.5,
            "default_framing_factors": false,
            "_composite_type_number": 32,
            "insulation_grade": 1,
            "simulation": 6,
            "note": "R23,G1,2x6,16\"oc,R4.2/in, intermediate framing",
            "_result_number": 5,
            "stud_width": 1.5,
            "stud_depth": 5.5,
            "cavity_insulation_thickness": 5.5,
            "quick_fill": true,
            "composite_type": 33,
            "continuous_insulation": 0.0,
            "stud_spacing": 16.0,
            "cavity_insulation": 23.0
        }
    },
    {
        "pk": 12,
        "model": "remrate_data.walltype",
        "fields": {
            "block_insulation": 0.0,
            "framing_factor": 0.16,
            "construction_type": 1.0,
            "_source_wall_type_number": 11,
            "gypsum_thickness": 0.5,
            "default_framing_factors": false,
            "_composite_type_number": 33,
            "insulation_grade": 1,
            "simulation": 6,
            "note": "R23,G1,2x6,16\"oc,R4.2/in, intermediate framing",
            "_result_number": 5,
            "stud_width": 1.5,
            "stud_depth": 5.5,
            "cavity_insulation_thickness": 5.5,
            "quick_fill": true,
            "composite_type": 34,
            "continuous_insulation": 0.0,
            "stud_spacing": 16.0,
            "cavity_insulation": 23.0
        }
    },
    {
        "pk": 13,
        "model": "remrate_data.walltype",
        "fields": {
            "block_insulation": 0.0,
            "framing_factor": 0.16,
            "construction_type": 1.0,
            "_source_wall_type_number": 12,
            "gypsum_thickness": 0.5,
            "default_framing_factors": false,
            "_composite_type_number": 38,
            "insulation_grade": 1,
            "simulation": 7,
            "note": "R23,G1,2x6,16\"oc,R4.2/in, intermediate framing",
            "_result_number": 6,
            "stud_width": 1.5,
            "stud_depth": 5.5,
            "cavity_insulation_thickness": 5.5,
            "quick_fill": true,
            "composite_type": 39,
            "continuous_insulation": 0.0,
            "stud_spacing": 16.0,
            "cavity_insulation": 23.0
        }
    },
    {
        "pk": 14,
        "model": "remrate_data.walltype",
        "fields": {
            "block_insulation": 0.0,
            "framing_factor": 0.16,
            "construction_type": 1.0,
            "_source_wall_type_number": 13,
            "gypsum_thickness": 0.5,
            "default_framing_factors": false,
            "_composite_type_number": 39,
            "insulation_grade": 1,
            "simulation": 7,
            "note": "R23,G1,2x6,16\"oc,R4.2/in, intermediate framing",
            "_result_number": 6,
            "stud_width": 1.5,
            "stud_depth": 5.5,
            "cavity_insulation_thickness": 5.5,
            "quick_fill": true,
            "composite_type": 40,
            "continuous_insulation": 0.0,
            "stud_spacing": 16.0,
            "cavity_insulation": 23.0
        }
    },
    {
        "pk": 2,
        "model": "remrate_data.abovegradewall",
        "fields": {
            "building": 1,
            "rating_number": "Non-Solar 001",
            "name": "garage wall",
            "color": 2,
            "gross_area": 108.0,
            "u_value": 0.050834,
            "simulation": 1,
            "_building_number": 0,
            "_result_number": 0,
            "location": 202,
            "type": 2,
            "_wall_type_number": 1
        }
    },
    {
        "pk": 1,
        "model": "remrate_data.abovegradewall",
        "fields": {
            "building": 1,
            "rating_number": "Non-Solar 001",
            "name": "ext wall",
            "color": 2,
            "gross_area": 2717.5,
            "u_value": 0.050834,
            "simulation": 1,
            "_building_number": 0,
            "_result_number": 0,
            "location": 201,
            "type": 1,
            "_wall_type_number": 0
        }
    },
    {
        "pk": 4,
        "model": "remrate_data.abovegradewall",
        "fields": {
            "building": 2,
            "rating_number": "Non-Solar 001",
            "name": "garage wall",
            "color": 2,
            "gross_area": 108.0,
            "u_value": 0.050834,
            "simulation": 2,
            "_building_number": 1,
            "_result_number": 1,
            "location": 202,
            "type": 4,
            "_wall_type_number": 3
        }
    },
    {
        "pk": 3,
        "model": "remrate_data.abovegradewall",
        "fields": {
            "building": 2,
            "rating_number": "Non-Solar 001",
            "name": "ext wall",
            "color": 2,
            "gross_area": 2717.5,
            "u_value": 0.050834,
            "simulation": 2,
            "_building_number": 1,
            "_result_number": 1,
            "location": 201,
            "type": 3,
            "_wall_type_number": 2
        }
    },
    {
        "pk": 6,
        "model": "remrate_data.abovegradewall",
        "fields": {
            "building": 3,
            "rating_number": "Non-Solar 001",
            "name": "garage wall",
            "color": 2,
            "gross_area": 108.0,
            "u_value": 0.058,
            "simulation": 3,
            "_building_number": 2,
            "_result_number": 2,
            "location": 202,
            "type": 6,
            "_wall_type_number": 5
        }
    },
    {
        "pk": 5,
        "model": "remrate_data.abovegradewall",
        "fields": {
            "building": 3,
            "rating_number": "Non-Solar 001",
            "name": "ext wall",
            "color": 2,
            "gross_area": 2717.5,
            "u_value": 0.058,
            "simulation": 3,
            "_building_number": 2,
            "_result_number": 2,
            "location": 201,
            "type": 5,
            "_wall_type_number": 4
        }
    },
    {
        "pk": 8,
        "model": "remrate_data.abovegradewall",
        "fields": {
            "building": 4,
            "rating_number": "Solar 001",
            "name": "garage wall",
            "color": 2,
            "gross_area": 108.0,
            "u_value": 0.050834,
            "simulation": 4,
            "_building_number": 3,
            "_result_number": 3,
            "location": 202,
            "type": 8,
            "_wall_type_number": 7
        }
    },
    {
        "pk": 7,
        "model": "remrate_data.abovegradewall",
        "fields": {
            "building": 4,
            "rating_number": "Solar 001",
            "name": "ext wall",
            "color": 2,
            "gross_area": 2717.5,
            "u_value": 0.050834,
            "simulation": 4,
            "_building_number": 3,
            "_result_number": 3,
            "location": 201,
            "type": 7,
            "_wall_type_number": 6
        }
    },
    {
        "pk": 10,
        "model": "remrate_data.abovegradewall",
        "fields": {
            "building": 5,
            "rating_number": "Solar 001",
            "name": "garage wall",
            "color": 2,
            "gross_area": 108.0,
            "u_value": 0.058,
            "simulation": 5,
            "_building_number": 4,
            "_result_number": 4,
            "location": 202,
            "type": 10,
            "_wall_type_number": 9
        }
    },
    {
        "pk": 9,
        "model": "remrate_data.abovegradewall",
        "fields": {
            "building": 5,
            "rating_number": "Solar 001",
            "name": "ext wall",
            "color": 2,
            "gross_area": 2717.5,
            "u_value": 0.058,
            "simulation": 5,
            "_building_number": 4,
            "_result_number": 4,
            "location": 201,
            "type": 9,
            "_wall_type_number": 8
        }
    },
    {
        "pk": 12,
        "model": "remrate_data.abovegradewall",
        "fields": {
            "building": 6,
            "rating_number": "Solar 001",
            "name": "garage wall",
            "color": 2,
            "gross_area": 108.0,
            "u_value": 0.050834,
            "simulation": 6,
            "_building_number": 5,
            "_result_number": 5,
            "location": 202,
            "type": 12,
            "_wall_type_number": 11
        }
    },
    {
        "pk": 11,
        "model": "remrate_data.abovegradewall",
        "fields": {
            "building": 6,
            "rating_number": "Solar 001",
            "name": "ext wall",
            "color": 2,
            "gross_area": 2717.5,
            "u_value": 0.050834,
            "simulation": 6,
            "_building_number": 5,
            "_result_number": 5,
            "location": 201,
            "type": 11,
            "_wall_type_number": 10
        }
    },
    {
        "pk": 14,
        "model": "remrate_data.abovegradewall",
        "fields": {
            "building": 7,
            "rating_number": "Unrelated",
            "name": "garage wall",
            "color": 2,
            "gross_area": 108.0,
            "u_value": 0.050834,
            "simulation": 7,
            "_building_number": 6,
            "_result_number": 6,
            "location": 202,
            "type": 14,
            "_wall_type_number": 13
        }
    },
    {
        "pk": 13,
        "model": "remrate_data.abovegradewall",
        "fields": {
            "building": 7,
            "rating_number": "Unrelated",
            "name": "ext wall",
            "color": 2,
            "gross_area": 2717.5,
            "u_value": 0.050834,
            "simulation": 7,
            "_building_number": 6,
            "_result_number": 6,
            "location": 201,
            "type": 13,
            "_wall_type_number": 12
        }
    },
    {
        "pk": 1,
        "model": "remrate_data.floortype",
        "fields": {
            "floor_width": 0.0,
            "outrigger_width": 0.0,
            "floor_covering": 3,
            "center_insulation_config": 0,
            "cavity_insulation_thickness": 9.0,
            "quick_fill_type": 0,
            "composite_type": 5,
            "default_framing_factors": true,
            "blanket_thickness": 0.0,
            "framing_factor": 0.13,
            "_composite_type_number": 4,
            "note": "R30,G1,2x10,16\"oc,R3.3/in",
            "cavity_insulation": 30.0,
            "continuous_insulation": 0.0,
            "_source_floor_type_number": 0,
            "joist_width": 1.5,
            "batt_r_value": 0.0,
            "joist_spacing": 16.0,
            "insulation_grade": 1,
            "outrigger_insulation_config": 0,
            "simulation": 1,
            "_result_number": 0,
            "batt_thickness": 0.0,
            "joist_height": 9.5,
            "quick_fill": true,
            "blanket_r_value": 0.0
        }
    },
    {
        "pk": 2,
        "model": "remrate_data.floortype",
        "fields": {
            "floor_width": 0.0,
            "outrigger_width": 0.0,
            "floor_covering": 3,
            "center_insulation_config": 0,
            "cavity_insulation_thickness": 9.0,
            "quick_fill_type": 0,
            "composite_type": 6,
            "default_framing_factors": true,
            "blanket_thickness": 0.0,
            "framing_factor": 0.13,
            "_composite_type_number": 5,
            "note": "R30,G1,2x10,16\"oc,R3.3/in",
            "cavity_insulation": 30.0,
            "continuous_insulation": 0.0,
            "_source_floor_type_number": 1,
            "joist_width": 1.5,
            "batt_r_value": 0.0,
            "joist_spacing": 16.0,
            "insulation_grade": 1,
            "outrigger_insulation_config": 0,
            "simulation": 1,
            "_result_number": 0,
            "batt_thickness": 0.0,
            "joist_height": 9.5,
            "quick_fill": true,
            "blanket_r_value": 0.0
        }
    },
    {
        "pk": 3,
        "model": "remrate_data.floortype",
        "fields": {
            "floor_width": 0.0,
            "outrigger_width": 0.0,
            "floor_covering": 3,
            "center_insulation_config": 0,
            "cavity_insulation_thickness": 9.0,
            "quick_fill_type": 0,
            "composite_type": 11,
            "default_framing_factors": true,
            "blanket_thickness": 0.0,
            "framing_factor": 0.13,
            "_composite_type_number": 10,
            "note": "R30,G1,2x10,16\"oc,R3.3/in",
            "cavity_insulation": 30.0,
            "continuous_insulation": 0.0,
            "_source_floor_type_number": 2,
            "joist_width": 1.5,
            "batt_r_value": 0.0,
            "joist_spacing": 16.0,
            "insulation_grade": 1,
            "outrigger_insulation_config": 0,
            "simulation": 2,
            "_result_number": 1,
            "batt_thickness": 0.0,
            "joist_height": 9.5,
            "quick_fill": true,
            "blanket_r_value": 0.0
        }
    },
    {
        "pk": 4,
        "model": "remrate_data.floortype",
        "fields": {
            "floor_width": 0.0,
            "outrigger_width": 0.0,
            "floor_covering": 3,
            "center_insulation_config": 0,
            "cavity_insulation_thickness": 9.0,
            "quick_fill_type": 0,
            "composite_type": 12,
            "default_framing_factors": true,
            "blanket_thickness": 0.0,
            "framing_factor": 0.13,
            "_composite_type_number": 11,
            "note": "R30,G1,2x10,16\"oc,R3.3/in",
            "cavity_insulation": 30.0,
            "continuous_insulation": 0.0,
            "_source_floor_type_number": 3,
            "joist_width": 1.5,
            "batt_r_value": 0.0,
            "joist_spacing": 16.0,
            "insulation_grade": 1,
            "outrigger_insulation_config": 0,
            "simulation": 2,
            "_result_number": 1,
            "batt_thickness": 0.0,
            "joist_height": 9.5,
            "quick_fill": true,
            "blanket_r_value": 0.0
        }
    },
    {
        "pk": 5,
        "model": "remrate_data.floortype",
        "fields": {
            "floor_width": 0.0,
            "outrigger_width": 0.0,
            "floor_covering": 3,
            "center_insulation_config": 0,
            "cavity_insulation_thickness": 9.0,
            "quick_fill_type": 0,
            "composite_type": 17,
            "default_framing_factors": true,
            "blanket_thickness": 0.0,
            "framing_factor": 0.13,
            "_composite_type_number": 16,
            "note": "R30,G1,2x10,16\"oc,R3.3/in",
            "cavity_insulation": 30.0,
            "continuous_insulation": 0.0,
            "_source_floor_type_number": 4,
            "joist_width": 1.5,
            "batt_r_value": 0.0,
            "joist_spacing": 16.0,
            "insulation_grade": 1,
            "outrigger_insulation_config": 0,
            "simulation": 3,
            "_result_number": 2,
            "batt_thickness": 0.0,
            "joist_height": 9.5,
            "quick_fill": true,
            "blanket_r_value": 0.0
        }
    },
    {
        "pk": 6,
        "model": "remrate_data.floortype",
        "fields": {
            "floor_width": 0.0,
            "outrigger_width": 0.0,
            "floor_covering": 3,
            "center_insulation_config": 0,
            "cavity_insulation_thickness": 9.0,
            "quick_fill_type": 0,
            "composite_type": 18,
            "default_framing_factors": true,
            "blanket_thickness": 0.0,
            "framing_factor": 0.13,
            "_composite_type_number": 17,
            "note": "R30,G1,2x10,16\"oc,R3.3/in",
            "cavity_insulation": 30.0,
            "continuous_insulation": 0.0,
            "_source_floor_type_number": 5,
            "joist_width": 1.5,
            "batt_r_value": 0.0,
            "joist_spacing": 16.0,
            "insulation_grade": 1,
            "outrigger_insulation_config": 0,
            "simulation": 3,
            "_result_number": 2,
            "batt_thickness": 0.0,
            "joist_height": 9.5,
            "quick_fill": true,
            "blanket_r_value": 0.0
        }
    },
    {
        "pk": 7,
        "model": "remrate_data.floortype",
        "fields": {
            "floor_width": 0.0,
            "outrigger_width": 0.0,
            "floor_covering": 3,
            "center_insulation_config": 0,
            "cavity_insulation_thickness": 9.0,
            "quick_fill_type": 0,
            "composite_type": 23,
            "default_framing_factors": true,
            "blanket_thickness": 0.0,
            "framing_factor": 0.13,
            "_composite_type_number": 22,
            "note": "R30,G1,2x10,16\"oc,R3.3/in",
            "cavity_insulation": 30.0,
            "continuous_insulation": 0.0,
            "_source_floor_type_number": 6,
            "joist_width": 1.5,
            "batt_r_value": 0.0,
            "joist_spacing": 16.0,
            "insulation_grade": 1,
            "outrigger_insulation_config": 0,
            "simulation": 4,
            "_result_number": 3,
            "batt_thickness": 0.0,
            "joist_height": 9.5,
            "quick_fill": true,
            "blanket_r_value": 0.0
        }
    },
    {
        "pk": 8,
        "model": "remrate_data.floortype",
        "fields": {
            "floor_width": 0.0,
            "outrigger_width": 0.0,
            "floor_covering": 3,
            "center_insulation_config": 0,
            "cavity_insulation_thickness": 9.0,
            "quick_fill_type": 0,
            "composite_type": 24,
            "default_framing_factors": true,
            "blanket_thickness": 0.0,
            "framing_factor": 0.13,
            "_composite_type_number": 23,
            "note": "R30,G1,2x10,16\"oc,R3.3/in",
            "cavity_insulation": 30.0,
            "continuous_insulation": 0.0,
            "_source_floor_type_number": 7,
            "joist_width": 1.5,
            "batt_r_value": 0.0,
            "joist_spacing": 16.0,
            "insulation_grade": 1,
            "outrigger_insulation_config": 0,
            "simulation": 4,
            "_result_number": 3,
            "batt_thickness": 0.0,
            "joist_height": 9.5,
            "quick_fill": true,
            "blanket_r_value": 0.0
        }
    },
    {
        "pk": 9,
        "model": "remrate_data.floortype",
        "fields": {
            "floor_width": 0.0,
            "outrigger_width": 0.0,
            "floor_covering": 3,
            "center_insulation_config": 0,
            "cavity_insulation_thickness": 9.0,
            "quick_fill_type": 0,
            "composite_type": 29,
            "default_framing_factors": true,
            "blanket_thickness": 0.0,
            "framing_factor": 0.13,
            "_composite_type_number": 28,
            "note": "R30,G1,2x10,16\"oc,R3.3/in",
            "cavity_insulation": 30.0,
            "continuous_insulation": 0.0,
            "_source_floor_type_number": 8,
            "joist_width": 1.5,
            "batt_r_value": 0.0,
            "joist_spacing": 16.0,
            "insulation_grade": 1,
            "outrigger_insulation_config": 0,
            "simulation": 5,
            "_result_number": 4,
            "batt_thickness": 0.0,
            "joist_height": 9.5,
            "quick_fill": true,
            "blanket_r_value": 0.0
        }
    },
    {
        "pk": 10,
        "model": "remrate_data.floortype",
        "fields": {
            "floor_width": 0.0,
            "outrigger_width": 0.0,
            "floor_covering": 3,
            "center_insulation_config": 0,
            "cavity_insulation_thickness": 9.0,
            "quick_fill_type": 0,
            "composite_type": 30,
            "default_framing_factors": true,
            "blanket_thickness": 0.0,
            "framing_factor": 0.13,
            "_composite_type_number": 29,
            "note": "R30,G1,2x10,16\"oc,R3.3/in",
            "cavity_insulation": 30.0,
            "continuous_insulation": 0.0,
            "_source_floor_type_number": 9,
            "joist_width": 1.5,
            "batt_r_value": 0.0,
            "joist_spacing": 16.0,
            "insulation_grade": 1,
            "outrigger_insulation_config": 0,
            "simulation": 5,
            "_result_number": 4,
            "batt_thickness": 0.0,
            "joist_height": 9.5,
            "quick_fill": true,
            "blanket_r_value": 0.0
        }
    },
    {
        "pk": 11,
        "model": "remrate_data.floortype",
        "fields": {
            "floor_width": 0.0,
            "outrigger_width": 0.0,
            "floor_covering": 3,
            "center_insulation_config": 0,
            "cavity_insulation_thickness": 9.0,
            "quick_fill_type": 0,
            "composite_type": 35,
            "default_framing_factors": true,
            "blanket_thickness": 0.0,
            "framing_factor": 0.13,
            "_composite_type_number": 34,
            "note": "R30,G1,2x10,16\"oc,R3.3/in",
            "cavity_insulation": 30.0,
            "continuous_insulation": 0.0,
            "_source_floor_type_number": 10,
            "joist_width": 1.5,
            "batt_r_value": 0.0,
            "joist_spacing": 16.0,
            "insulation_grade": 1,
            "outrigger_insulation_config": 0,
            "simulation": 6,
            "_result_number": 5,
            "batt_thickness": 0.0,
            "joist_height": 9.5,
            "quick_fill": true,
            "blanket_r_value": 0.0
        }
    },
    {
        "pk": 12,
        "model": "remrate_data.floortype",
        "fields": {
            "floor_width": 0.0,
            "outrigger_width": 0.0,
            "floor_covering": 3,
            "center_insulation_config": 0,
            "cavity_insulation_thickness": 9.0,
            "quick_fill_type": 0,
            "composite_type": 36,
            "default_framing_factors": true,
            "blanket_thickness": 0.0,
            "framing_factor": 0.13,
            "_composite_type_number": 35,
            "note": "R30,G1,2x10,16\"oc,R3.3/in",
            "cavity_insulation": 30.0,
            "continuous_insulation": 0.0,
            "_source_floor_type_number": 11,
            "joist_width": 1.5,
            "batt_r_value": 0.0,
            "joist_spacing": 16.0,
            "insulation_grade": 1,
            "outrigger_insulation_config": 0,
            "simulation": 6,
            "_result_number": 5,
            "batt_thickness": 0.0,
            "joist_height": 9.5,
            "quick_fill": true,
            "blanket_r_value": 0.0
        }
    },
    {
        "pk": 13,
        "model": "remrate_data.floortype",
        "fields": {
            "floor_width": 0.0,
            "outrigger_width": 0.0,
            "floor_covering": 3,
            "center_insulation_config": 0,
            "cavity_insulation_thickness": 9.0,
            "quick_fill_type": 0,
            "composite_type": 41,
            "default_framing_factors": true,
            "blanket_thickness": 0.0,
            "framing_factor": 0.13,
            "_composite_type_number": 40,
            "note": "R30,G1,2x10,16\"oc,R3.3/in",
            "cavity_insulation": 30.0,
            "continuous_insulation": 0.0,
            "_source_floor_type_number": 12,
            "joist_width": 1.5,
            "batt_r_value": 0.0,
            "joist_spacing": 16.0,
            "insulation_grade": 1,
            "outrigger_insulation_config": 0,
            "simulation": 7,
            "_result_number": 6,
            "batt_thickness": 0.0,
            "joist_height": 9.5,
            "quick_fill": true,
            "blanket_r_value": 0.0
        }
    },
    {
        "pk": 14,
        "model": "remrate_data.floortype",
        "fields": {
            "floor_width": 0.0,
            "outrigger_width": 0.0,
            "floor_covering": 3,
            "center_insulation_config": 0,
            "cavity_insulation_thickness": 9.0,
            "quick_fill_type": 0,
            "composite_type": 42,
            "default_framing_factors": true,
            "blanket_thickness": 0.0,
            "framing_factor": 0.13,
            "_composite_type_number": 41,
            "note": "R30,G1,2x10,16\"oc,R3.3/in",
            "cavity_insulation": 30.0,
            "continuous_insulation": 0.0,
            "_source_floor_type_number": 13,
            "joist_width": 1.5,
            "batt_r_value": 0.0,
            "joist_spacing": 16.0,
            "insulation_grade": 1,
            "outrigger_insulation_config": 0,
            "simulation": 7,
            "_result_number": 6,
            "batt_thickness": 0.0,
            "joist_height": 9.5,
            "quick_fill": true,
            "blanket_r_value": 0.0
        }
    },
    {
        "pk": 2,
        "model": "remrate_data.framefloor",
        "fields": {
            "building": 1,
            "rating_number": "Non-Solar 001",
            "name": "floor above deck",
            "area": 102.0,
            "u_value": 0.035005,
            "simulation": 1,
            "_building_number": 0,
            "_result_number": 0,
            "_floor_type_number": 1,
            "location": 201.0,
            "type": 2
        }
    },
    {
        "pk": 1,
        "model": "remrate_data.framefloor",
        "fields": {
            "building": 1,
            "rating_number": "Non-Solar 001",
            "name": "Floor",
            "area": 1203.0,
            "u_value": 0.035005,
            "simulation": 1,
            "_building_number": 0,
            "_result_number": 0,
            "_floor_type_number": 0,
            "location": 206.0,
            "type": 1
        }
    },
    {
        "pk": 4,
        "model": "remrate_data.framefloor",
        "fields": {
            "building": 2,
            "rating_number": "Non-Solar 001",
            "name": "floor above deck",
            "area": 102.0,
            "u_value": 0.035005,
            "simulation": 2,
            "_building_number": 1,
            "_result_number": 1,
            "_floor_type_number": 3,
            "location": 201.0,
            "type": 4
        }
    },
    {
        "pk": 3,
        "model": "remrate_data.framefloor",
        "fields": {
            "building": 2,
            "rating_number": "Non-Solar 001",
            "name": "Floor",
            "area": 1203.0,
            "u_value": 0.035005,
            "simulation": 2,
            "_building_number": 1,
            "_result_number": 1,
            "_floor_type_number": 2,
            "location": 206.0,
            "type": 3
        }
    },
    {
        "pk": 6,
        "model": "remrate_data.framefloor",
        "fields": {
            "building": 3,
            "rating_number": "Non-Solar 001",
            "name": "floor above deck",
            "area": 102.0,
            "u_value": 0.034,
            "simulation": 3,
            "_building_number": 2,
            "_result_number": 2,
            "_floor_type_number": 5,
            "location": 201.0,
            "type": 6
        }
    },
    {
        "pk": 5,
        "model": "remrate_data.framefloor",
        "fields": {
            "building": 3,
            "rating_number": "Non-Solar 001",
            "name": "Floor",
            "area": 1203.0,
            "u_value": 0.035,
            "simulation": 3,
            "_building_number": 2,
            "_result_number": 2,
            "_floor_type_number": 4,
            "location": 206.0,
            "type": 5
        }
    },
    {
        "pk": 8,
        "model": "remrate_data.framefloor",
        "fields": {
            "building": 4,
            "rating_number": "Solar 001",
            "name": "floor above deck",
            "area": 102.0,
            "u_value": 0.035005,
            "simulation": 4,
            "_building_number": 3,
            "_result_number": 3,
            "_floor_type_number": 7,
            "location": 201.0,
            "type": 8
        }
    },
    {
        "pk": 7,
        "model": "remrate_data.framefloor",
        "fields": {
            "building": 4,
            "rating_number": "Solar 001",
            "name": "Floor",
            "area": 1203.0,
            "u_value": 0.035005,
            "simulation": 4,
            "_building_number": 3,
            "_result_number": 3,
            "_floor_type_number": 6,
            "location": 206.0,
            "type": 7
        }
    },
    {
        "pk": 10,
        "model": "remrate_data.framefloor",
        "fields": {
            "building": 5,
            "rating_number": "Solar 001",
            "name": "floor above deck",
            "area": 102.0,
            "u_value": 0.034,
            "simulation": 5,
            "_building_number": 4,
            "_result_number": 4,
            "_floor_type_number": 9,
            "location": 201.0,
            "type": 10
        }
    },
    {
        "pk": 9,
        "model": "remrate_data.framefloor",
        "fields": {
            "building": 5,
            "rating_number": "Solar 001",
            "name": "Floor",
            "area": 1203.0,
            "u_value": 0.035,
            "simulation": 5,
            "_building_number": 4,
            "_result_number": 4,
            "_floor_type_number": 8,
            "location": 206.0,
            "type": 9
        }
    },
    {
        "pk": 12,
        "model": "remrate_data.framefloor",
        "fields": {
            "building": 6,
            "rating_number": "Solar 001",
            "name": "floor above deck",
            "area": 102.0,
            "u_value": 0.035005,
            "simulation": 6,
            "_building_number": 5,
            "_result_number": 5,
            "_floor_type_number": 11,
            "location": 201.0,
            "type": 12
        }
    },
    {
        "pk": 11,
        "model": "remrate_data.framefloor",
        "fields": {
            "building": 6,
            "rating_number": "Solar 001",
            "name": "Floor",
            "area": 1203.0,
            "u_value": 0.035005,
            "simulation": 6,
            "_building_number": 5,
            "_result_number": 5,
            "_floor_type_number": 10,
            "location": 206.0,
            "type": 11
        }
    },
    {
        "pk": 14,
        "model": "remrate_data.framefloor",
        "fields": {
            "building": 7,
            "rating_number": "Unrelated",
            "name": "floor above deck",
            "area": 102.0,
            "u_value": 0.035005,
            "simulation": 7,
            "_building_number": 6,
            "_result_number": 6,
            "_floor_type_number": 13,
            "location": 201.0,
            "type": 14
        }
    },
    {
        "pk": 13,
        "model": "remrate_data.framefloor",
        "fields": {
            "building": 7,
            "rating_number": "Unrelated",
            "name": "Floor",
            "area": 1203.0,
            "u_value": 0.035005,
            "simulation": 7,
            "_building_number": 6,
            "_result_number": 6,
            "_floor_type_number": 12,
            "location": 206.0,
            "type": 13
        }
    },
    {
        "pk": 1,
        "model": "remrate_data.joist",
        "fields": {
            "building": 1,
            "insulation_grade": 1,
            "rating_number": "Non-Solar 001",
            "name": "rim",
            "area": 164.0,
            "u_value": 0.04731,
            "continuous_insulation_r_value": 0.0,
            "simulation": 1,
            "_building_number": 0,
            "_result_number": 0,
            "cavity_insulation_r_value": 21.0,
            "location": 201,
            "spacing": 16.0,
            "insulation_thickness": 5.5
        }
    },
    {
        "pk": 2,
        "model": "remrate_data.joist",
        "fields": {
            "building": 2,
            "insulation_grade": 1,
            "rating_number": "Non-Solar 001",
            "name": "rim",
            "area": 164.0,
            "u_value": 0.04731,
            "continuous_insulation_r_value": 0.0,
            "simulation": 2,
            "_building_number": 1,
            "_result_number": 1,
            "cavity_insulation_r_value": 21.0,
            "location": 201,
            "spacing": 16.0,
            "insulation_thickness": 5.5
        }
    },
    {
        "pk": 3,
        "model": "remrate_data.joist",
        "fields": {
            "building": 3,
            "insulation_grade": 1,
            "rating_number": "Non-Solar 001",
            "name": "rim",
            "area": 164.0,
            "u_value": 0.058,
            "continuous_insulation_r_value": 0.0,
            "simulation": 3,
            "_building_number": 2,
            "_result_number": 2,
            "cavity_insulation_r_value": 21.0,
            "location": 201,
            "spacing": 16.0,
            "insulation_thickness": 5.5
        }
    },
    {
        "pk": 4,
        "model": "remrate_data.joist",
        "fields": {
            "building": 4,
            "insulation_grade": 1,
            "rating_number": "Solar 001",
            "name": "rim",
            "area": 164.0,
            "u_value": 0.04731,
            "continuous_insulation_r_value": 0.0,
            "simulation": 4,
            "_building_number": 3,
            "_result_number": 3,
            "cavity_insulation_r_value": 21.0,
            "location": 201,
            "spacing": 16.0,
            "insulation_thickness": 5.5
        }
    },
    {
        "pk": 5,
        "model": "remrate_data.joist",
        "fields": {
            "building": 5,
            "insulation_grade": 1,
            "rating_number": "Solar 001",
            "name": "rim",
            "area": 164.0,
            "u_value": 0.058,
            "continuous_insulation_r_value": 0.0,
            "simulation": 5,
            "_building_number": 4,
            "_result_number": 4,
            "cavity_insulation_r_value": 21.0,
            "location": 201,
            "spacing": 16.0,
            "insulation_thickness": 5.5
        }
    },
    {
        "pk": 6,
        "model": "remrate_data.joist",
        "fields": {
            "building": 6,
            "insulation_grade": 1,
            "rating_number": "Solar 001",
            "name": "rim",
            "area": 164.0,
            "u_value": 0.04731,
            "continuous_insulation_r_value": 0.0,
            "simulation": 6,
            "_building_number": 5,
            "_result_number": 5,
            "cavity_insulation_r_value": 21.0,
            "location": 201,
            "spacing": 16.0,
            "insulation_thickness": 5.5
        }
    },
    {
        "pk": 7,
        "model": "remrate_data.joist",
        "fields": {
            "building": 7,
            "insulation_grade": 1,
            "rating_number": "Unrelated",
            "name": "rim",
            "area": 164.0,
            "u_value": 0.04731,
            "continuous_insulation_r_value": 0.0,
            "simulation": 7,
            "_building_number": 6,
            "_result_number": 6,
            "cavity_insulation_r_value": 21.0,
            "location": 201,
            "spacing": 16.0,
            "insulation_thickness": 5.5
        }
    },
    {
        "pk": 1,
        "model": "remrate_data.windowtype",
        "fields": {
            "name": "U:0.29, SHGC:0.30",
            "_source_window_type_number": 0,
            "u_value": 0.29,
            "simulation": 1,
            "note": "U-factor .29, Solar Heat Gain Coefficient .30",
            "_result_number": 0,
            "shgc": 0.3
        }
    },
    {
        "pk": 2,
        "model": "remrate_data.windowtype",
        "fields": {
            "name": "U:0.29, SHGC:0.30",
            "_source_window_type_number": 1,
            "u_value": 0.29,
            "simulation": 1,
            "note": "U-factor .29, Solar Heat Gain Coefficient .30",
            "_result_number": 0,
            "shgc": 0.3
        }
    },
    {
        "pk": 3,
        "model": "remrate_data.windowtype",
        "fields": {
            "name": "U:0.29, SHGC:0.30",
            "_source_window_type_number": 2,
            "u_value": 0.29,
            "simulation": 1,
            "note": "U-factor .29, Solar Heat Gain Coefficient .30",
            "_result_number": 0,
            "shgc": 0.3
        }
    },
    {
        "pk": 4,
        "model": "remrate_data.windowtype",
        "fields": {
            "name": "U:0.29, SHGC:0.30",
            "_source_window_type_number": 3,
            "u_value": 0.29,
            "simulation": 1,
            "note": "U-factor .29, Solar Heat Gain Coefficient .30",
            "_result_number": 0,
            "shgc": 0.3
        }
    },
    {
        "pk": 5,
        "model": "remrate_data.windowtype",
        "fields": {
            "name": "U:0.29, SHGC:0.30",
            "_source_window_type_number": 4,
            "u_value": 0.29,
            "simulation": 2,
            "note": "U-factor .29, Solar Heat Gain Coefficient .30",
            "_result_number": 1,
            "shgc": 0.3
        }
    },
    {
        "pk": 6,
        "model": "remrate_data.windowtype",
        "fields": {
            "name": "U:0.29, SHGC:0.30",
            "_source_window_type_number": 5,
            "u_value": 0.29,
            "simulation": 2,
            "note": "U-factor .29, Solar Heat Gain Coefficient .30",
            "_result_number": 1,
            "shgc": 0.3
        }
    },
    {
        "pk": 7,
        "model": "remrate_data.windowtype",
        "fields": {
            "name": "U:0.29, SHGC:0.30",
            "_source_window_type_number": 6,
            "u_value": 0.29,
            "simulation": 2,
            "note": "U-factor .29, Solar Heat Gain Coefficient .30",
            "_result_number": 1,
            "shgc": 0.3
        }
    },
    {
        "pk": 8,
        "model": "remrate_data.windowtype",
        "fields": {
            "name": "U:0.29, SHGC:0.30",
            "_source_window_type_number": 7,
            "u_value": 0.29,
            "simulation": 2,
            "note": "U-factor .29, Solar Heat Gain Coefficient .30",
            "_result_number": 1,
            "shgc": 0.3
        }
    },
    {
        "pk": 9,
        "model": "remrate_data.windowtype",
        "fields": {
            "name": "UDRH(1)",
            "_source_window_type_number": 8,
            "u_value": 0.35,
            "simulation": 3,
            "note": "U-factor .29, Solar Heat Gain Coefficient .30",
            "_result_number": 2,
            "shgc": 0.35
        }
    },
    {
        "pk": 10,
        "model": "remrate_data.windowtype",
        "fields": {
            "name": "UDRH(2)",
            "_source_window_type_number": 9,
            "u_value": 0.35,
            "simulation": 3,
            "note": "U-factor .29, Solar Heat Gain Coefficient .30",
            "_result_number": 2,
            "shgc": 0.35
        }
    },
    {
        "pk": 11,
        "model": "remrate_data.windowtype",
        "fields": {
            "name": "UDRH(3)",
            "_source_window_type_number": 10,
            "u_value": 0.35,
            "simulation": 3,
            "note": "U-factor .29, Solar Heat Gain Coefficient .30",
            "_result_number": 2,
            "shgc": 0.35
        }
    },
    {
        "pk": 12,
        "model": "remrate_data.windowtype",
        "fields": {
            "name": "UDRH(4)",
            "_source_window_type_number": 11,
            "u_value": 0.35,
            "simulation": 3,
            "note": "U-factor .29, Solar Heat Gain Coefficient .30",
            "_result_number": 2,
            "shgc": 0.35
        }
    },
    {
        "pk": 13,
        "model": "remrate_data.windowtype",
        "fields": {
            "name": "U:0.29, SHGC:0.30",
            "_source_window_type_number": 12,
            "u_value": 0.29,
            "simulation": 4,
            "note": "U-factor .29, Solar Heat Gain Coefficient .30",
            "_result_number": 3,
            "shgc": 0.3
        }
    },
    {
        "pk": 14,
        "model": "remrate_data.windowtype",
        "fields": {
            "name": "U:0.29, SHGC:0.30",
            "_source_window_type_number": 13,
            "u_value": 0.29,
            "simulation": 4,
            "note": "U-factor .29, Solar Heat Gain Coefficient .30",
            "_result_number": 3,
            "shgc": 0.3
        }
    },
    {
        "pk": 15,
        "model": "remrate_data.windowtype",
        "fields": {
            "name": "U:0.29, SHGC:0.30",
            "_source_window_type_number": 14,
            "u_value": 0.29,
            "simulation": 4,
            "note": "U-factor .29, Solar Heat Gain Coefficient .30",
            "_result_number": 3,
            "shgc": 0.3
        }
    },
    {
        "pk": 16,
        "model": "remrate_data.windowtype",
        "fields": {
            "name": "U:0.29, SHGC:0.30",
            "_source_window_type_number": 15,
            "u_value": 0.29,
            "simulation": 4,
            "note": "U-factor .29, Solar Heat Gain Coefficient .30",
            "_result_number": 3,
            "shgc": 0.3
        }
    },
    {
        "pk": 17,
        "model": "remrate_data.windowtype",
        "fields": {
            "name": "UDRH(1)",
            "_source_window_type_number": 16,
            "u_value": 0.35,
            "simulation": 5,
            "note": "U-factor .29, Solar Heat Gain Coefficient .30",
            "_result_number": 4,
            "shgc": 0.35
        }
    },
    {
        "pk": 18,
        "model": "remrate_data.windowtype",
        "fields": {
            "name": "UDRH(2)",
            "_source_window_type_number": 17,
            "u_value": 0.35,
            "simulation": 5,
            "note": "U-factor .29, Solar Heat Gain Coefficient .30",
            "_result_number": 4,
            "shgc": 0.35
        }
    },
    {
        "pk": 19,
        "model": "remrate_data.windowtype",
        "fields": {
            "name": "UDRH(3)",
            "_source_window_type_number": 18,
            "u_value": 0.35,
            "simulation": 5,
            "note": "U-factor .29, Solar Heat Gain Coefficient .30",
            "_result_number": 4,
            "shgc": 0.35
        }
    },
    {
        "pk": 20,
        "model": "remrate_data.windowtype",
        "fields": {
            "name": "UDRH(4)",
            "_source_window_type_number": 19,
            "u_value": 0.35,
            "simulation": 5,
            "note": "U-factor .29, Solar Heat Gain Coefficient .30",
            "_result_number": 4,
            "shgc": 0.35
        }
    },
    {
        "pk": 21,
        "model": "remrate_data.windowtype",
        "fields": {
            "name": "U:0.29, SHGC:0.30",
            "_source_window_type_number": 20,
            "u_value": 0.29,
            "simulation": 6,
            "note": "U-factor .29, Solar Heat Gain Coefficient .30",
            "_result_number": 5,
            "shgc": 0.3
        }
    },
    {
        "pk": 22,
        "model": "remrate_data.windowtype",
        "fields": {
            "name": "U:0.29, SHGC:0.30",
            "_source_window_type_number": 21,
            "u_value": 0.29,
            "simulation": 6,
            "note": "U-factor .29, Solar Heat Gain Coefficient .30",
            "_result_number": 5,
            "shgc": 0.3
        }
    },
    {
        "pk": 23,
        "model": "remrate_data.windowtype",
        "fields": {
            "name": "U:0.29, SHGC:0.30",
            "_source_window_type_number": 22,
            "u_value": 0.29,
            "simulation": 6,
            "note": "U-factor .29, Solar Heat Gain Coefficient .30",
            "_result_number": 5,
            "shgc": 0.3
        }
    },
    {
        "pk": 24,
        "model": "remrate_data.windowtype",
        "fields": {
            "name": "U:0.29, SHGC:0.30",
            "_source_window_type_number": 23,
            "u_value": 0.29,
            "simulation": 6,
            "note": "U-factor .29, Solar Heat Gain Coefficient .30",
            "_result_number": 5,
            "shgc": 0.3
        }
    },
    {
        "pk": 25,
        "model": "remrate_data.windowtype",
        "fields": {
            "name": "U:0.29, SHGC:0.30",
            "_source_window_type_number": 24,
            "u_value": 0.29,
            "simulation": 7,
            "note": "U-factor .29, Solar Heat Gain Coefficient .30",
            "_result_number": 6,
            "shgc": 0.3
        }
    },
    {
        "pk": 26,
        "model": "remrate_data.windowtype",
        "fields": {
            "name": "U:0.29, SHGC:0.30",
            "_source_window_type_number": 25,
            "u_value": 0.29,
            "simulation": 7,
            "note": "U-factor .29, Solar Heat Gain Coefficient .30",
            "_result_number": 6,
            "shgc": 0.3
        }
    },
    {
        "pk": 27,
        "model": "remrate_data.windowtype",
        "fields": {
            "name": "U:0.29, SHGC:0.30",
            "_source_window_type_number": 26,
            "u_value": 0.29,
            "simulation": 7,
            "note": "U-factor .29, Solar Heat Gain Coefficient .30",
            "_result_number": 6,
            "shgc": 0.3
        }
    },
    {
        "pk": 28,
        "model": "remrate_data.windowtype",
        "fields": {
            "name": "U:0.29, SHGC:0.30",
            "_source_window_type_number": 27,
            "u_value": 0.29,
            "simulation": 7,
            "note": "U-factor .29, Solar Heat Gain Coefficient .30",
            "_result_number": 6,
            "shgc": 0.3
        }
    },
    {
        "pk": 1,
        "model": "remrate_data.window",
        "fields": {
            "building": 1,
            "overhang_depth_to_top_of_window": 0.0,
            "interior_shading_winter_factor": 0.85,
            "rating_number": "Non-Solar 001",
            "name": "east",
            "area": 89.0,
            "adjacent_shading_summer_factor": 1.0,
            "interior_shading_summer_factor": 0.7,
            "foundation_number": 0.0,
            "wall_number": 1.0,
            "overhang_depth": 0.0,
            "simulation": 1,
            "_building_number": 0,
            "_result_number": 0,
            "overhang_depth_to_bottom_of_window": 0.0,
            "adjacent_shading_winter_factor": 1.0,
            "type": 1,
            "_window_type_number": 0,
            "orientation": 3
        }
    },
    {
        "pk": 2,
        "model": "remrate_data.window",
        "fields": {
            "building": 1,
            "overhang_depth_to_top_of_window": 0.0,
            "interior_shading_winter_factor": 0.85,
            "rating_number": "Non-Solar 001",
            "name": "north",
            "area": 130.0,
            "adjacent_shading_summer_factor": 1.0,
            "interior_shading_summer_factor": 0.7,
            "foundation_number": 0.0,
            "wall_number": 1.0,
            "overhang_depth": 0.0,
            "simulation": 1,
            "_building_number": 0,
            "_result_number": 0,
            "overhang_depth_to_bottom_of_window": 0.0,
            "adjacent_shading_winter_factor": 1.0,
            "type": 2,
            "_window_type_number": 1,
            "orientation": 5
        }
    },
    {
        "pk": 3,
        "model": "remrate_data.window",
        "fields": {
            "building": 1,
            "overhang_depth_to_top_of_window": 0.0,
            "interior_shading_winter_factor": 0.85,
            "rating_number": "Non-Solar 001",
            "name": "west",
            "area": 160.75,
            "adjacent_shading_summer_factor": 1.0,
            "interior_shading_summer_factor": 0.7,
            "foundation_number": 0.0,
            "wall_number": 1.0,
            "overhang_depth": 0.0,
            "simulation": 1,
            "_building_number": 0,
            "_result_number": 0,
            "overhang_depth_to_bottom_of_window": 0.0,
            "adjacent_shading_winter_factor": 1.0,
            "type": 3,
            "_window_type_number": 2,
            "orientation": 8
        }
    },
    {
        "pk": 4,
        "model": "remrate_data.window",
        "fields": {
            "building": 1,
            "overhang_depth_to_top_of_window": 0.0,
            "interior_shading_winter_factor": 0.85,
            "rating_number": "Non-Solar 001",
            "name": "south",
            "area": 34.5,
            "adjacent_shading_summer_factor": 1.0,
            "interior_shading_summer_factor": 0.7,
            "foundation_number": 0.0,
            "wall_number": 1.0,
            "overhang_depth": 0.0,
            "simulation": 1,
            "_building_number": 0,
            "_result_number": 0,
            "overhang_depth_to_bottom_of_window": 0.0,
            "adjacent_shading_winter_factor": 1.0,
            "type": 4,
            "_window_type_number": 3,
            "orientation": 1
        }
    },
    {
        "pk": 5,
        "model": "remrate_data.window",
        "fields": {
            "building": 2,
            "overhang_depth_to_top_of_window": 0.0,
            "interior_shading_winter_factor": 0.85,
            "rating_number": "Non-Solar 001",
            "name": "east",
            "area": 89.0,
            "adjacent_shading_summer_factor": 1.0,
            "interior_shading_summer_factor": 0.7,
            "foundation_number": 0.0,
            "wall_number": 1.0,
            "overhang_depth": 0.0,
            "simulation": 2,
            "_building_number": 1,
            "_result_number": 1,
            "overhang_depth_to_bottom_of_window": 0.0,
            "adjacent_shading_winter_factor": 1.0,
            "type": 5,
            "_window_type_number": 4,
            "orientation": 3
        }
    },
    {
        "pk": 6,
        "model": "remrate_data.window",
        "fields": {
            "building": 2,
            "overhang_depth_to_top_of_window": 0.0,
            "interior_shading_winter_factor": 0.85,
            "rating_number": "Non-Solar 001",
            "name": "north",
            "area": 130.0,
            "adjacent_shading_summer_factor": 1.0,
            "interior_shading_summer_factor": 0.7,
            "foundation_number": 0.0,
            "wall_number": 1.0,
            "overhang_depth": 0.0,
            "simulation": 2,
            "_building_number": 1,
            "_result_number": 1,
            "overhang_depth_to_bottom_of_window": 0.0,
            "adjacent_shading_winter_factor": 1.0,
            "type": 6,
            "_window_type_number": 5,
            "orientation": 5
        }
    },
    {
        "pk": 7,
        "model": "remrate_data.window",
        "fields": {
            "building": 2,
            "overhang_depth_to_top_of_window": 0.0,
            "interior_shading_winter_factor": 0.85,
            "rating_number": "Non-Solar 001",
            "name": "west",
            "area": 160.75,
            "adjacent_shading_summer_factor": 1.0,
            "interior_shading_summer_factor": 0.7,
            "foundation_number": 0.0,
            "wall_number": 1.0,
            "overhang_depth": 0.0,
            "simulation": 2,
            "_building_number": 1,
            "_result_number": 1,
            "overhang_depth_to_bottom_of_window": 0.0,
            "adjacent_shading_winter_factor": 1.0,
            "type": 7,
            "_window_type_number": 6,
            "orientation": 8
        }
    },
    {
        "pk": 8,
        "model": "remrate_data.window",
        "fields": {
            "building": 2,
            "overhang_depth_to_top_of_window": 0.0,
            "interior_shading_winter_factor": 0.85,
            "rating_number": "Non-Solar 001",
            "name": "south",
            "area": 34.5,
            "adjacent_shading_summer_factor": 1.0,
            "interior_shading_summer_factor": 0.7,
            "foundation_number": 0.0,
            "wall_number": 1.0,
            "overhang_depth": 0.0,
            "simulation": 2,
            "_building_number": 1,
            "_result_number": 1,
            "overhang_depth_to_bottom_of_window": 0.0,
            "adjacent_shading_winter_factor": 1.0,
            "type": 8,
            "_window_type_number": 7,
            "orientation": 1
        }
    },
    {
        "pk": 9,
        "model": "remrate_data.window",
        "fields": {
            "building": 3,
            "overhang_depth_to_top_of_window": 0.0,
            "interior_shading_winter_factor": 0.85,
            "rating_number": "Non-Solar 001",
            "name": "east",
            "area": 89.0,
            "adjacent_shading_summer_factor": 1.0,
            "interior_shading_summer_factor": 0.7,
            "foundation_number": 0.0,
            "wall_number": 1.0,
            "overhang_depth": 0.0,
            "simulation": 3,
            "_building_number": 2,
            "_result_number": 2,
            "overhang_depth_to_bottom_of_window": 0.0,
            "adjacent_shading_winter_factor": 1.0,
            "type": 9,
            "_window_type_number": 8,
            "orientation": 3
        }
    },
    {
        "pk": 10,
        "model": "remrate_data.window",
        "fields": {
            "building": 3,
            "overhang_depth_to_top_of_window": 0.0,
            "interior_shading_winter_factor": 0.85,
            "rating_number": "Non-Solar 001",
            "name": "north",
            "area": 130.0,
            "adjacent_shading_summer_factor": 1.0,
            "interior_shading_summer_factor": 0.7,
            "foundation_number": 0.0,
            "wall_number": 1.0,
            "overhang_depth": 0.0,
            "simulation": 3,
            "_building_number": 2,
            "_result_number": 2,
            "overhang_depth_to_bottom_of_window": 0.0,
            "adjacent_shading_winter_factor": 1.0,
            "type": 10,
            "_window_type_number": 9,
            "orientation": 5
        }
    },
    {
        "pk": 11,
        "model": "remrate_data.window",
        "fields": {
            "building": 3,
            "overhang_depth_to_top_of_window": 0.0,
            "interior_shading_winter_factor": 0.85,
            "rating_number": "Non-Solar 001",
            "name": "west",
            "area": 160.75,
            "adjacent_shading_summer_factor": 1.0,
            "interior_shading_summer_factor": 0.7,
            "foundation_number": 0.0,
            "wall_number": 1.0,
            "overhang_depth": 0.0,
            "simulation": 3,
            "_building_number": 2,
            "_result_number": 2,
            "overhang_depth_to_bottom_of_window": 0.0,
            "adjacent_shading_winter_factor": 1.0,
            "type": 11,
            "_window_type_number": 10,
            "orientation": 8
        }
    },
    {
        "pk": 12,
        "model": "remrate_data.window",
        "fields": {
            "building": 3,
            "overhang_depth_to_top_of_window": 0.0,
            "interior_shading_winter_factor": 0.85,
            "rating_number": "Non-Solar 001",
            "name": "south",
            "area": 34.5,
            "adjacent_shading_summer_factor": 1.0,
            "interior_shading_summer_factor": 0.7,
            "foundation_number": 0.0,
            "wall_number": 1.0,
            "overhang_depth": 0.0,
            "simulation": 3,
            "_building_number": 2,
            "_result_number": 2,
            "overhang_depth_to_bottom_of_window": 0.0,
            "adjacent_shading_winter_factor": 1.0,
            "type": 12,
            "_window_type_number": 11,
            "orientation": 1
        }
    },
    {
        "pk": 13,
        "model": "remrate_data.window",
        "fields": {
            "building": 4,
            "overhang_depth_to_top_of_window": 0.0,
            "interior_shading_winter_factor": 0.85,
            "rating_number": "Solar 001",
            "name": "east",
            "area": 89.0,
            "adjacent_shading_summer_factor": 1.0,
            "interior_shading_summer_factor": 0.7,
            "foundation_number": 0.0,
            "wall_number": 1.0,
            "overhang_depth": 0.0,
            "simulation": 4,
            "_building_number": 3,
            "_result_number": 3,
            "overhang_depth_to_bottom_of_window": 0.0,
            "adjacent_shading_winter_factor": 1.0,
            "type": 13,
            "_window_type_number": 12,
            "orientation": 3
        }
    },
    {
        "pk": 14,
        "model": "remrate_data.window",
        "fields": {
            "building": 4,
            "overhang_depth_to_top_of_window": 0.0,
            "interior_shading_winter_factor": 0.85,
            "rating_number": "Solar 001",
            "name": "north",
            "area": 130.0,
            "adjacent_shading_summer_factor": 1.0,
            "interior_shading_summer_factor": 0.7,
            "foundation_number": 0.0,
            "wall_number": 1.0,
            "overhang_depth": 0.0,
            "simulation": 4,
            "_building_number": 3,
            "_result_number": 3,
            "overhang_depth_to_bottom_of_window": 0.0,
            "adjacent_shading_winter_factor": 1.0,
            "type": 14,
            "_window_type_number": 13,
            "orientation": 5
        }
    },
    {
        "pk": 15,
        "model": "remrate_data.window",
        "fields": {
            "building": 4,
            "overhang_depth_to_top_of_window": 0.0,
            "interior_shading_winter_factor": 0.85,
            "rating_number": "Solar 001",
            "name": "west",
            "area": 160.75,
            "adjacent_shading_summer_factor": 1.0,
            "interior_shading_summer_factor": 0.7,
            "foundation_number": 0.0,
            "wall_number": 1.0,
            "overhang_depth": 0.0,
            "simulation": 4,
            "_building_number": 3,
            "_result_number": 3,
            "overhang_depth_to_bottom_of_window": 0.0,
            "adjacent_shading_winter_factor": 1.0,
            "type": 15,
            "_window_type_number": 14,
            "orientation": 8
        }
    },
    {
        "pk": 16,
        "model": "remrate_data.window",
        "fields": {
            "building": 4,
            "overhang_depth_to_top_of_window": 0.0,
            "interior_shading_winter_factor": 0.85,
            "rating_number": "Solar 001",
            "name": "south",
            "area": 34.5,
            "adjacent_shading_summer_factor": 1.0,
            "interior_shading_summer_factor": 0.7,
            "foundation_number": 0.0,
            "wall_number": 1.0,
            "overhang_depth": 0.0,
            "simulation": 4,
            "_building_number": 3,
            "_result_number": 3,
            "overhang_depth_to_bottom_of_window": 0.0,
            "adjacent_shading_winter_factor": 1.0,
            "type": 16,
            "_window_type_number": 15,
            "orientation": 1
        }
    },
    {
        "pk": 17,
        "model": "remrate_data.window",
        "fields": {
            "building": 5,
            "overhang_depth_to_top_of_window": 0.0,
            "interior_shading_winter_factor": 0.85,
            "rating_number": "Solar 001",
            "name": "east",
            "area": 89.0,
            "adjacent_shading_summer_factor": 1.0,
            "interior_shading_summer_factor": 0.7,
            "foundation_number": 0.0,
            "wall_number": 1.0,
            "overhang_depth": 0.0,
            "simulation": 5,
            "_building_number": 4,
            "_result_number": 4,
            "overhang_depth_to_bottom_of_window": 0.0,
            "adjacent_shading_winter_factor": 1.0,
            "type": 17,
            "_window_type_number": 16,
            "orientation": 3
        }
    },
    {
        "pk": 18,
        "model": "remrate_data.window",
        "fields": {
            "building": 5,
            "overhang_depth_to_top_of_window": 0.0,
            "interior_shading_winter_factor": 0.85,
            "rating_number": "Solar 001",
            "name": "north",
            "area": 130.0,
            "adjacent_shading_summer_factor": 1.0,
            "interior_shading_summer_factor": 0.7,
            "foundation_number": 0.0,
            "wall_number": 1.0,
            "overhang_depth": 0.0,
            "simulation": 5,
            "_building_number": 4,
            "_result_number": 4,
            "overhang_depth_to_bottom_of_window": 0.0,
            "adjacent_shading_winter_factor": 1.0,
            "type": 18,
            "_window_type_number": 17,
            "orientation": 5
        }
    },
    {
        "pk": 19,
        "model": "remrate_data.window",
        "fields": {
            "building": 5,
            "overhang_depth_to_top_of_window": 0.0,
            "interior_shading_winter_factor": 0.85,
            "rating_number": "Solar 001",
            "name": "west",
            "area": 160.75,
            "adjacent_shading_summer_factor": 1.0,
            "interior_shading_summer_factor": 0.7,
            "foundation_number": 0.0,
            "wall_number": 1.0,
            "overhang_depth": 0.0,
            "simulation": 5,
            "_building_number": 4,
            "_result_number": 4,
            "overhang_depth_to_bottom_of_window": 0.0,
            "adjacent_shading_winter_factor": 1.0,
            "type": 19,
            "_window_type_number": 18,
            "orientation": 8
        }
    },
    {
        "pk": 20,
        "model": "remrate_data.window",
        "fields": {
            "building": 5,
            "overhang_depth_to_top_of_window": 0.0,
            "interior_shading_winter_factor": 0.85,
            "rating_number": "Solar 001",
            "name": "south",
            "area": 34.5,
            "adjacent_shading_summer_factor": 1.0,
            "interior_shading_summer_factor": 0.7,
            "foundation_number": 0.0,
            "wall_number": 1.0,
            "overhang_depth": 0.0,
            "simulation": 5,
            "_building_number": 4,
            "_result_number": 4,
            "overhang_depth_to_bottom_of_window": 0.0,
            "adjacent_shading_winter_factor": 1.0,
            "type": 20,
            "_window_type_number": 19,
            "orientation": 1
        }
    },
    {
        "pk": 21,
        "model": "remrate_data.window",
        "fields": {
            "building": 6,
            "overhang_depth_to_top_of_window": 0.0,
            "interior_shading_winter_factor": 0.85,
            "rating_number": "Solar 001",
            "name": "east",
            "area": 89.0,
            "adjacent_shading_summer_factor": 1.0,
            "interior_shading_summer_factor": 0.7,
            "foundation_number": 0.0,
            "wall_number": 1.0,
            "overhang_depth": 0.0,
            "simulation": 6,
            "_building_number": 5,
            "_result_number": 5,
            "overhang_depth_to_bottom_of_window": 0.0,
            "adjacent_shading_winter_factor": 1.0,
            "type": 21,
            "_window_type_number": 20,
            "orientation": 3
        }
    },
    {
        "pk": 22,
        "model": "remrate_data.window",
        "fields": {
            "building": 6,
            "overhang_depth_to_top_of_window": 0.0,
            "interior_shading_winter_factor": 0.85,
            "rating_number": "Solar 001",
            "name": "north",
            "area": 130.0,
            "adjacent_shading_summer_factor": 1.0,
            "interior_shading_summer_factor": 0.7,
            "foundation_number": 0.0,
            "wall_number": 1.0,
            "overhang_depth": 0.0,
            "simulation": 6,
            "_building_number": 5,
            "_result_number": 5,
            "overhang_depth_to_bottom_of_window": 0.0,
            "adjacent_shading_winter_factor": 1.0,
            "type": 22,
            "_window_type_number": 21,
            "orientation": 5
        }
    },
    {
        "pk": 23,
        "model": "remrate_data.window",
        "fields": {
            "building": 6,
            "overhang_depth_to_top_of_window": 0.0,
            "interior_shading_winter_factor": 0.85,
            "rating_number": "Solar 001",
            "name": "west",
            "area": 160.75,
            "adjacent_shading_summer_factor": 1.0,
            "interior_shading_summer_factor": 0.7,
            "foundation_number": 0.0,
            "wall_number": 1.0,
            "overhang_depth": 0.0,
            "simulation": 6,
            "_building_number": 5,
            "_result_number": 5,
            "overhang_depth_to_bottom_of_window": 0.0,
            "adjacent_shading_winter_factor": 1.0,
            "type": 23,
            "_window_type_number": 22,
            "orientation": 8
        }
    },
    {
        "pk": 24,
        "model": "remrate_data.window",
        "fields": {
            "building": 6,
            "overhang_depth_to_top_of_window": 0.0,
            "interior_shading_winter_factor": 0.85,
            "rating_number": "Solar 001",
            "name": "south",
            "area": 34.5,
            "adjacent_shading_summer_factor": 1.0,
            "interior_shading_summer_factor": 0.7,
            "foundation_number": 0.0,
            "wall_number": 1.0,
            "overhang_depth": 0.0,
            "simulation": 6,
            "_building_number": 5,
            "_result_number": 5,
            "overhang_depth_to_bottom_of_window": 0.0,
            "adjacent_shading_winter_factor": 1.0,
            "type": 24,
            "_window_type_number": 23,
            "orientation": 1
        }
    },
    {
        "pk": 25,
        "model": "remrate_data.window",
        "fields": {
            "building": 7,
            "overhang_depth_to_top_of_window": 0.0,
            "interior_shading_winter_factor": 0.85,
            "rating_number": "Unrelated",
            "name": "east",
            "area": 89.0,
            "adjacent_shading_summer_factor": 1.0,
            "interior_shading_summer_factor": 0.7,
            "foundation_number": 0.0,
            "wall_number": 1.0,
            "overhang_depth": 0.0,
            "simulation": 7,
            "_building_number": 6,
            "_result_number": 6,
            "overhang_depth_to_bottom_of_window": 0.0,
            "adjacent_shading_winter_factor": 1.0,
            "type": 25,
            "_window_type_number": 24,
            "orientation": 3
        }
    },
    {
        "pk": 26,
        "model": "remrate_data.window",
        "fields": {
            "building": 7,
            "overhang_depth_to_top_of_window": 0.0,
            "interior_shading_winter_factor": 0.85,
            "rating_number": "Unrelated",
            "name": "north",
            "area": 130.0,
            "adjacent_shading_summer_factor": 1.0,
            "interior_shading_summer_factor": 0.7,
            "foundation_number": 0.0,
            "wall_number": 1.0,
            "overhang_depth": 0.0,
            "simulation": 7,
            "_building_number": 6,
            "_result_number": 6,
            "overhang_depth_to_bottom_of_window": 0.0,
            "adjacent_shading_winter_factor": 1.0,
            "type": 26,
            "_window_type_number": 25,
            "orientation": 5
        }
    },
    {
        "pk": 27,
        "model": "remrate_data.window",
        "fields": {
            "building": 7,
            "overhang_depth_to_top_of_window": 0.0,
            "interior_shading_winter_factor": 0.85,
            "rating_number": "Unrelated",
            "name": "west",
            "area": 160.75,
            "adjacent_shading_summer_factor": 1.0,
            "interior_shading_summer_factor": 0.7,
            "foundation_number": 0.0,
            "wall_number": 1.0,
            "overhang_depth": 0.0,
            "simulation": 7,
            "_building_number": 6,
            "_result_number": 6,
            "overhang_depth_to_bottom_of_window": 0.0,
            "adjacent_shading_winter_factor": 1.0,
            "type": 27,
            "_window_type_number": 26,
            "orientation": 8
        }
    },
    {
        "pk": 28,
        "model": "remrate_data.window",
        "fields": {
            "building": 7,
            "overhang_depth_to_top_of_window": 0.0,
            "interior_shading_winter_factor": 0.85,
            "rating_number": "Unrelated",
            "name": "south",
            "area": 34.5,
            "adjacent_shading_summer_factor": 1.0,
            "interior_shading_summer_factor": 0.7,
            "foundation_number": 0.0,
            "wall_number": 1.0,
            "overhang_depth": 0.0,
            "simulation": 7,
            "_building_number": 6,
            "_result_number": 6,
            "overhang_depth_to_bottom_of_window": 0.0,
            "adjacent_shading_winter_factor": 1.0,
            "type": 28,
            "_window_type_number": 27,
            "orientation": 1
        }
    },
    {
        "pk": 1,
        "model": "remrate_data.doortype",
        "fields": {
            "_source_door_type_number": 0,
            "name": "Code Ext <28sqft",
            "door_type": 2,
            "r_value": 1.85,
            "note": "",
            "_result_number": 0,
            "simulation": 1
        }
    },
    {
        "pk": 2,
        "model": "remrate_data.doortype",
        "fields": {
            "_source_door_type_number": 1,
            "name": "Code Ext <28sqft",
            "door_type": 2,
            "r_value": 1.85,
            "note": "",
            "_result_number": 0,
            "simulation": 1
        }
    },
    {
        "pk": 3,
        "model": "remrate_data.doortype",
        "fields": {
            "_source_door_type_number": 2,
            "name": "Code Ext <28sqft",
            "door_type": 2,
            "r_value": 1.85,
            "note": "",
            "_result_number": 1,
            "simulation": 2
        }
    },
    {
        "pk": 4,
        "model": "remrate_data.doortype",
        "fields": {
            "_source_door_type_number": 3,
            "name": "Code Ext <28sqft",
            "door_type": 2,
            "r_value": 1.85,
            "note": "",
            "_result_number": 1,
            "simulation": 2
        }
    },
    {
        "pk": 5,
        "model": "remrate_data.doortype",
        "fields": {
            "_source_door_type_number": 4,
            "name": "Code Ext <28sqft",
            "door_type": 2,
            "r_value": 1.85,
            "note": "",
            "_result_number": 2,
            "simulation": 3
        }
    },
    {
        "pk": 6,
        "model": "remrate_data.doortype",
        "fields": {
            "_source_door_type_number": 5,
            "name": "Code Ext <28sqft",
            "door_type": 2,
            "r_value": 1.85,
            "note": "",
            "_result_number": 2,
            "simulation": 3
        }
    },
    {
        "pk": 7,
        "model": "remrate_data.doortype",
        "fields": {
            "_source_door_type_number": 6,
            "name": "Code Ext <28sqft",
            "door_type": 2,
            "r_value": 1.85,
            "note": "",
            "_result_number": 3,
            "simulation": 4
        }
    },
    {
        "pk": 8,
        "model": "remrate_data.doortype",
        "fields": {
            "_source_door_type_number": 7,
            "name": "Code Ext <28sqft",
            "door_type": 2,
            "r_value": 1.85,
            "note": "",
            "_result_number": 3,
            "simulation": 4
        }
    },
    {
        "pk": 9,
        "model": "remrate_data.doortype",
        "fields": {
            "_source_door_type_number": 8,
            "name": "Code Ext <28sqft",
            "door_type": 2,
            "r_value": 1.85,
            "note": "",
            "_result_number": 4,
            "simulation": 5
        }
    },
    {
        "pk": 10,
        "model": "remrate_data.doortype",
        "fields": {
            "_source_door_type_number": 9,
            "name": "Code Ext <28sqft",
            "door_type": 2,
            "r_value": 1.85,
            "note": "",
            "_result_number": 4,
            "simulation": 5
        }
    },
    {
        "pk": 11,
        "model": "remrate_data.doortype",
        "fields": {
            "_source_door_type_number": 10,
            "name": "Code Ext <28sqft",
            "door_type": 2,
            "r_value": 1.85,
            "note": "",
            "_result_number": 5,
            "simulation": 6
        }
    },
    {
        "pk": 12,
        "model": "remrate_data.doortype",
        "fields": {
            "_source_door_type_number": 11,
            "name": "Code Ext <28sqft",
            "door_type": 2,
            "r_value": 1.85,
            "note": "",
            "_result_number": 5,
            "simulation": 6
        }
    },
    {
        "pk": 13,
        "model": "remrate_data.doortype",
        "fields": {
            "_source_door_type_number": 12,
            "name": "Code Ext <28sqft",
            "door_type": 2,
            "r_value": 1.85,
            "note": "",
            "_result_number": 6,
            "simulation": 7
        }
    },
    {
        "pk": 14,
        "model": "remrate_data.doortype",
        "fields": {
            "_source_door_type_number": 13,
            "name": "Code Ext <28sqft",
            "door_type": 2,
            "r_value": 1.85,
            "note": "",
            "_result_number": 6,
            "simulation": 7
        }
    },
    {
        "pk": 1,
        "model": "remrate_data.door",
        "fields": {
            "building": 1,
            "rating_number": "Non-Solar 001",
            "name": "entry",
            "area": 21.0,
            "_door_type_number": 0,
            "u_value": 0.359075,
            "simulation": 1,
            "_building_number": 0,
            "_result_number": 0,
            "wall_number": 1,
            "type": 1
        }
    },
    {
        "pk": 2,
        "model": "remrate_data.door",
        "fields": {
            "building": 1,
            "rating_number": "Non-Solar 001",
            "name": "garage ",
            "area": 21.0,
            "_door_type_number": 1,
            "u_value": 0.359075,
            "simulation": 1,
            "_building_number": 0,
            "_result_number": 0,
            "wall_number": 2,
            "type": 2
        }
    },
    {
        "pk": 3,
        "model": "remrate_data.door",
        "fields": {
            "building": 2,
            "rating_number": "Non-Solar 001",
            "name": "entry",
            "area": 21.0,
            "_door_type_number": 2,
            "u_value": 0.359075,
            "simulation": 2,
            "_building_number": 1,
            "_result_number": 1,
            "wall_number": 1,
            "type": 3
        }
    },
    {
        "pk": 4,
        "model": "remrate_data.door",
        "fields": {
            "building": 2,
            "rating_number": "Non-Solar 001",
            "name": "garage ",
            "area": 21.0,
            "_door_type_number": 3,
            "u_value": 0.359075,
            "simulation": 2,
            "_building_number": 1,
            "_result_number": 1,
            "wall_number": 2,
            "type": 4
        }
    },
    {
        "pk": 5,
        "model": "remrate_data.door",
        "fields": {
            "building": 3,
            "rating_number": "Non-Solar 001",
            "name": "entry",
            "area": 21.0,
            "_door_type_number": 4,
            "u_value": 0.2,
            "simulation": 3,
            "_building_number": 2,
            "_result_number": 2,
            "wall_number": 1,
            "type": 5
        }
    },
    {
        "pk": 6,
        "model": "remrate_data.door",
        "fields": {
            "building": 3,
            "rating_number": "Non-Solar 001",
            "name": "garage ",
            "area": 21.0,
            "_door_type_number": 5,
            "u_value": 0.2,
            "simulation": 3,
            "_building_number": 2,
            "_result_number": 2,
            "wall_number": 2,
            "type": 6
        }
    },
    {
        "pk": 7,
        "model": "remrate_data.door",
        "fields": {
            "building": 4,
            "rating_number": "Solar 001",
            "name": "entry",
            "area": 21.0,
            "_door_type_number": 6,
            "u_value": 0.359075,
            "simulation": 4,
            "_building_number": 3,
            "_result_number": 3,
            "wall_number": 1,
            "type": 7
        }
    },
    {
        "pk": 8,
        "model": "remrate_data.door",
        "fields": {
            "building": 4,
            "rating_number": "Solar 001",
            "name": "garage ",
            "area": 21.0,
            "_door_type_number": 7,
            "u_value": 0.359075,
            "simulation": 4,
            "_building_number": 3,
            "_result_number": 3,
            "wall_number": 2,
            "type": 8
        }
    },
    {
        "pk": 9,
        "model": "remrate_data.door",
        "fields": {
            "building": 5,
            "rating_number": "Solar 001",
            "name": "entry",
            "area": 21.0,
            "_door_type_number": 8,
            "u_value": 0.2,
            "simulation": 5,
            "_building_number": 4,
            "_result_number": 4,
            "wall_number": 1,
            "type": 9
        }
    },
    {
        "pk": 10,
        "model": "remrate_data.door",
        "fields": {
            "building": 5,
            "rating_number": "Solar 001",
            "name": "garage ",
            "area": 21.0,
            "_door_type_number": 9,
            "u_value": 0.2,
            "simulation": 5,
            "_building_number": 4,
            "_result_number": 4,
            "wall_number": 2,
            "type": 10
        }
    },
    {
        "pk": 11,
        "model": "remrate_data.door",
        "fields": {
            "building": 6,
            "rating_number": "Solar 001",
            "name": "entry",
            "area": 21.0,
            "_door_type_number": 10,
            "u_value": 0.359075,
            "simulation": 6,
            "_building_number": 5,
            "_result_number": 5,
            "wall_number": 1,
            "type": 11
        }
    },
    {
        "pk": 12,
        "model": "remrate_data.door",
        "fields": {
            "building": 6,
            "rating_number": "Solar 001",
            "name": "garage ",
            "area": 21.0,
            "_door_type_number": 11,
            "u_value": 0.359075,
            "simulation": 6,
            "_building_number": 5,
            "_result_number": 5,
            "wall_number": 2,
            "type": 12
        }
    },
    {
        "pk": 13,
        "model": "remrate_data.door",
        "fields": {
            "building": 7,
            "rating_number": "Unrelated",
            "name": "entry",
            "area": 21.0,
            "_door_type_number": 12,
            "u_value": 0.359075,
            "simulation": 7,
            "_building_number": 6,
            "_result_number": 6,
            "wall_number": 1,
            "type": 13
        }
    },
    {
        "pk": 14,
        "model": "remrate_data.door",
        "fields": {
            "building": 7,
            "rating_number": "Unrelated",
            "name": "garage ",
            "area": 21.0,
            "_door_type_number": 13,
            "u_value": 0.359075,
            "simulation": 7,
            "_building_number": 6,
            "_result_number": 6,
            "wall_number": 2,
            "type": 14
        }
    },
    {
        "pk": 1,
        "model": "remrate_data.generalmechanicalequipment",
        "fields": {
            "duct_return_vs_total_return_area_3": 0.0,
            "setback_temperature": 66.0,
            "vent_type": 3,
            "duct_supply_vs_total_supply_area_2": 0.0,
            "duct_supply_vs_total_supply_area_3": 0.0,
            "duct_supply_vs_total_supply_area_1": 100.0,
            "duct_return_vs_total_return_area_2": 0.0,
            "cooling_set_point": 78.0,
            "quantitative_duct_leakage": 100.0,
            "duct_return_vs_total_return_area_1": 100.0,
            "_building_number": 0,
            "quantitative_duct_leakage_units": 2,
            "using_qualitative": 1,
            "setback_thermostat": true,
            "setback_schedule": 0.0,
            "duct_insulation_1": 0.0,
            "duct_insulation_3": 0.0,
            "duct_insulation_2": 0.0,
            "duct_location_1": 0,
            "duct_location_2": 0,
            "duct_location_3": 0,
            "rating_number": "Non-Solar 001",
            "qualitative_duct_leakage_estimate": 2,
            "_source_equipment_number": 0,
            "heating_set_point": 68.0,
            "simulation": 1,
            "_result_number": 0,
            "setup_thermostat": true
        }
    },
    {
        "pk": 2,
        "model": "remrate_data.generalmechanicalequipment",
        "fields": {
            "duct_return_vs_total_return_area_3": 0.0,
            "setback_temperature": 66.0,
            "vent_type": 3,
            "duct_supply_vs_total_supply_area_2": 0.0,
            "duct_supply_vs_total_supply_area_3": 0.0,
            "duct_supply_vs_total_supply_area_1": 100.0,
            "duct_return_vs_total_return_area_2": 0.0,
            "cooling_set_point": 78.0,
            "quantitative_duct_leakage": 100.0,
            "duct_return_vs_total_return_area_1": 100.0,
            "_building_number": 1,
            "quantitative_duct_leakage_units": 2,
            "using_qualitative": 1,
            "setback_thermostat": true,
            "setback_schedule": 0.0,
            "duct_insulation_1": 0.0,
            "duct_insulation_3": 0.0,
            "duct_insulation_2": 0.0,
            "duct_location_1": 0,
            "duct_location_2": 0,
            "duct_location_3": 0,
            "rating_number": "Non-Solar 001",
            "qualitative_duct_leakage_estimate": 2,
            "_source_equipment_number": 1,
            "heating_set_point": 68.0,
            "simulation": 2,
            "_result_number": 1,
            "setup_thermostat": true
        }
    },
    {
        "pk": 3,
        "model": "remrate_data.generalmechanicalequipment",
        "fields": {
            "duct_return_vs_total_return_area_3": 0.0,
            "setback_temperature": 66.0,
            "vent_type": 3,
            "duct_supply_vs_total_supply_area_2": 0.0,
            "duct_supply_vs_total_supply_area_3": 0.0,
            "duct_supply_vs_total_supply_area_1": 100.0,
            "duct_return_vs_total_return_area_2": 0.0,
            "cooling_set_point": 78.0,
            "quantitative_duct_leakage": 100.0,
            "duct_return_vs_total_return_area_1": 100.0,
            "_building_number": 2,
            "quantitative_duct_leakage_units": 2,
            "using_qualitative": 1,
            "setback_thermostat": true,
            "setback_schedule": 0.0,
            "duct_insulation_1": 0.0,
            "duct_insulation_3": 0.0,
            "duct_insulation_2": 0.0,
            "duct_location_1": 0,
            "duct_location_2": 0,
            "duct_location_3": 0,
            "rating_number": "Non-Solar 001",
            "qualitative_duct_leakage_estimate": 2,
            "_source_equipment_number": 2,
            "heating_set_point": 68.0,
            "simulation": 3,
            "_result_number": 2,
            "setup_thermostat": true
        }
    },
    {
        "pk": 4,
        "model": "remrate_data.generalmechanicalequipment",
        "fields": {
            "duct_return_vs_total_return_area_3": 0.0,
            "setback_temperature": 66.0,
            "vent_type": 3,
            "duct_supply_vs_total_supply_area_2": 0.0,
            "duct_supply_vs_total_supply_area_3": 0.0,
            "duct_supply_vs_total_supply_area_1": 100.0,
            "duct_return_vs_total_return_area_2": 0.0,
            "cooling_set_point": 78.0,
            "quantitative_duct_leakage": 100.0,
            "duct_return_vs_total_return_area_1": 100.0,
            "_building_number": 3,
            "quantitative_duct_leakage_units": 2,
            "using_qualitative": 1,
            "setback_thermostat": true,
            "setback_schedule": 0.0,
            "duct_insulation_1": 0.0,
            "duct_insulation_3": 0.0,
            "duct_insulation_2": 0.0,
            "duct_location_1": 0,
            "duct_location_2": 0,
            "duct_location_3": 0,
            "rating_number": "Solar 001",
            "qualitative_duct_leakage_estimate": 2,
            "_source_equipment_number": 3,
            "heating_set_point": 68.0,
            "simulation": 4,
            "_result_number": 3,
            "setup_thermostat": true
        }
    },
    {
        "pk": 5,
        "model": "remrate_data.generalmechanicalequipment",
        "fields": {
            "duct_return_vs_total_return_area_3": 0.0,
            "setback_temperature": 66.0,
            "vent_type": 3,
            "duct_supply_vs_total_supply_area_2": 0.0,
            "duct_supply_vs_total_supply_area_3": 0.0,
            "duct_supply_vs_total_supply_area_1": 100.0,
            "duct_return_vs_total_return_area_2": 0.0,
            "cooling_set_point": 78.0,
            "quantitative_duct_leakage": 100.0,
            "duct_return_vs_total_return_area_1": 100.0,
            "_building_number": 4,
            "quantitative_duct_leakage_units": 2,
            "using_qualitative": 1,
            "setback_thermostat": true,
            "setback_schedule": 0.0,
            "duct_insulation_1": 0.0,
            "duct_insulation_3": 0.0,
            "duct_insulation_2": 0.0,
            "duct_location_1": 0,
            "duct_location_2": 0,
            "duct_location_3": 0,
            "rating_number": "Solar 001",
            "qualitative_duct_leakage_estimate": 2,
            "_source_equipment_number": 4,
            "heating_set_point": 68.0,
            "simulation": 5,
            "_result_number": 4,
            "setup_thermostat": true
        }
    },
    {
        "pk": 6,
        "model": "remrate_data.generalmechanicalequipment",
        "fields": {
            "duct_return_vs_total_return_area_3": 0.0,
            "setback_temperature": 66.0,
            "vent_type": 3,
            "duct_supply_vs_total_supply_area_2": 0.0,
            "duct_supply_vs_total_supply_area_3": 0.0,
            "duct_supply_vs_total_supply_area_1": 100.0,
            "duct_return_vs_total_return_area_2": 0.0,
            "cooling_set_point": 78.0,
            "quantitative_duct_leakage": 100.0,
            "duct_return_vs_total_return_area_1": 100.0,
            "_building_number": 5,
            "quantitative_duct_leakage_units": 2,
            "using_qualitative": 1,
            "setback_thermostat": true,
            "setback_schedule": 0.0,
            "duct_insulation_1": 0.0,
            "duct_insulation_3": 0.0,
            "duct_insulation_2": 0.0,
            "duct_location_1": 0,
            "duct_location_2": 0,
            "duct_location_3": 0,
            "rating_number": "Solar 001",
            "qualitative_duct_leakage_estimate": 2,
            "_source_equipment_number": 5,
            "heating_set_point": 68.0,
            "simulation": 6,
            "_result_number": 5,
            "setup_thermostat": true
        }
    },
    {
        "pk": 7,
        "model": "remrate_data.generalmechanicalequipment",
        "fields": {
            "duct_return_vs_total_return_area_3": 0.0,
            "setback_temperature": 66.0,
            "vent_type": 3,
            "duct_supply_vs_total_supply_area_2": 0.0,
            "duct_supply_vs_total_supply_area_3": 0.0,
            "duct_supply_vs_total_supply_area_1": 100.0,
            "duct_return_vs_total_return_area_2": 0.0,
            "cooling_set_point": 78.0,
            "quantitative_duct_leakage": 100.0,
            "duct_return_vs_total_return_area_1": 100.0,
            "_building_number": 6,
            "quantitative_duct_leakage_units": 2,
            "using_qualitative": 1,
            "setback_thermostat": true,
            "setback_schedule": 0.0,
            "duct_insulation_1": 0.0,
            "duct_insulation_3": 0.0,
            "duct_insulation_2": 0.0,
            "duct_location_1": 0,
            "duct_location_2": 0,
            "duct_location_3": 0,
            "rating_number": "Unrelated",
            "qualitative_duct_leakage_estimate": 2,
            "_source_equipment_number": 6,
            "heating_set_point": 68.0,
            "simulation": 7,
            "_result_number": 6,
            "setup_thermostat": true
        }
    },
    {
        "pk": 1,
        "model": "remrate_data.hotwaterheater",
        "fields": {
            "recovery_efficiency": 0.0,
            "name": "tankless .82",
            "fuel_type": 1,
            "simulation": 1,
            "note": "",
            "_result_number": 0,
            "energy_factor": 0.82,
            "tank_size": 0.0,
            "_source_hot_water_heater_number": 0.0,
            "type": 3,
            "extra_tank_insulation_r_value": 0.0
        }
    },
    {
        "pk": 2,
        "model": "remrate_data.hotwaterheater",
        "fields": {
            "recovery_efficiency": 0.0,
            "name": "tankless .82",
            "fuel_type": 1,
            "simulation": 2,
            "note": "",
            "_result_number": 1,
            "energy_factor": 0.82,
            "tank_size": 0.0,
            "_source_hot_water_heater_number": 1.0,
            "type": 3,
            "extra_tank_insulation_r_value": 0.0
        }
    },
    {
        "pk": 3,
        "model": "remrate_data.hotwaterheater",
        "fields": {
            "recovery_efficiency": 0.79,
            "name": "UDRH",
            "fuel_type": 1,
            "simulation": 3,
            "note": "",
            "_result_number": 2,
            "energy_factor": 0.59,
            "tank_size": 50.0,
            "_source_hot_water_heater_number": 2.0,
            "type": 1,
            "extra_tank_insulation_r_value": 0.0
        }
    },
    {
        "pk": 4,
        "model": "remrate_data.hotwaterheater",
        "fields": {
            "recovery_efficiency": 0.0,
            "name": "tankless .82",
            "fuel_type": 1,
            "simulation": 4,
            "note": "",
            "_result_number": 3,
            "energy_factor": 0.82,
            "tank_size": 0.0,
            "_source_hot_water_heater_number": 3.0,
            "type": 3,
            "extra_tank_insulation_r_value": 0.0
        }
    },
    {
        "pk": 5,
        "model": "remrate_data.hotwaterheater",
        "fields": {
            "recovery_efficiency": 0.79,
            "name": "UDRH",
            "fuel_type": 1,
            "simulation": 5,
            "note": "",
            "_result_number": 4,
            "energy_factor": 0.59,
            "tank_size": 50.0,
            "_source_hot_water_heater_number": 4.0,
            "type": 1,
            "extra_tank_insulation_r_value": 0.0
        }
    },
    {
        "pk": 6,
        "model": "remrate_data.hotwaterheater",
        "fields": {
            "recovery_efficiency": 0.0,
            "name": "tankless .82",
            "fuel_type": 1,
            "simulation": 6,
            "note": "",
            "_result_number": 5,
            "energy_factor": 0.82,
            "tank_size": 0.0,
            "_source_hot_water_heater_number": 5.0,
            "type": 3,
            "extra_tank_insulation_r_value": 0.0
        }
    },
    {
        "pk": 7,
        "model": "remrate_data.hotwaterheater",
        "fields": {
            "recovery_efficiency": 0.0,
            "name": "tankless .82",
            "fuel_type": 1,
            "simulation": 7,
            "note": "",
            "_result_number": 6,
            "energy_factor": 0.82,
            "tank_size": 0.0,
            "_source_hot_water_heater_number": 6.0,
            "type": 3,
            "extra_tank_insulation_r_value": 0.0
        }
    },
    {
        "pk": 1,
        "model": "remrate_data.airconditioner",
        "fields": {
            "_source_air_conditioner_number": 0.0,
            "output_capacity": 48.0,
            "name": "ACC, 48K, 13 SEER",
            "fan_electric_default": false,
            "pump_energy_units": 1,
            "sensible_heat_fraction": 0.7,
            "fuel_type": 4,
            "efficiency_unit": 1,
            "is_desuperheater": false,
            "simulation": 1,
            "note": "",
            "efficiency": 13.0,
            "_result_number": 0,
            "fan_control_type": 1,
            "fan_power": 0.0,
            "fan_defaults": false,
            "fan_high_speed": 1100.0,
            "pump_energy": 0.0,
            "type": 1,
            "fan_low_speed": 0.0
        }
    },
    {
        "pk": 2,
        "model": "remrate_data.airconditioner",
        "fields": {
            "_source_air_conditioner_number": 1.0,
            "output_capacity": 48.0,
            "name": "ACC, 48K, 13 SEER",
            "fan_electric_default": false,
            "pump_energy_units": 1,
            "sensible_heat_fraction": 0.7,
            "fuel_type": 4,
            "efficiency_unit": 1,
            "is_desuperheater": false,
            "simulation": 2,
            "note": "",
            "efficiency": 13.0,
            "_result_number": 1,
            "fan_control_type": 1,
            "fan_power": 0.0,
            "fan_defaults": false,
            "fan_high_speed": 1100.0,
            "pump_energy": 0.0,
            "type": 1,
            "fan_low_speed": 0.0
        }
    },
    {
        "pk": 3,
        "model": "remrate_data.airconditioner",
        "fields": {
            "_source_air_conditioner_number": 2.0,
            "output_capacity": 48.0,
            "name": "UDRH",
            "fan_electric_default": false,
            "pump_energy_units": 0,
            "sensible_heat_fraction": 0.7,
            "fuel_type": 4,
            "efficiency_unit": 1,
            "is_desuperheater": false,
            "simulation": 3,
            "note": "",
            "efficiency": 13.0,
            "_result_number": 2,
            "fan_control_type": 1,
            "fan_power": 0.0,
            "fan_defaults": false,
            "fan_high_speed": 1100.0,
            "pump_energy": 0.0,
            "type": 1,
            "fan_low_speed": 0.0
        }
    },
    {
        "pk": 4,
        "model": "remrate_data.airconditioner",
        "fields": {
            "_source_air_conditioner_number": 3.0,
            "output_capacity": 48.0,
            "name": "ACC, 48K, 13 SEER",
            "fan_electric_default": false,
            "pump_energy_units": 1,
            "sensible_heat_fraction": 0.7,
            "fuel_type": 4,
            "efficiency_unit": 1,
            "is_desuperheater": false,
            "simulation": 4,
            "note": "",
            "efficiency": 13.0,
            "_result_number": 3,
            "fan_control_type": 1,
            "fan_power": 0.0,
            "fan_defaults": false,
            "fan_high_speed": 1100.0,
            "pump_energy": 0.0,
            "type": 1,
            "fan_low_speed": 0.0
        }
    },
    {
        "pk": 5,
        "model": "remrate_data.airconditioner",
        "fields": {
            "_source_air_conditioner_number": 4.0,
            "output_capacity": 48.0,
            "name": "UDRH",
            "fan_electric_default": false,
            "pump_energy_units": 0,
            "sensible_heat_fraction": 0.7,
            "fuel_type": 4,
            "efficiency_unit": 1,
            "is_desuperheater": false,
            "simulation": 5,
            "note": "",
            "efficiency": 13.0,
            "_result_number": 4,
            "fan_control_type": 1,
            "fan_power": 0.0,
            "fan_defaults": false,
            "fan_high_speed": 1100.0,
            "pump_energy": 0.0,
            "type": 1,
            "fan_low_speed": 0.0
        }
    },
    {
        "pk": 6,
        "model": "remrate_data.airconditioner",
        "fields": {
            "_source_air_conditioner_number": 5.0,
            "output_capacity": 48.0,
            "name": "ACC, 48K, 13 SEER",
            "fan_electric_default": false,
            "pump_energy_units": 1,
            "sensible_heat_fraction": 0.7,
            "fuel_type": 4,
            "efficiency_unit": 1,
            "is_desuperheater": false,
            "simulation": 6,
            "note": "",
            "efficiency": 13.0,
            "_result_number": 5,
            "fan_control_type": 1,
            "fan_power": 0.0,
            "fan_defaults": false,
            "fan_high_speed": 1100.0,
            "pump_energy": 0.0,
            "type": 1,
            "fan_low_speed": 0.0
        }
    },
    {
        "pk": 7,
        "model": "remrate_data.airconditioner",
        "fields": {
            "_source_air_conditioner_number": 6.0,
            "output_capacity": 48.0,
            "name": "ACC, 48K, 13 SEER",
            "fan_electric_default": false,
            "pump_energy_units": 1,
            "sensible_heat_fraction": 0.7,
            "fuel_type": 4,
            "efficiency_unit": 1,
            "is_desuperheater": false,
            "simulation": 7,
            "note": "",
            "efficiency": 13.0,
            "_result_number": 6,
            "fan_control_type": 1,
            "fan_power": 0.0,
            "fan_defaults": false,
            "fan_high_speed": 1100.0,
            "pump_energy": 0.0,
            "type": 1,
            "fan_low_speed": 0.0
        }
    },
    {
        "pk": 1,
        "model": "remrate_data.heater",
        "fields": {
            "output_capacity": 100.0,
            "_source_heater_number": 0.0,
            "is_desuperheater": false,
            "fan_high_speed": 1667.0,
            "fan_low_speed": 0.0,
            "auxiliary_defaults": false,
            "fuel_type": 1,
            "note": null,
            "type": 1,
            "rated_output_capacity_17f": 0.0,
            "auxiliary_electric": 262.0,
            "auxiliary_electric_type": 1,
            "efficiency": 95.0,
            "fan_power": 0.0,
            "pump_energy": 0.0,
            "fan_defaults": true,
            "name": "Gas Furn 95% ECM",
            "pump_energy_units": 1,
            "efficiency_unit": 1,
            "simulation": 1,
            "_result_number": 0,
            "fan_control_type": 1
        }
    },
    {
        "pk": 2,
        "model": "remrate_data.heater",
        "fields": {
            "output_capacity": 100.0,
            "_source_heater_number": 1.0,
            "is_desuperheater": false,
            "fan_high_speed": 1667.0,
            "fan_low_speed": 0.0,
            "auxiliary_defaults": false,
            "fuel_type": 1,
            "note": null,
            "type": 1,
            "rated_output_capacity_17f": 0.0,
            "auxiliary_electric": 262.0,
            "auxiliary_electric_type": 1,
            "efficiency": 95.0,
            "fan_power": 0.0,
            "pump_energy": 0.0,
            "fan_defaults": true,
            "name": "Gas Furn 95% ECM",
            "pump_energy_units": 1,
            "efficiency_unit": 1,
            "simulation": 2,
            "_result_number": 1,
            "fan_control_type": 1
        }
    },
    {
        "pk": 3,
        "model": "remrate_data.heater",
        "fields": {
            "output_capacity": 100.0,
            "_source_heater_number": 2.0,
            "is_desuperheater": false,
            "fan_high_speed": 1667.0,
            "fan_low_speed": 0.0,
            "auxiliary_defaults": false,
            "fuel_type": 1,
            "note": null,
            "type": 1,
            "rated_output_capacity_17f": 0.0,
            "auxiliary_electric": 712.0,
            "auxiliary_electric_type": 1,
            "efficiency": 92.0,
            "fan_power": 0.0,
            "pump_energy": 0.0,
            "fan_defaults": true,
            "name": "UDRH",
            "pump_energy_units": 0,
            "efficiency_unit": 1,
            "simulation": 3,
            "_result_number": 2,
            "fan_control_type": 1
        }
    },
    {
        "pk": 4,
        "model": "remrate_data.heater",
        "fields": {
            "output_capacity": 100.0,
            "_source_heater_number": 3.0,
            "is_desuperheater": false,
            "fan_high_speed": 1667.0,
            "fan_low_speed": 0.0,
            "auxiliary_defaults": false,
            "fuel_type": 1,
            "note": null,
            "type": 1,
            "rated_output_capacity_17f": 0.0,
            "auxiliary_electric": 262.0,
            "auxiliary_electric_type": 1,
            "efficiency": 95.0,
            "fan_power": 0.0,
            "pump_energy": 0.0,
            "fan_defaults": true,
            "name": "Gas Furn 95% ECM",
            "pump_energy_units": 1,
            "efficiency_unit": 1,
            "simulation": 4,
            "_result_number": 3,
            "fan_control_type": 1
        }
    },
    {
        "pk": 5,
        "model": "remrate_data.heater",
        "fields": {
            "output_capacity": 100.0,
            "_source_heater_number": 4.0,
            "is_desuperheater": false,
            "fan_high_speed": 1667.0,
            "fan_low_speed": 0.0,
            "auxiliary_defaults": false,
            "fuel_type": 1,
            "note": null,
            "type": 1,
            "rated_output_capacity_17f": 0.0,
            "auxiliary_electric": 712.0,
            "auxiliary_electric_type": 1,
            "efficiency": 92.0,
            "fan_power": 0.0,
            "pump_energy": 0.0,
            "fan_defaults": true,
            "name": "UDRH",
            "pump_energy_units": 0,
            "efficiency_unit": 1,
            "simulation": 5,
            "_result_number": 4,
            "fan_control_type": 1
        }
    },
    {
        "pk": 6,
        "model": "remrate_data.heater",
        "fields": {
            "output_capacity": 100.0,
            "_source_heater_number": 5.0,
            "is_desuperheater": false,
            "fan_high_speed": 1667.0,
            "fan_low_speed": 0.0,
            "auxiliary_defaults": false,
            "fuel_type": 1,
            "note": null,
            "type": 1,
            "rated_output_capacity_17f": 0.0,
            "auxiliary_electric": 262.0,
            "auxiliary_electric_type": 1,
            "efficiency": 95.0,
            "fan_power": 0.0,
            "pump_energy": 0.0,
            "fan_defaults": true,
            "name": "Gas Furn 95% ECM",
            "pump_energy_units": 1,
            "efficiency_unit": 1,
            "simulation": 6,
            "_result_number": 5,
            "fan_control_type": 1
        }
    },
    {
        "pk": 7,
        "model": "remrate_data.heater",
        "fields": {
            "output_capacity": 100.0,
            "_source_heater_number": 6.0,
            "is_desuperheater": false,
            "fan_high_speed": 1667.0,
            "fan_low_speed": 0.0,
            "auxiliary_defaults": false,
            "fuel_type": 1,
            "note": null,
            "type": 1,
            "rated_output_capacity_17f": 0.0,
            "auxiliary_electric": 262.0,
            "auxiliary_electric_type": 1,
            "efficiency": 95.0,
            "fan_power": 0.0,
            "pump_energy": 0.0,
            "fan_defaults": true,
            "name": "Gas Furn 95% ECM",
            "pump_energy_units": 1,
            "efficiency_unit": 1,
            "simulation": 7,
            "_result_number": 6,
            "fan_control_type": 1
        }
    },
    {
        "pk": 2,
        "model": "remrate_data.installedequipment",
        "fields": {
            "heater": null,
            "_air_conditioner_number": -1,
            "hot_water_heater": 1,
            "_integrated_space_water_heater_number": -1,
            "system_type": 3,
            "_air_source_heat_pump_number": -1,
            "ground_source_heat_pump": null,
            "_building_number": 0,
            "heating_load_served_pct": 0.0,
            "location": 3,
            "air_source_heat_pump": null,
            "air_conditioner_load_served_pct": 0.0,
            "_ground_source_heat_pump_number": -1,
            "_dual_fuel_heat_pump_number": -1,
            "hot_water_heater_load_served_pct": 100.0,
            "integrated_space_water_heater": null,
            "_hot_water_heater_number": 0,
            "building": 1,
            "_source_equipment_number": 1,
            "air_conditioner": null,
            "performance_adjustment_pct": 100.0,
            "simulation": 1,
            "_result_number": 0,
            "dual_fuel_heat_pump": null,
            "qty_installed": 1,
            "_heater_number": -1
        }
    },
    {
        "pk": 3,
        "model": "remrate_data.installedequipment",
        "fields": {
            "heater": null,
            "_air_conditioner_number": 0,
            "hot_water_heater": null,
            "_integrated_space_water_heater_number": -1,
            "system_type": 2,
            "_air_source_heat_pump_number": -1,
            "ground_source_heat_pump": null,
            "_building_number": 0,
            "heating_load_served_pct": 0.0,
            "location": 3,
            "air_source_heat_pump": null,
            "air_conditioner_load_served_pct": 100.0,
            "_ground_source_heat_pump_number": -1,
            "_dual_fuel_heat_pump_number": -1,
            "hot_water_heater_load_served_pct": 0.0,
            "integrated_space_water_heater": null,
            "_hot_water_heater_number": -1,
            "building": 1,
            "_source_equipment_number": 2,
            "air_conditioner": 1,
            "performance_adjustment_pct": 100.0,
            "simulation": 1,
            "_result_number": 0,
            "dual_fuel_heat_pump": null,
            "qty_installed": 1,
            "_heater_number": -1
        }
    },
    {
        "pk": 1,
        "model": "remrate_data.installedequipment",
        "fields": {
            "heater": 1,
            "_air_conditioner_number": -1,
            "hot_water_heater": null,
            "_integrated_space_water_heater_number": -1,
            "system_type": 1,
            "_air_source_heat_pump_number": -1,
            "ground_source_heat_pump": null,
            "_building_number": 0,
            "heating_load_served_pct": 100.0,
            "location": 3,
            "air_source_heat_pump": null,
            "air_conditioner_load_served_pct": 0.0,
            "_ground_source_heat_pump_number": -1,
            "_dual_fuel_heat_pump_number": -1,
            "hot_water_heater_load_served_pct": 0.0,
            "integrated_space_water_heater": null,
            "_hot_water_heater_number": -1,
            "building": 1,
            "_source_equipment_number": 0,
            "air_conditioner": null,
            "performance_adjustment_pct": 100.0,
            "simulation": 1,
            "_result_number": 0,
            "dual_fuel_heat_pump": null,
            "qty_installed": 1,
            "_heater_number": 0
        }
    },
    {
        "pk": 5,
        "model": "remrate_data.installedequipment",
        "fields": {
            "heater": null,
            "_air_conditioner_number": -1,
            "hot_water_heater": 2,
            "_integrated_space_water_heater_number": -1,
            "system_type": 3,
            "_air_source_heat_pump_number": -1,
            "ground_source_heat_pump": null,
            "_building_number": 1,
            "heating_load_served_pct": 0.0,
            "location": 3,
            "air_source_heat_pump": null,
            "air_conditioner_load_served_pct": 0.0,
            "_ground_source_heat_pump_number": -1,
            "_dual_fuel_heat_pump_number": -1,
            "hot_water_heater_load_served_pct": 100.0,
            "integrated_space_water_heater": null,
            "_hot_water_heater_number": 1,
            "building": 2,
            "_source_equipment_number": 4,
            "air_conditioner": null,
            "performance_adjustment_pct": 100.0,
            "simulation": 2,
            "_result_number": 1,
            "dual_fuel_heat_pump": null,
            "qty_installed": 1,
            "_heater_number": -1
        }
    },
    {
        "pk": 6,
        "model": "remrate_data.installedequipment",
        "fields": {
            "heater": null,
            "_air_conditioner_number": 1,
            "hot_water_heater": null,
            "_integrated_space_water_heater_number": -1,
            "system_type": 2,
            "_air_source_heat_pump_number": -1,
            "ground_source_heat_pump": null,
            "_building_number": 1,
            "heating_load_served_pct": 0.0,
            "location": 3,
            "air_source_heat_pump": null,
            "air_conditioner_load_served_pct": 100.0,
            "_ground_source_heat_pump_number": -1,
            "_dual_fuel_heat_pump_number": -1,
            "hot_water_heater_load_served_pct": 0.0,
            "integrated_space_water_heater": null,
            "_hot_water_heater_number": -1,
            "building": 2,
            "_source_equipment_number": 5,
            "air_conditioner": 2,
            "performance_adjustment_pct": 100.0,
            "simulation": 2,
            "_result_number": 1,
            "dual_fuel_heat_pump": null,
            "qty_installed": 1,
            "_heater_number": -1
        }
    },
    {
        "pk": 4,
        "model": "remrate_data.installedequipment",
        "fields": {
            "heater": 2,
            "_air_conditioner_number": -1,
            "hot_water_heater": null,
            "_integrated_space_water_heater_number": -1,
            "system_type": 1,
            "_air_source_heat_pump_number": -1,
            "ground_source_heat_pump": null,
            "_building_number": 1,
            "heating_load_served_pct": 100.0,
            "location": 3,
            "air_source_heat_pump": null,
            "air_conditioner_load_served_pct": 0.0,
            "_ground_source_heat_pump_number": -1,
            "_dual_fuel_heat_pump_number": -1,
            "hot_water_heater_load_served_pct": 0.0,
            "integrated_space_water_heater": null,
            "_hot_water_heater_number": -1,
            "building": 2,
            "_source_equipment_number": 3,
            "air_conditioner": null,
            "performance_adjustment_pct": 100.0,
            "simulation": 2,
            "_result_number": 1,
            "dual_fuel_heat_pump": null,
            "qty_installed": 1,
            "_heater_number": 1
        }
    },
    {
        "pk": 8,
        "model": "remrate_data.installedequipment",
        "fields": {
            "heater": null,
            "_air_conditioner_number": -1,
            "hot_water_heater": 3,
            "_integrated_space_water_heater_number": -1,
            "system_type": 3,
            "_air_source_heat_pump_number": -1,
            "ground_source_heat_pump": null,
            "_building_number": 2,
            "heating_load_served_pct": 0.0,
            "location": 5,
            "air_source_heat_pump": null,
            "air_conditioner_load_served_pct": 0.0,
            "_ground_source_heat_pump_number": -1,
            "_dual_fuel_heat_pump_number": -1,
            "hot_water_heater_load_served_pct": 100.0,
            "integrated_space_water_heater": null,
            "_hot_water_heater_number": 2,
            "building": 3,
            "_source_equipment_number": 7,
            "air_conditioner": null,
            "performance_adjustment_pct": 100.0,
            "simulation": 3,
            "_result_number": 2,
            "dual_fuel_heat_pump": null,
            "qty_installed": 1,
            "_heater_number": -1
        }
    },
    {
        "pk": 9,
        "model": "remrate_data.installedequipment",
        "fields": {
            "heater": null,
            "_air_conditioner_number": 2,
            "hot_water_heater": null,
            "_integrated_space_water_heater_number": -1,
            "system_type": 2,
            "_air_source_heat_pump_number": -1,
            "ground_source_heat_pump": null,
            "_building_number": 2,
            "heating_load_served_pct": 0.0,
            "location": 5,
            "air_source_heat_pump": null,
            "air_conditioner_load_served_pct": 100.0,
            "_ground_source_heat_pump_number": -1,
            "_dual_fuel_heat_pump_number": -1,
            "hot_water_heater_load_served_pct": 0.0,
            "integrated_space_water_heater": null,
            "_hot_water_heater_number": -1,
            "building": 3,
            "_source_equipment_number": 8,
            "air_conditioner": 3,
            "performance_adjustment_pct": 100.0,
            "simulation": 3,
            "_result_number": 2,
            "dual_fuel_heat_pump": null,
            "qty_installed": 1,
            "_heater_number": -1
        }
    },
    {
        "pk": 7,
        "model": "remrate_data.installedequipment",
        "fields": {
            "heater": 3,
            "_air_conditioner_number": -1,
            "hot_water_heater": null,
            "_integrated_space_water_heater_number": -1,
            "system_type": 1,
            "_air_source_heat_pump_number": -1,
            "ground_source_heat_pump": null,
            "_building_number": 2,
            "heating_load_served_pct": 100.0,
            "location": 5,
            "air_source_heat_pump": null,
            "air_conditioner_load_served_pct": 0.0,
            "_ground_source_heat_pump_number": -1,
            "_dual_fuel_heat_pump_number": -1,
            "hot_water_heater_load_served_pct": 0.0,
            "integrated_space_water_heater": null,
            "_hot_water_heater_number": -1,
            "building": 3,
            "_source_equipment_number": 6,
            "air_conditioner": null,
            "performance_adjustment_pct": 100.0,
            "simulation": 3,
            "_result_number": 2,
            "dual_fuel_heat_pump": null,
            "qty_installed": 1,
            "_heater_number": 2
        }
    },
    {
        "pk": 11,
        "model": "remrate_data.installedequipment",
        "fields": {
            "heater": null,
            "_air_conditioner_number": -1,
            "hot_water_heater": 4,
            "_integrated_space_water_heater_number": -1,
            "system_type": 3,
            "_air_source_heat_pump_number": -1,
            "ground_source_heat_pump": null,
            "_building_number": 3,
            "heating_load_served_pct": 0.0,
            "location": 3,
            "air_source_heat_pump": null,
            "air_conditioner_load_served_pct": 0.0,
            "_ground_source_heat_pump_number": -1,
            "_dual_fuel_heat_pump_number": -1,
            "hot_water_heater_load_served_pct": 100.0,
            "integrated_space_water_heater": null,
            "_hot_water_heater_number": 3,
            "building": 4,
            "_source_equipment_number": 10,
            "air_conditioner": null,
            "performance_adjustment_pct": 100.0,
            "simulation": 4,
            "_result_number": 3,
            "dual_fuel_heat_pump": null,
            "qty_installed": 1,
            "_heater_number": -1
        }
    },
    {
        "pk": 12,
        "model": "remrate_data.installedequipment",
        "fields": {
            "heater": null,
            "_air_conditioner_number": 3,
            "hot_water_heater": null,
            "_integrated_space_water_heater_number": -1,
            "system_type": 2,
            "_air_source_heat_pump_number": -1,
            "ground_source_heat_pump": null,
            "_building_number": 3,
            "heating_load_served_pct": 0.0,
            "location": 3,
            "air_source_heat_pump": null,
            "air_conditioner_load_served_pct": 100.0,
            "_ground_source_heat_pump_number": -1,
            "_dual_fuel_heat_pump_number": -1,
            "hot_water_heater_load_served_pct": 0.0,
            "integrated_space_water_heater": null,
            "_hot_water_heater_number": -1,
            "building": 4,
            "_source_equipment_number": 11,
            "air_conditioner": 4,
            "performance_adjustment_pct": 100.0,
            "simulation": 4,
            "_result_number": 3,
            "dual_fuel_heat_pump": null,
            "qty_installed": 1,
            "_heater_number": -1
        }
    },
    {
        "pk": 10,
        "model": "remrate_data.installedequipment",
        "fields": {
            "heater": 4,
            "_air_conditioner_number": -1,
            "hot_water_heater": null,
            "_integrated_space_water_heater_number": -1,
            "system_type": 1,
            "_air_source_heat_pump_number": -1,
            "ground_source_heat_pump": null,
            "_building_number": 3,
            "heating_load_served_pct": 100.0,
            "location": 3,
            "air_source_heat_pump": null,
            "air_conditioner_load_served_pct": 0.0,
            "_ground_source_heat_pump_number": -1,
            "_dual_fuel_heat_pump_number": -1,
            "hot_water_heater_load_served_pct": 0.0,
            "integrated_space_water_heater": null,
            "_hot_water_heater_number": -1,
            "building": 4,
            "_source_equipment_number": 9,
            "air_conditioner": null,
            "performance_adjustment_pct": 100.0,
            "simulation": 4,
            "_result_number": 3,
            "dual_fuel_heat_pump": null,
            "qty_installed": 1,
            "_heater_number": 3
        }
    },
    {
        "pk": 14,
        "model": "remrate_data.installedequipment",
        "fields": {
            "heater": null,
            "_air_conditioner_number": -1,
            "hot_water_heater": 5,
            "_integrated_space_water_heater_number": -1,
            "system_type": 3,
            "_air_source_heat_pump_number": -1,
            "ground_source_heat_pump": null,
            "_building_number": 4,
            "heating_load_served_pct": 0.0,
            "location": 5,
            "air_source_heat_pump": null,
            "air_conditioner_load_served_pct": 0.0,
            "_ground_source_heat_pump_number": -1,
            "_dual_fuel_heat_pump_number": -1,
            "hot_water_heater_load_served_pct": 100.0,
            "integrated_space_water_heater": null,
            "_hot_water_heater_number": 4,
            "building": 5,
            "_source_equipment_number": 13,
            "air_conditioner": null,
            "performance_adjustment_pct": 100.0,
            "simulation": 5,
            "_result_number": 4,
            "dual_fuel_heat_pump": null,
            "qty_installed": 1,
            "_heater_number": -1
        }
    },
    {
        "pk": 15,
        "model": "remrate_data.installedequipment",
        "fields": {
            "heater": null,
            "_air_conditioner_number": 4,
            "hot_water_heater": null,
            "_integrated_space_water_heater_number": -1,
            "system_type": 2,
            "_air_source_heat_pump_number": -1,
            "ground_source_heat_pump": null,
            "_building_number": 4,
            "heating_load_served_pct": 0.0,
            "location": 5,
            "air_source_heat_pump": null,
            "air_conditioner_load_served_pct": 100.0,
            "_ground_source_heat_pump_number": -1,
            "_dual_fuel_heat_pump_number": -1,
            "hot_water_heater_load_served_pct": 0.0,
            "integrated_space_water_heater": null,
            "_hot_water_heater_number": -1,
            "building": 5,
            "_source_equipment_number": 14,
            "air_conditioner": 5,
            "performance_adjustment_pct": 100.0,
            "simulation": 5,
            "_result_number": 4,
            "dual_fuel_heat_pump": null,
            "qty_installed": 1,
            "_heater_number": -1
        }
    },
    {
        "pk": 13,
        "model": "remrate_data.installedequipment",
        "fields": {
            "heater": 5,
            "_air_conditioner_number": -1,
            "hot_water_heater": null,
            "_integrated_space_water_heater_number": -1,
            "system_type": 1,
            "_air_source_heat_pump_number": -1,
            "ground_source_heat_pump": null,
            "_building_number": 4,
            "heating_load_served_pct": 100.0,
            "location": 5,
            "air_source_heat_pump": null,
            "air_conditioner_load_served_pct": 0.0,
            "_ground_source_heat_pump_number": -1,
            "_dual_fuel_heat_pump_number": -1,
            "hot_water_heater_load_served_pct": 0.0,
            "integrated_space_water_heater": null,
            "_hot_water_heater_number": -1,
            "building": 5,
            "_source_equipment_number": 12,
            "air_conditioner": null,
            "performance_adjustment_pct": 100.0,
            "simulation": 5,
            "_result_number": 4,
            "dual_fuel_heat_pump": null,
            "qty_installed": 1,
            "_heater_number": 4
        }
    },
    {
        "pk": 17,
        "model": "remrate_data.installedequipment",
        "fields": {
            "heater": null,
            "_air_conditioner_number": -1,
            "hot_water_heater": 6,
            "_integrated_space_water_heater_number": -1,
            "system_type": 3,
            "_air_source_heat_pump_number": -1,
            "ground_source_heat_pump": null,
            "_building_number": 5,
            "heating_load_served_pct": 0.0,
            "location": 3,
            "air_source_heat_pump": null,
            "air_conditioner_load_served_pct": 0.0,
            "_ground_source_heat_pump_number": -1,
            "_dual_fuel_heat_pump_number": -1,
            "hot_water_heater_load_served_pct": 100.0,
            "integrated_space_water_heater": null,
            "_hot_water_heater_number": 5,
            "building": 6,
            "_source_equipment_number": 16,
            "air_conditioner": null,
            "performance_adjustment_pct": 100.0,
            "simulation": 6,
            "_result_number": 5,
            "dual_fuel_heat_pump": null,
            "qty_installed": 1,
            "_heater_number": -1
        }
    },
    {
        "pk": 18,
        "model": "remrate_data.installedequipment",
        "fields": {
            "heater": null,
            "_air_conditioner_number": 5,
            "hot_water_heater": null,
            "_integrated_space_water_heater_number": -1,
            "system_type": 2,
            "_air_source_heat_pump_number": -1,
            "ground_source_heat_pump": null,
            "_building_number": 5,
            "heating_load_served_pct": 0.0,
            "location": 3,
            "air_source_heat_pump": null,
            "air_conditioner_load_served_pct": 100.0,
            "_ground_source_heat_pump_number": -1,
            "_dual_fuel_heat_pump_number": -1,
            "hot_water_heater_load_served_pct": 0.0,
            "integrated_space_water_heater": null,
            "_hot_water_heater_number": -1,
            "building": 6,
            "_source_equipment_number": 17,
            "air_conditioner": 6,
            "performance_adjustment_pct": 100.0,
            "simulation": 6,
            "_result_number": 5,
            "dual_fuel_heat_pump": null,
            "qty_installed": 1,
            "_heater_number": -1
        }
    },
    {
        "pk": 16,
        "model": "remrate_data.installedequipment",
        "fields": {
            "heater": 6,
            "_air_conditioner_number": -1,
            "hot_water_heater": null,
            "_integrated_space_water_heater_number": -1,
            "system_type": 1,
            "_air_source_heat_pump_number": -1,
            "ground_source_heat_pump": null,
            "_building_number": 5,
            "heating_load_served_pct": 100.0,
            "location": 3,
            "air_source_heat_pump": null,
            "air_conditioner_load_served_pct": 0.0,
            "_ground_source_heat_pump_number": -1,
            "_dual_fuel_heat_pump_number": -1,
            "hot_water_heater_load_served_pct": 0.0,
            "integrated_space_water_heater": null,
            "_hot_water_heater_number": -1,
            "building": 6,
            "_source_equipment_number": 15,
            "air_conditioner": null,
            "performance_adjustment_pct": 100.0,
            "simulation": 6,
            "_result_number": 5,
            "dual_fuel_heat_pump": null,
            "qty_installed": 1,
            "_heater_number": 5
        }
    },
    {
        "pk": 20,
        "model": "remrate_data.installedequipment",
        "fields": {
            "heater": null,
            "_air_conditioner_number": -1,
            "hot_water_heater": 7,
            "_integrated_space_water_heater_number": -1,
            "system_type": 3,
            "_air_source_heat_pump_number": -1,
            "ground_source_heat_pump": null,
            "_building_number": 6,
            "heating_load_served_pct": 0.0,
            "location": 3,
            "air_source_heat_pump": null,
            "air_conditioner_load_served_pct": 0.0,
            "_ground_source_heat_pump_number": -1,
            "_dual_fuel_heat_pump_number": -1,
            "hot_water_heater_load_served_pct": 100.0,
            "integrated_space_water_heater": null,
            "_hot_water_heater_number": 6,
            "building": 7,
            "_source_equipment_number": 19,
            "air_conditioner": null,
            "performance_adjustment_pct": 100.0,
            "simulation": 7,
            "_result_number": 6,
            "dual_fuel_heat_pump": null,
            "qty_installed": 1,
            "_heater_number": -1
        }
    },
    {
        "pk": 21,
        "model": "remrate_data.installedequipment",
        "fields": {
            "heater": null,
            "_air_conditioner_number": 6,
            "hot_water_heater": null,
            "_integrated_space_water_heater_number": -1,
            "system_type": 2,
            "_air_source_heat_pump_number": -1,
            "ground_source_heat_pump": null,
            "_building_number": 6,
            "heating_load_served_pct": 0.0,
            "location": 3,
            "air_source_heat_pump": null,
            "air_conditioner_load_served_pct": 100.0,
            "_ground_source_heat_pump_number": -1,
            "_dual_fuel_heat_pump_number": -1,
            "hot_water_heater_load_served_pct": 0.0,
            "integrated_space_water_heater": null,
            "_hot_water_heater_number": -1,
            "building": 7,
            "_source_equipment_number": 20,
            "air_conditioner": 7,
            "performance_adjustment_pct": 100.0,
            "simulation": 7,
            "_result_number": 6,
            "dual_fuel_heat_pump": null,
            "qty_installed": 1,
            "_heater_number": -1
        }
    },
    {
        "pk": 19,
        "model": "remrate_data.installedequipment",
        "fields": {
            "heater": 7,
            "_air_conditioner_number": -1,
            "hot_water_heater": null,
            "_integrated_space_water_heater_number": -1,
            "system_type": 1,
            "_air_source_heat_pump_number": -1,
            "ground_source_heat_pump": null,
            "_building_number": 6,
            "heating_load_served_pct": 100.0,
            "location": 3,
            "air_source_heat_pump": null,
            "air_conditioner_load_served_pct": 0.0,
            "_ground_source_heat_pump_number": -1,
            "_dual_fuel_heat_pump_number": -1,
            "hot_water_heater_load_served_pct": 0.0,
            "integrated_space_water_heater": null,
            "_hot_water_heater_number": -1,
            "building": 7,
            "_source_equipment_number": 18,
            "air_conditioner": null,
            "performance_adjustment_pct": 100.0,
            "simulation": 7,
            "_result_number": 6,
            "dual_fuel_heat_pump": null,
            "qty_installed": 1,
            "_heater_number": 6
        }
    },
    {
        "pk": 1,
        "model": "remrate_data.ductsystem",
        "fields": {
            "heating_equipment_number": 0,
            "leakage_estimate": 2,
            "supply_area": 445.5,
            "leakage_unit": 11,
            "total_real_leakage_unit": 11,
            "rating_number": "Non-Solar 001",
            "cooling_equipment_number": 2,
            "return_area": 82.5,
            "_building_number": 0,
            "total_real_leakage": 0.0,
            "leakage_type": 2,
            "_source_duct_system_number": 0,
            "return_leakage": 0.0228,
            "supply_leakage": 0.0152,
            "leakage_test_exemption": false,
            "conditioned_floor_area": 2200.0,
            "leakage_tightness_test": 1,
            "number_of_return_registers": 1,
            "building": 1,
            "name": "ducts",
            "total_leakage": 0.038,
            "simulation": 1,
            "_result_number": 0
        }
    },
    {
        "pk": 2,
        "model": "remrate_data.ductsystem",
        "fields": {
            "heating_equipment_number": 0,
            "leakage_estimate": 2,
            "supply_area": 445.5,
            "leakage_unit": 11,
            "total_real_leakage_unit": 11,
            "rating_number": "Non-Solar 001",
            "cooling_equipment_number": 2,
            "return_area": 82.5,
            "_building_number": 1,
            "total_real_leakage": 0.0,
            "leakage_type": 2,
            "_source_duct_system_number": 1,
            "return_leakage": 0.0228,
            "supply_leakage": 0.0152,
            "leakage_test_exemption": false,
            "conditioned_floor_area": 2200.0,
            "leakage_tightness_test": 1,
            "number_of_return_registers": 1,
            "building": 2,
            "name": "ducts",
            "total_leakage": 0.038,
            "simulation": 2,
            "_result_number": 1
        }
    },
    {
        "pk": 3,
        "model": "remrate_data.ductsystem",
        "fields": {
            "heating_equipment_number": 0,
            "leakage_estimate": 2,
            "supply_area": 445.5,
            "leakage_unit": 11,
            "total_real_leakage_unit": 11,
            "rating_number": "Non-Solar 001",
            "cooling_equipment_number": 2,
            "return_area": 82.5,
            "_building_number": 2,
            "total_real_leakage": 0.0,
            "leakage_type": 2,
            "_source_duct_system_number": 2,
            "return_leakage": 0.02292,
            "supply_leakage": 0.01528,
            "leakage_test_exemption": false,
            "conditioned_floor_area": 2200.0,
            "leakage_tightness_test": 1,
            "number_of_return_registers": 1,
            "building": 3,
            "name": "ducts",
            "total_leakage": 0.0382,
            "simulation": 3,
            "_result_number": 2
        }
    },
    {
        "pk": 4,
        "model": "remrate_data.ductsystem",
        "fields": {
            "heating_equipment_number": 0,
            "leakage_estimate": 2,
            "supply_area": 445.5,
            "leakage_unit": 11,
            "total_real_leakage_unit": 11,
            "rating_number": "Solar 001",
            "cooling_equipment_number": 2,
            "return_area": 82.5,
            "_building_number": 3,
            "total_real_leakage": 0.0,
            "leakage_type": 2,
            "_source_duct_system_number": 3,
            "return_leakage": 0.0228,
            "supply_leakage": 0.0152,
            "leakage_test_exemption": false,
            "conditioned_floor_area": 2200.0,
            "leakage_tightness_test": 1,
            "number_of_return_registers": 1,
            "building": 4,
            "name": "ducts",
            "total_leakage": 0.038,
            "simulation": 4,
            "_result_number": 3
        }
    },
    {
        "pk": 5,
        "model": "remrate_data.ductsystem",
        "fields": {
            "heating_equipment_number": 0,
            "leakage_estimate": 2,
            "supply_area": 445.5,
            "leakage_unit": 11,
            "total_real_leakage_unit": 11,
            "rating_number": "Solar 001",
            "cooling_equipment_number": 2,
            "return_area": 82.5,
            "_building_number": 4,
            "total_real_leakage": 0.0,
            "leakage_type": 2,
            "_source_duct_system_number": 4,
            "return_leakage": 0.02292,
            "supply_leakage": 0.01528,
            "leakage_test_exemption": false,
            "conditioned_floor_area": 2200.0,
            "leakage_tightness_test": 1,
            "number_of_return_registers": 1,
            "building": 5,
            "name": "ducts",
            "total_leakage": 0.0382,
            "simulation": 5,
            "_result_number": 4
        }
    },
    {
        "pk": 6,
        "model": "remrate_data.ductsystem",
        "fields": {
            "heating_equipment_number": 0,
            "leakage_estimate": 2,
            "supply_area": 445.5,
            "leakage_unit": 11,
            "total_real_leakage_unit": 11,
            "rating_number": "Solar 001",
            "cooling_equipment_number": 2,
            "return_area": 82.5,
            "_building_number": 5,
            "total_real_leakage": 0.0,
            "leakage_type": 2,
            "_source_duct_system_number": 5,
            "return_leakage": 0.0228,
            "supply_leakage": 0.0152,
            "leakage_test_exemption": false,
            "conditioned_floor_area": 2200.0,
            "leakage_tightness_test": 1,
            "number_of_return_registers": 1,
            "building": 6,
            "name": "ducts",
            "total_leakage": 0.038,
            "simulation": 6,
            "_result_number": 5
        }
    },
    {
        "pk": 7,
        "model": "remrate_data.ductsystem",
        "fields": {
            "heating_equipment_number": 0,
            "leakage_estimate": 2,
            "supply_area": 445.5,
            "leakage_unit": 11,
            "total_real_leakage_unit": 11,
            "rating_number": "Unrelated",
            "cooling_equipment_number": 2,
            "return_area": 82.5,
            "_building_number": 6,
            "total_real_leakage": 0.0,
            "leakage_type": 2,
            "_source_duct_system_number": 6,
            "return_leakage": 0.0228,
            "supply_leakage": 0.0152,
            "leakage_test_exemption": false,
            "conditioned_floor_area": 2200.0,
            "leakage_tightness_test": 1,
            "number_of_return_registers": 1,
            "building": 7,
            "name": "ducts",
            "total_leakage": 0.038,
            "simulation": 7,
            "_result_number": 6
        }
    },
    {
        "pk": 1,
        "model": "remrate_data.duct",
        "fields": {
            "building": 1,
            "rating_number": "Non-Solar 001",
            "area": 50.0,
            "simulation": 1,
            "_duct_system_number": 0,
            "_building_number": 0,
            "_result_number": 0,
            "location": 2,
            "r_value": 8.0,
            "duct_system": 1,
            "type": 1
        }
    },
    {
        "pk": 2,
        "model": "remrate_data.duct",
        "fields": {
            "building": 1,
            "rating_number": "Non-Solar 001",
            "area": 50.0,
            "simulation": 1,
            "_duct_system_number": 0,
            "_building_number": 0,
            "_result_number": 0,
            "location": 7,
            "r_value": 8.0,
            "duct_system": 1,
            "type": 1
        }
    },
    {
        "pk": 3,
        "model": "remrate_data.duct",
        "fields": {
            "building": 1,
            "rating_number": "Non-Solar 001",
            "area": 100.0,
            "simulation": 1,
            "_duct_system_number": 0,
            "_building_number": 0,
            "_result_number": 0,
            "location": 7,
            "r_value": 8.0,
            "duct_system": 1,
            "type": 2
        }
    },
    {
        "pk": 4,
        "model": "remrate_data.duct",
        "fields": {
            "building": 2,
            "rating_number": "Non-Solar 001",
            "area": 50.0,
            "simulation": 2,
            "_duct_system_number": 1,
            "_building_number": 1,
            "_result_number": 1,
            "location": 2,
            "r_value": 8.0,
            "duct_system": 2,
            "type": 1
        }
    },
    {
        "pk": 5,
        "model": "remrate_data.duct",
        "fields": {
            "building": 2,
            "rating_number": "Non-Solar 001",
            "area": 50.0,
            "simulation": 2,
            "_duct_system_number": 1,
            "_building_number": 1,
            "_result_number": 1,
            "location": 7,
            "r_value": 8.0,
            "duct_system": 2,
            "type": 1
        }
    },
    {
        "pk": 6,
        "model": "remrate_data.duct",
        "fields": {
            "building": 2,
            "rating_number": "Non-Solar 001",
            "area": 100.0,
            "simulation": 2,
            "_duct_system_number": 1,
            "_building_number": 1,
            "_result_number": 1,
            "location": 7,
            "r_value": 8.0,
            "duct_system": 2,
            "type": 2
        }
    },
    {
        "pk": 7,
        "model": "remrate_data.duct",
        "fields": {
            "building": 3,
            "rating_number": "Non-Solar 001",
            "area": 50.0,
            "simulation": 3,
            "_duct_system_number": 2,
            "_building_number": 2,
            "_result_number": 2,
            "location": 2,
            "r_value": 8.0,
            "duct_system": 3,
            "type": 1
        }
    },
    {
        "pk": 8,
        "model": "remrate_data.duct",
        "fields": {
            "building": 3,
            "rating_number": "Non-Solar 001",
            "area": 50.0,
            "simulation": 3,
            "_duct_system_number": 2,
            "_building_number": 2,
            "_result_number": 2,
            "location": 7,
            "r_value": 8.0,
            "duct_system": 3,
            "type": 1
        }
    },
    {
        "pk": 9,
        "model": "remrate_data.duct",
        "fields": {
            "building": 3,
            "rating_number": "Non-Solar 001",
            "area": 100.0,
            "simulation": 3,
            "_duct_system_number": 2,
            "_building_number": 2,
            "_result_number": 2,
            "location": 7,
            "r_value": 8.0,
            "duct_system": 3,
            "type": 2
        }
    },
    {
        "pk": 10,
        "model": "remrate_data.duct",
        "fields": {
            "building": 4,
            "rating_number": "Solar 001",
            "area": 50.0,
            "simulation": 4,
            "_duct_system_number": 3,
            "_building_number": 3,
            "_result_number": 3,
            "location": 2,
            "r_value": 8.0,
            "duct_system": 4,
            "type": 1
        }
    },
    {
        "pk": 11,
        "model": "remrate_data.duct",
        "fields": {
            "building": 4,
            "rating_number": "Solar 001",
            "area": 50.0,
            "simulation": 4,
            "_duct_system_number": 3,
            "_building_number": 3,
            "_result_number": 3,
            "location": 7,
            "r_value": 8.0,
            "duct_system": 4,
            "type": 1
        }
    },
    {
        "pk": 12,
        "model": "remrate_data.duct",
        "fields": {
            "building": 4,
            "rating_number": "Solar 001",
            "area": 100.0,
            "simulation": 4,
            "_duct_system_number": 3,
            "_building_number": 3,
            "_result_number": 3,
            "location": 7,
            "r_value": 8.0,
            "duct_system": 4,
            "type": 2
        }
    },
    {
        "pk": 13,
        "model": "remrate_data.duct",
        "fields": {
            "building": 5,
            "rating_number": "Solar 001",
            "area": 50.0,
            "simulation": 5,
            "_duct_system_number": 4,
            "_building_number": 4,
            "_result_number": 4,
            "location": 2,
            "r_value": 8.0,
            "duct_system": 5,
            "type": 1
        }
    },
    {
        "pk": 14,
        "model": "remrate_data.duct",
        "fields": {
            "building": 5,
            "rating_number": "Solar 001",
            "area": 50.0,
            "simulation": 5,
            "_duct_system_number": 4,
            "_building_number": 4,
            "_result_number": 4,
            "location": 7,
            "r_value": 8.0,
            "duct_system": 5,
            "type": 1
        }
    },
    {
        "pk": 15,
        "model": "remrate_data.duct",
        "fields": {
            "building": 5,
            "rating_number": "Solar 001",
            "area": 100.0,
            "simulation": 5,
            "_duct_system_number": 4,
            "_building_number": 4,
            "_result_number": 4,
            "location": 7,
            "r_value": 8.0,
            "duct_system": 5,
            "type": 2
        }
    },
    {
        "pk": 16,
        "model": "remrate_data.duct",
        "fields": {
            "building": 6,
            "rating_number": "Solar 001",
            "area": 50.0,
            "simulation": 6,
            "_duct_system_number": 5,
            "_building_number": 5,
            "_result_number": 5,
            "location": 2,
            "r_value": 8.0,
            "duct_system": 6,
            "type": 1
        }
    },
    {
        "pk": 17,
        "model": "remrate_data.duct",
        "fields": {
            "building": 6,
            "rating_number": "Solar 001",
            "area": 50.0,
            "simulation": 6,
            "_duct_system_number": 5,
            "_building_number": 5,
            "_result_number": 5,
            "location": 7,
            "r_value": 8.0,
            "duct_system": 6,
            "type": 1
        }
    },
    {
        "pk": 18,
        "model": "remrate_data.duct",
        "fields": {
            "building": 6,
            "rating_number": "Solar 001",
            "area": 100.0,
            "simulation": 6,
            "_duct_system_number": 5,
            "_building_number": 5,
            "_result_number": 5,
            "location": 7,
            "r_value": 8.0,
            "duct_system": 6,
            "type": 2
        }
    },
    {
        "pk": 19,
        "model": "remrate_data.duct",
        "fields": {
            "building": 7,
            "rating_number": "Unrelated",
            "area": 50.0,
            "simulation": 7,
            "_duct_system_number": 6,
            "_building_number": 6,
            "_result_number": 6,
            "location": 2,
            "r_value": 8.0,
            "duct_system": 7,
            "type": 1
        }
    },
    {
        "pk": 20,
        "model": "remrate_data.duct",
        "fields": {
            "building": 7,
            "rating_number": "Unrelated",
            "area": 50.0,
            "simulation": 7,
            "_duct_system_number": 6,
            "_building_number": 6,
            "_result_number": 6,
            "location": 7,
            "r_value": 8.0,
            "duct_system": 7,
            "type": 1
        }
    },
    {
        "pk": 21,
        "model": "remrate_data.duct",
        "fields": {
            "building": 7,
            "rating_number": "Unrelated",
            "area": 100.0,
            "simulation": 7,
            "_duct_system_number": 6,
            "_building_number": 6,
            "_result_number": 6,
            "location": 7,
            "r_value": 8.0,
            "duct_system": 7,
            "type": 2
        }
    },
    {
        "pk": 1,
        "model": "remrate_data.infiltration",
        "fields": {
            "building": 1,
            "shelter_class": 4,
            "mechanical_vent_cfm": 52.0,
            "mechanical_vent_type": 4,
            "cooling_value": 3.0,
            "verification_type": 2.0,
            "heating_value": 3.0,
            "simulation": 1,
            "_building_number": 0,
            "_result_number": 0,
            "sensible_recovery_efficiency": 0.0,
            "cooling_type": 3,
            "units": 3,
            "hours_per_day": 6,
            "_source_infiltration_number": 0,
            "rating_number": "Non-Solar 001",
            "total_recovery_efficiency": 0.0,
            "mechanical_vent_power": 280.0,
            "testing_type": 4
        }
    },
    {
        "pk": 2,
        "model": "remrate_data.infiltration",
        "fields": {
            "building": 2,
            "shelter_class": 4,
            "mechanical_vent_cfm": 52.0,
            "mechanical_vent_type": 4,
            "cooling_value": 3.0,
            "verification_type": 2.0,
            "heating_value": 3.0,
            "simulation": 2,
            "_building_number": 1,
            "_result_number": 1,
            "sensible_recovery_efficiency": 0.0,
            "cooling_type": 3,
            "units": 3,
            "hours_per_day": 6,
            "_source_infiltration_number": 0,
            "rating_number": "Non-Solar 001",
            "total_recovery_efficiency": 0.0,
            "mechanical_vent_power": 280.0,
            "testing_type": 4
        }
    },
    {
        "pk": 3,
        "model": "remrate_data.infiltration",
        "fields": {
            "building": 3,
            "shelter_class": 4,
            "mechanical_vent_cfm": 52.0,
            "mechanical_vent_type": 4,
            "cooling_value": 6.0,
            "verification_type": 2.0,
            "heating_value": 6.0,
            "simulation": 3,
            "_building_number": 2,
            "_result_number": 2,
            "sensible_recovery_efficiency": 0.0,
            "cooling_type": 3,
            "units": 3,
            "hours_per_day": 6,
            "_source_infiltration_number": 0,
            "rating_number": "Non-Solar 001",
            "total_recovery_efficiency": 0.0,
            "mechanical_vent_power": 280.0,
            "testing_type": 4
        }
    },
    {
        "pk": 4,
        "model": "remrate_data.infiltration",
        "fields": {
            "building": 4,
            "shelter_class": 4,
            "mechanical_vent_cfm": 52.0,
            "mechanical_vent_type": 4,
            "cooling_value": 3.0,
            "verification_type": 2.0,
            "heating_value": 3.0,
            "simulation": 4,
            "_building_number": 3,
            "_result_number": 3,
            "sensible_recovery_efficiency": 0.0,
            "cooling_type": 3,
            "units": 3,
            "hours_per_day": 6,
            "_source_infiltration_number": 0,
            "rating_number": "Solar 001",
            "total_recovery_efficiency": 0.0,
            "mechanical_vent_power": 280.0,
            "testing_type": 4
        }
    },
    {
        "pk": 5,
        "model": "remrate_data.infiltration",
        "fields": {
            "building": 5,
            "shelter_class": 4,
            "mechanical_vent_cfm": 52.0,
            "mechanical_vent_type": 4,
            "cooling_value": 6.0,
            "verification_type": 2.0,
            "heating_value": 6.0,
            "simulation": 5,
            "_building_number": 4,
            "_result_number": 4,
            "sensible_recovery_efficiency": 0.0,
            "cooling_type": 3,
            "units": 3,
            "hours_per_day": 6,
            "_source_infiltration_number": 0,
            "rating_number": "Solar 001",
            "total_recovery_efficiency": 0.0,
            "mechanical_vent_power": 280.0,
            "testing_type": 4
        }
    },
    {
        "pk": 6,
        "model": "remrate_data.infiltration",
        "fields": {
            "building": 6,
            "shelter_class": 4,
            "mechanical_vent_cfm": 52.0,
            "mechanical_vent_type": 4,
            "cooling_value": 3.0,
            "verification_type": 2.0,
            "heating_value": 3.0,
            "simulation": 6,
            "_building_number": 5,
            "_result_number": 5,
            "sensible_recovery_efficiency": 0.0,
            "cooling_type": 3,
            "units": 3,
            "hours_per_day": 6,
            "_source_infiltration_number": 0,
            "rating_number": "Solar 001",
            "total_recovery_efficiency": 0.0,
            "mechanical_vent_power": 280.0,
            "testing_type": 4
        }
    },
    {
        "pk": 7,
        "model": "remrate_data.infiltration",
        "fields": {
            "building": 7,
            "shelter_class": 4,
            "mechanical_vent_cfm": 52.0,
            "mechanical_vent_type": 4,
            "cooling_value": 3.0,
            "verification_type": 2.0,
            "heating_value": 3.0,
            "simulation": 7,
            "_building_number": 6,
            "_result_number": 6,
            "sensible_recovery_efficiency": 0.0,
            "cooling_type": 3,
            "units": 3,
            "hours_per_day": 6,
            "_source_infiltration_number": 0,
            "rating_number": "Unrelated",
            "total_recovery_efficiency": 0.0,
            "mechanical_vent_power": 280.0,
            "testing_type": 4
        }
    },
    {
        "pk": 1,
        "model": "remrate_data.lightsandappliance",
        "fields": {
            "oven_induction": false,
            "clothes_washer_location": 1,
            "refrigerator_kw_yr": 775.0,
            "default_loads": true,
            "rating_number": "Non-Solar 001",
            "pct_florescent": 0.0,
            "dishwasher_kw_yr": 0.0,
            "clothes_dryer_location": 1,
            "pct_interior_cfl": 100.0,
            "_building_number": 0,
            "dishwasher_energy_factor": 0.65,
            "clothes_washer_capacity": 3.81,
            "dishwasher_capacity": 12.0,
            "clothes_dryer_moisture_sensing": false,
            "pct_exterior_cfl": 0.0,
            "clothes_dryer_gas_energy_factor": 2.67,
            "clothes_dryer_energy_factor": 2.67,
            "clothes_washer_gas_cost": 11.0,
            "clothes_washer_gas_rate": 1.22,
            "clothes_washer_electric_rate": 0.1065,
            "clothes_dryer_fuel": 4,
            "clothes_washer_label_energy_rating": 96.0,
            "clothes_dryer_modified_energy_factor": 3.41,
            "building": 1,
            "pct_garage_cfl": 0.0,
            "oven_fuel": 1,
            "ceiling_fan_cfm_watt": 0.0,
            "oven_convection": false,
            "simulation": 1,
            "refrigerator_location": 1,
            "_result_number": 0
        }
    },
    {
        "pk": 2,
        "model": "remrate_data.lightsandappliance",
        "fields": {
            "oven_induction": false,
            "clothes_washer_location": 1,
            "refrigerator_kw_yr": 775.0,
            "default_loads": true,
            "rating_number": "Non-Solar 001",
            "pct_florescent": 0.0,
            "dishwasher_kw_yr": 0.0,
            "clothes_dryer_location": 1,
            "pct_interior_cfl": 100.0,
            "_building_number": 1,
            "dishwasher_energy_factor": 0.65,
            "clothes_washer_capacity": 3.81,
            "dishwasher_capacity": 12.0,
            "clothes_dryer_moisture_sensing": false,
            "pct_exterior_cfl": 0.0,
            "clothes_dryer_gas_energy_factor": 2.67,
            "clothes_dryer_energy_factor": 2.67,
            "clothes_washer_gas_cost": 11.0,
            "clothes_washer_gas_rate": 1.22,
            "clothes_washer_electric_rate": 0.1065,
            "clothes_dryer_fuel": 4,
            "clothes_washer_label_energy_rating": 96.0,
            "clothes_dryer_modified_energy_factor": 3.41,
            "building": 2,
            "pct_garage_cfl": 0.0,
            "oven_fuel": 1,
            "ceiling_fan_cfm_watt": 0.0,
            "oven_convection": false,
            "simulation": 2,
            "refrigerator_location": 1,
            "_result_number": 1
        }
    },
    {
        "pk": 3,
        "model": "remrate_data.lightsandappliance",
        "fields": {
            "oven_induction": false,
            "clothes_washer_location": 1,
            "refrigerator_kw_yr": 775.0,
            "default_loads": true,
            "rating_number": "Non-Solar 001",
            "pct_florescent": 0.0,
            "dishwasher_kw_yr": 0.0,
            "clothes_dryer_location": 1,
            "pct_interior_cfl": 50.0,
            "_building_number": 2,
            "dishwasher_energy_factor": 0.58,
            "clothes_washer_capacity": 3.81,
            "dishwasher_capacity": 12.0,
            "clothes_dryer_moisture_sensing": false,
            "pct_exterior_cfl": 0.0,
            "clothes_dryer_gas_energy_factor": 2.67,
            "clothes_dryer_energy_factor": 2.67,
            "clothes_washer_gas_cost": 11.0,
            "clothes_washer_gas_rate": 1.22,
            "clothes_washer_electric_rate": 0.1065,
            "clothes_dryer_fuel": 4,
            "clothes_washer_label_energy_rating": 96.0,
            "clothes_dryer_modified_energy_factor": 3.41,
            "building": 3,
            "pct_garage_cfl": 0.0,
            "oven_fuel": 1,
            "ceiling_fan_cfm_watt": 0.0,
            "oven_convection": false,
            "simulation": 3,
            "refrigerator_location": 1,
            "_result_number": 2
        }
    },
    {
        "pk": 4,
        "model": "remrate_data.lightsandappliance",
        "fields": {
            "oven_induction": false,
            "clothes_washer_location": 1,
            "refrigerator_kw_yr": 775.0,
            "default_loads": true,
            "rating_number": "Solar 001",
            "pct_florescent": 0.0,
            "dishwasher_kw_yr": 0.0,
            "clothes_dryer_location": 1,
            "pct_interior_cfl": 100.0,
            "_building_number": 3,
            "dishwasher_energy_factor": 0.65,
            "clothes_washer_capacity": 3.81,
            "dishwasher_capacity": 12.0,
            "clothes_dryer_moisture_sensing": false,
            "pct_exterior_cfl": 0.0,
            "clothes_dryer_gas_energy_factor": 2.67,
            "clothes_dryer_energy_factor": 2.67,
            "clothes_washer_gas_cost": 11.0,
            "clothes_washer_gas_rate": 1.22,
            "clothes_washer_electric_rate": 0.1065,
            "clothes_dryer_fuel": 4,
            "clothes_washer_label_energy_rating": 96.0,
            "clothes_dryer_modified_energy_factor": 3.41,
            "building": 4,
            "pct_garage_cfl": 0.0,
            "oven_fuel": 1,
            "ceiling_fan_cfm_watt": 0.0,
            "oven_convection": false,
            "simulation": 4,
            "refrigerator_location": 1,
            "_result_number": 3
        }
    },
    {
        "pk": 5,
        "model": "remrate_data.lightsandappliance",
        "fields": {
            "oven_induction": false,
            "clothes_washer_location": 1,
            "refrigerator_kw_yr": 775.0,
            "default_loads": true,
            "rating_number": "Solar 001",
            "pct_florescent": 0.0,
            "dishwasher_kw_yr": 0.0,
            "clothes_dryer_location": 1,
            "pct_interior_cfl": 50.0,
            "_building_number": 4,
            "dishwasher_energy_factor": 0.58,
            "clothes_washer_capacity": 3.81,
            "dishwasher_capacity": 12.0,
            "clothes_dryer_moisture_sensing": false,
            "pct_exterior_cfl": 0.0,
            "clothes_dryer_gas_energy_factor": 2.67,
            "clothes_dryer_energy_factor": 2.67,
            "clothes_washer_gas_cost": 11.0,
            "clothes_washer_gas_rate": 1.22,
            "clothes_washer_electric_rate": 0.1065,
            "clothes_dryer_fuel": 4,
            "clothes_washer_label_energy_rating": 96.0,
            "clothes_dryer_modified_energy_factor": 3.41,
            "building": 5,
            "pct_garage_cfl": 0.0,
            "oven_fuel": 1,
            "ceiling_fan_cfm_watt": 0.0,
            "oven_convection": false,
            "simulation": 5,
            "refrigerator_location": 1,
            "_result_number": 4
        }
    },
    {
        "pk": 6,
        "model": "remrate_data.lightsandappliance",
        "fields": {
            "oven_induction": false,
            "clothes_washer_location": 1,
            "refrigerator_kw_yr": 775.0,
            "default_loads": true,
            "rating_number": "Solar 001",
            "pct_florescent": 0.0,
            "dishwasher_kw_yr": 0.0,
            "clothes_dryer_location": 1,
            "pct_interior_cfl": 100.0,
            "_building_number": 5,
            "dishwasher_energy_factor": 0.65,
            "clothes_washer_capacity": 3.81,
            "dishwasher_capacity": 12.0,
            "clothes_dryer_moisture_sensing": false,
            "pct_exterior_cfl": 0.0,
            "clothes_dryer_gas_energy_factor": 2.67,
            "clothes_dryer_energy_factor": 2.67,
            "clothes_washer_gas_cost": 11.0,
            "clothes_washer_gas_rate": 1.22,
            "clothes_washer_electric_rate": 0.1065,
            "clothes_dryer_fuel": 4,
            "clothes_washer_label_energy_rating": 96.0,
            "clothes_dryer_modified_energy_factor": 3.41,
            "building": 6,
            "pct_garage_cfl": 0.0,
            "oven_fuel": 1,
            "ceiling_fan_cfm_watt": 0.0,
            "oven_convection": false,
            "simulation": 6,
            "refrigerator_location": 1,
            "_result_number": 5
        }
    },
    {
        "pk": 7,
        "model": "remrate_data.lightsandappliance",
        "fields": {
            "oven_induction": false,
            "clothes_washer_location": 1,
            "refrigerator_kw_yr": 775.0,
            "default_loads": true,
            "rating_number": "Unrelated",
            "pct_florescent": 0.0,
            "dishwasher_kw_yr": 0.0,
            "clothes_dryer_location": 1,
            "pct_interior_cfl": 100.0,
            "_building_number": 6,
            "dishwasher_energy_factor": 0.65,
            "clothes_washer_capacity": 3.81,
            "dishwasher_capacity": 12.0,
            "clothes_dryer_moisture_sensing": false,
            "pct_exterior_cfl": 0.0,
            "clothes_dryer_gas_energy_factor": 2.67,
            "clothes_dryer_energy_factor": 2.67,
            "clothes_washer_gas_cost": 11.0,
            "clothes_washer_gas_rate": 1.22,
            "clothes_washer_electric_rate": 0.1065,
            "clothes_dryer_fuel": 4,
            "clothes_washer_label_energy_rating": 96.0,
            "clothes_dryer_modified_energy_factor": 3.41,
            "building": 7,
            "pct_garage_cfl": 0.0,
            "oven_fuel": 1,
            "ceiling_fan_cfm_watt": 0.0,
            "oven_convection": false,
            "simulation": 7,
            "refrigerator_location": 1,
            "_result_number": 6
        }
    },
    {
        "pk": 1,
        "model": "remrate_data.solarsystem",
        "fields": {
            "building": 1,
            "rating_number": "Non-Solar 001",
            "orientation": 0,
            "tilt": 0.0,
            "collector_loop_type": 0,
            "collector_area": 0.0,
            "simulation": 1,
            "_building_number": 0,
            "_result_number": 0,
            "storage_volume": 0.0,
            "type": 0,
            "specs": 0
        }
    },
    {
        "pk": 2,
        "model": "remrate_data.solarsystem",
        "fields": {
            "building": 2,
            "rating_number": "Non-Solar 001",
            "orientation": 0,
            "tilt": 0.0,
            "collector_loop_type": 0,
            "collector_area": 0.0,
            "simulation": 2,
            "_building_number": 1,
            "_result_number": 1,
            "storage_volume": 0.0,
            "type": 0,
            "specs": 0
        }
    },
    {
        "pk": 3,
        "model": "remrate_data.solarsystem",
        "fields": {
            "building": 3,
            "rating_number": "Non-Solar 001",
            "orientation": 0,
            "tilt": 0.0,
            "collector_loop_type": 0,
            "collector_area": 0.0,
            "simulation": 3,
            "_building_number": 2,
            "_result_number": 2,
            "storage_volume": 0.0,
            "type": 0,
            "specs": 0
        }
    },
    {
        "pk": 4,
        "model": "remrate_data.solarsystem",
        "fields": {
            "building": 4,
            "rating_number": "Solar 001",
            "orientation": 1,
            "tilt": 19.0,
            "collector_loop_type": 4,
            "collector_area": 48.0,
            "simulation": 4,
            "_building_number": 3,
            "_result_number": 3,
            "storage_volume": 50.0,
            "type": 1,
            "specs": 3
        }
    },
    {
        "pk": 5,
        "model": "remrate_data.solarsystem",
        "fields": {
            "building": 5,
            "rating_number": "Solar 001",
            "orientation": 0,
            "tilt": 0.0,
            "collector_loop_type": 0,
            "collector_area": 0.0,
            "simulation": 5,
            "_building_number": 4,
            "_result_number": 4,
            "storage_volume": 0.0,
            "type": 0,
            "specs": 0
        }
    },
    {
        "pk": 6,
        "model": "remrate_data.solarsystem",
        "fields": {
            "building": 6,
            "rating_number": "Solar 001",
            "orientation": 0,
            "tilt": 0.0,
            "collector_loop_type": 0,
            "collector_area": 0.0,
            "simulation": 6,
            "_building_number": 5,
            "_result_number": 5,
            "storage_volume": 0.0,
            "type": 0,
            "specs": 0
        }
    },
    {
        "pk": 7,
        "model": "remrate_data.solarsystem",
        "fields": {
            "building": 7,
            "rating_number": "Unrelated",
            "orientation": 0,
            "tilt": 0.0,
            "collector_loop_type": 0,
            "collector_area": 0.0,
            "simulation": 7,
            "_building_number": 6,
            "_result_number": 6,
            "storage_volume": 0.0,
            "type": 0,
            "specs": 0
        }
    },
    {
        "pk": 1,
        "model": "remrate_data.photovoltaic",
        "fields": {
            "building": 1,
            "rating_number": "Non-Solar 001",
            "name": "",
            "area": 0.0,
            "tilt": 0.0,
            "simulation": 1,
            "_building_number": 0,
            "_result_number": 0,
            "inverter_efficiency": 0.0,
            "peak_power": 0.0,
            "type": 0,
            "orientation": 0
        }
    },
    {
        "pk": 2,
        "model": "remrate_data.photovoltaic",
        "fields": {
            "building": 2,
            "rating_number": "Non-Solar 001",
            "name": "",
            "area": 0.0,
            "tilt": 0.0,
            "simulation": 2,
            "_building_number": 1,
            "_result_number": 1,
            "inverter_efficiency": 0.0,
            "peak_power": 0.0,
            "type": 0,
            "orientation": 0
        }
    },
    {
        "pk": 3,
        "model": "remrate_data.photovoltaic",
        "fields": {
            "building": 3,
            "rating_number": "Non-Solar 001",
            "name": "",
            "area": 0.0,
            "tilt": 0.0,
            "simulation": 3,
            "_building_number": 2,
            "_result_number": 2,
            "inverter_efficiency": 0.0,
            "peak_power": 0.0,
            "type": 0,
            "orientation": 0
        }
    },
    {
        "pk": 4,
        "model": "remrate_data.photovoltaic",
        "fields": {
            "building": 4,
            "rating_number": "Solar 001",
            "name": "",
            "area": 0.0,
            "tilt": 0.0,
            "simulation": 4,
            "_building_number": 3,
            "_result_number": 3,
            "inverter_efficiency": 0.0,
            "peak_power": 0.0,
            "type": 0,
            "orientation": 0
        }
    },
    {
        "pk": 5,
        "model": "remrate_data.photovoltaic",
        "fields": {
            "building": 5,
            "rating_number": "Solar 001",
            "name": "",
            "area": 0.0,
            "tilt": 0.0,
            "simulation": 5,
            "_building_number": 4,
            "_result_number": 4,
            "inverter_efficiency": 0.0,
            "peak_power": 0.0,
            "type": 0,
            "orientation": 0
        }
    },
    {
        "pk": 6,
        "model": "remrate_data.photovoltaic",
        "fields": {
            "building": 6,
            "rating_number": "Solar 001",
            "name": "",
            "area": 0.0,
            "tilt": 0.0,
            "simulation": 6,
            "_building_number": 5,
            "_result_number": 5,
            "inverter_efficiency": 0.0,
            "peak_power": 0.0,
            "type": 0,
            "orientation": 0
        }
    },
    {
        "pk": 7,
        "model": "remrate_data.photovoltaic",
        "fields": {
            "building": 7,
            "rating_number": "Unrelated",
            "name": "",
            "area": 0.0,
            "tilt": 0.0,
            "simulation": 7,
            "_building_number": 6,
            "_result_number": 6,
            "inverter_efficiency": 0.0,
            "peak_power": 0.0,
            "type": 0,
            "orientation": 0
        }
    },
    {
        "pk": 1,
        "model": "remrate_data.sunspace",
        "fields": {
            "building": 1,
            "roof_area": 0.0,
            "floor_area": 0.0,
            "slab_floor_depth": 0.0,
            "roof_insulation": 0.0,
            "slab_floor_thickness": 0.0,
            "slab_floor_underslab_insulation": 0.0,
            "slab_floor_perimeter_insulation": 0.0,
            "floor_insulation": 0.0,
            "simulation": 1,
            "_building_number": 0,
            "_result_number": 0,
            "rating_number": "Non-Solar 001",
            "below_grade_wall_insulation": 0.0,
            "frame_floor_perimeter": 0.0,
            "below_grade_wall_area": 0.0,
            "above_grade_wall_insulation": 0.0,
            "above_grade_wall_area": 0.0
        }
    },
    {
        "pk": 2,
        "model": "remrate_data.sunspace",
        "fields": {
            "building": 2,
            "roof_area": 0.0,
            "floor_area": 0.0,
            "slab_floor_depth": 0.0,
            "roof_insulation": 0.0,
            "slab_floor_thickness": 0.0,
            "slab_floor_underslab_insulation": 0.0,
            "slab_floor_perimeter_insulation": 0.0,
            "floor_insulation": 0.0,
            "simulation": 2,
            "_building_number": 1,
            "_result_number": 1,
            "rating_number": "Non-Solar 001",
            "below_grade_wall_insulation": 0.0,
            "frame_floor_perimeter": 0.0,
            "below_grade_wall_area": 0.0,
            "above_grade_wall_insulation": 0.0,
            "above_grade_wall_area": 0.0
        }
    },
    {
        "pk": 3,
        "model": "remrate_data.sunspace",
        "fields": {
            "building": 3,
            "roof_area": 0.0,
            "floor_area": 0.0,
            "slab_floor_depth": 0.0,
            "roof_insulation": 0.0,
            "slab_floor_thickness": 0.0,
            "slab_floor_underslab_insulation": 0.0,
            "slab_floor_perimeter_insulation": 0.0,
            "floor_insulation": 0.0,
            "simulation": 3,
            "_building_number": 2,
            "_result_number": 2,
            "rating_number": "Non-Solar 001",
            "below_grade_wall_insulation": 0.0,
            "frame_floor_perimeter": 0.0,
            "below_grade_wall_area": 0.0,
            "above_grade_wall_insulation": 0.0,
            "above_grade_wall_area": 0.0
        }
    },
    {
        "pk": 4,
        "model": "remrate_data.sunspace",
        "fields": {
            "building": 4,
            "roof_area": 0.0,
            "floor_area": 0.0,
            "slab_floor_depth": 0.0,
            "roof_insulation": 0.0,
            "slab_floor_thickness": 0.0,
            "slab_floor_underslab_insulation": 0.0,
            "slab_floor_perimeter_insulation": 0.0,
            "floor_insulation": 0.0,
            "simulation": 4,
            "_building_number": 3,
            "_result_number": 3,
            "rating_number": "Solar 001",
            "below_grade_wall_insulation": 0.0,
            "frame_floor_perimeter": 0.0,
            "below_grade_wall_area": 0.0,
            "above_grade_wall_insulation": 0.0,
            "above_grade_wall_area": 0.0
        }
    },
    {
        "pk": 5,
        "model": "remrate_data.sunspace",
        "fields": {
            "building": 5,
            "roof_area": 0.0,
            "floor_area": 0.0,
            "slab_floor_depth": 0.0,
            "roof_insulation": 0.0,
            "slab_floor_thickness": 0.0,
            "slab_floor_underslab_insulation": 0.0,
            "slab_floor_perimeter_insulation": 0.0,
            "floor_insulation": 0.0,
            "simulation": 5,
            "_building_number": 4,
            "_result_number": 4,
            "rating_number": "Solar 001",
            "below_grade_wall_insulation": 0.0,
            "frame_floor_perimeter": 0.0,
            "below_grade_wall_area": 0.0,
            "above_grade_wall_insulation": 0.0,
            "above_grade_wall_area": 0.0
        }
    },
    {
        "pk": 6,
        "model": "remrate_data.sunspace",
        "fields": {
            "building": 6,
            "roof_area": 0.0,
            "floor_area": 0.0,
            "slab_floor_depth": 0.0,
            "roof_insulation": 0.0,
            "slab_floor_thickness": 0.0,
            "slab_floor_underslab_insulation": 0.0,
            "slab_floor_perimeter_insulation": 0.0,
            "floor_insulation": 0.0,
            "simulation": 6,
            "_building_number": 5,
            "_result_number": 5,
            "rating_number": "Solar 001",
            "below_grade_wall_insulation": 0.0,
            "frame_floor_perimeter": 0.0,
            "below_grade_wall_area": 0.0,
            "above_grade_wall_insulation": 0.0,
            "above_grade_wall_area": 0.0
        }
    },
    {
        "pk": 7,
        "model": "remrate_data.sunspace",
        "fields": {
            "building": 7,
            "roof_area": 0.0,
            "floor_area": 0.0,
            "slab_floor_depth": 0.0,
            "roof_insulation": 0.0,
            "slab_floor_thickness": 0.0,
            "slab_floor_underslab_insulation": 0.0,
            "slab_floor_perimeter_insulation": 0.0,
            "floor_insulation": 0.0,
            "simulation": 7,
            "_building_number": 6,
            "_result_number": 6,
            "rating_number": "Unrelated",
            "below_grade_wall_insulation": 0.0,
            "frame_floor_perimeter": 0.0,
            "below_grade_wall_area": 0.0,
            "above_grade_wall_insulation": 0.0,
            "above_grade_wall_area": 0.0
        }
    },
    {
        "pk": 1,
        "model": "remrate_data.mandatoryrequirements",
        "fields": {
            "verified_iecc09": true,
            "verified_energy_star_v2_products": true,
            "verified_iecc04": true,
            "verified_iecc06": true,
            "energy_star_v3_ceiling_fans": 0,
            "verified_energy_star_v3_ceiling_fans": false,
            "verified_energy_star_v3_exhaust_fans": false,
            "rating_number": "Non-Solar 001",
            "verified_energy_star_v3_thermal_enclosure_checklist": true,
            "verified_energy_star_v3_hvac_contractor_checklist": true,
            "energy_star_v3_dishwashers": 0,
            "_building_number": 0,
            "verified_iecc12": true,
            "energy_star_v3basement_qualifies_for_saf_exclusion": false,
            "verified_energy_star_v3_dishwashers": false,
            "energy_star_v3_basement_bedrooms": false,
            "building": 1,
            "verified_energy_star_v3_water_management_checklist": true,
            "energy_star_v3_refrigerators": 0,
            "energy_star_v3_basement_floor_area": 0.0,
            "verified_energy_star_v3_refrigerators": false,
            "verified_energy_star_v3_hvac_rater_checklist": true,
            "verified_iecc10_ny": false,
            "simulation": 1,
            "verified_energy_star_v2_thermal_bypass_checklist": true,
            "_result_number": 0,
            "verified_energy_star_v3_indoor_air_plus": true,
            "meets_florida_requirements": false,
            "energy_star_v3_slab_exempt": false,
            "verified_iecc15": false,
            "energy_star_v3_exhaust_fans": 0
        }
    },
    {
        "pk": 2,
        "model": "remrate_data.mandatoryrequirements",
        "fields": {
            "verified_iecc09": true,
            "verified_energy_star_v2_products": true,
            "verified_iecc04": true,
            "verified_iecc06": true,
            "energy_star_v3_ceiling_fans": 0,
            "verified_energy_star_v3_ceiling_fans": false,
            "verified_energy_star_v3_exhaust_fans": false,
            "rating_number": "Non-Solar 001",
            "verified_energy_star_v3_thermal_enclosure_checklist": true,
            "verified_energy_star_v3_hvac_contractor_checklist": true,
            "energy_star_v3_dishwashers": 0,
            "_building_number": 1,
            "verified_iecc12": true,
            "energy_star_v3basement_qualifies_for_saf_exclusion": false,
            "verified_energy_star_v3_dishwashers": false,
            "energy_star_v3_basement_bedrooms": false,
            "building": 2,
            "verified_energy_star_v3_water_management_checklist": true,
            "energy_star_v3_refrigerators": 0,
            "energy_star_v3_basement_floor_area": 0.0,
            "verified_energy_star_v3_refrigerators": false,
            "verified_energy_star_v3_hvac_rater_checklist": true,
            "verified_iecc10_ny": false,
            "simulation": 2,
            "verified_energy_star_v2_thermal_bypass_checklist": true,
            "_result_number": 1,
            "verified_energy_star_v3_indoor_air_plus": true,
            "meets_florida_requirements": false,
            "energy_star_v3_slab_exempt": false,
            "verified_iecc15": false,
            "energy_star_v3_exhaust_fans": 0
        }
    },
    {
        "pk": 3,
        "model": "remrate_data.mandatoryrequirements",
        "fields": {
            "verified_iecc09": true,
            "verified_energy_star_v2_products": true,
            "verified_iecc04": true,
            "verified_iecc06": true,
            "energy_star_v3_ceiling_fans": 0,
            "verified_energy_star_v3_ceiling_fans": false,
            "verified_energy_star_v3_exhaust_fans": false,
            "rating_number": "Non-Solar 001",
            "verified_energy_star_v3_thermal_enclosure_checklist": true,
            "verified_energy_star_v3_hvac_contractor_checklist": true,
            "energy_star_v3_dishwashers": 0,
            "_building_number": 2,
            "verified_iecc12": true,
            "energy_star_v3basement_qualifies_for_saf_exclusion": false,
            "verified_energy_star_v3_dishwashers": false,
            "energy_star_v3_basement_bedrooms": false,
            "building": 3,
            "verified_energy_star_v3_water_management_checklist": true,
            "energy_star_v3_refrigerators": 0,
            "energy_star_v3_basement_floor_area": 0.0,
            "verified_energy_star_v3_refrigerators": false,
            "verified_energy_star_v3_hvac_rater_checklist": true,
            "verified_iecc10_ny": false,
            "simulation": 3,
            "verified_energy_star_v2_thermal_bypass_checklist": true,
            "_result_number": 2,
            "verified_energy_star_v3_indoor_air_plus": true,
            "meets_florida_requirements": false,
            "energy_star_v3_slab_exempt": false,
            "verified_iecc15": false,
            "energy_star_v3_exhaust_fans": 0
        }
    },
    {
        "pk": 4,
        "model": "remrate_data.mandatoryrequirements",
        "fields": {
            "verified_iecc09": true,
            "verified_energy_star_v2_products": true,
            "verified_iecc04": true,
            "verified_iecc06": true,
            "energy_star_v3_ceiling_fans": 0,
            "verified_energy_star_v3_ceiling_fans": false,
            "verified_energy_star_v3_exhaust_fans": false,
            "rating_number": "Solar 001",
            "verified_energy_star_v3_thermal_enclosure_checklist": true,
            "verified_energy_star_v3_hvac_contractor_checklist": true,
            "energy_star_v3_dishwashers": 0,
            "_building_number": 3,
            "verified_iecc12": true,
            "energy_star_v3basement_qualifies_for_saf_exclusion": false,
            "verified_energy_star_v3_dishwashers": false,
            "energy_star_v3_basement_bedrooms": false,
            "building": 4,
            "verified_energy_star_v3_water_management_checklist": true,
            "energy_star_v3_refrigerators": 0,
            "energy_star_v3_basement_floor_area": 0.0,
            "verified_energy_star_v3_refrigerators": false,
            "verified_energy_star_v3_hvac_rater_checklist": true,
            "verified_iecc10_ny": false,
            "simulation": 4,
            "verified_energy_star_v2_thermal_bypass_checklist": true,
            "_result_number": 3,
            "verified_energy_star_v3_indoor_air_plus": true,
            "meets_florida_requirements": false,
            "energy_star_v3_slab_exempt": false,
            "verified_iecc15": false,
            "energy_star_v3_exhaust_fans": 0
        }
    },
    {
        "pk": 5,
        "model": "remrate_data.mandatoryrequirements",
        "fields": {
            "verified_iecc09": true,
            "verified_energy_star_v2_products": true,
            "verified_iecc04": true,
            "verified_iecc06": true,
            "energy_star_v3_ceiling_fans": 0,
            "verified_energy_star_v3_ceiling_fans": false,
            "verified_energy_star_v3_exhaust_fans": false,
            "rating_number": "Solar 001",
            "verified_energy_star_v3_thermal_enclosure_checklist": true,
            "verified_energy_star_v3_hvac_contractor_checklist": true,
            "energy_star_v3_dishwashers": 0,
            "_building_number": 4,
            "verified_iecc12": true,
            "energy_star_v3basement_qualifies_for_saf_exclusion": false,
            "verified_energy_star_v3_dishwashers": false,
            "energy_star_v3_basement_bedrooms": false,
            "building": 5,
            "verified_energy_star_v3_water_management_checklist": true,
            "energy_star_v3_refrigerators": 0,
            "energy_star_v3_basement_floor_area": 0.0,
            "verified_energy_star_v3_refrigerators": false,
            "verified_energy_star_v3_hvac_rater_checklist": true,
            "verified_iecc10_ny": false,
            "simulation": 5,
            "verified_energy_star_v2_thermal_bypass_checklist": true,
            "_result_number": 4,
            "verified_energy_star_v3_indoor_air_plus": true,
            "meets_florida_requirements": false,
            "energy_star_v3_slab_exempt": false,
            "verified_iecc15": false,
            "energy_star_v3_exhaust_fans": 0
        }
    },
    {
        "pk": 6,
        "model": "remrate_data.mandatoryrequirements",
        "fields": {
            "verified_iecc09": true,
            "verified_energy_star_v2_products": true,
            "verified_iecc04": true,
            "verified_iecc06": true,
            "energy_star_v3_ceiling_fans": 0,
            "verified_energy_star_v3_ceiling_fans": false,
            "verified_energy_star_v3_exhaust_fans": false,
            "rating_number": "Solar 001",
            "verified_energy_star_v3_thermal_enclosure_checklist": true,
            "verified_energy_star_v3_hvac_contractor_checklist": true,
            "energy_star_v3_dishwashers": 0,
            "_building_number": 5,
            "verified_iecc12": true,
            "energy_star_v3basement_qualifies_for_saf_exclusion": false,
            "verified_energy_star_v3_dishwashers": false,
            "energy_star_v3_basement_bedrooms": false,
            "building": 6,
            "verified_energy_star_v3_water_management_checklist": true,
            "energy_star_v3_refrigerators": 0,
            "energy_star_v3_basement_floor_area": 0.0,
            "verified_energy_star_v3_refrigerators": false,
            "verified_energy_star_v3_hvac_rater_checklist": true,
            "verified_iecc10_ny": false,
            "simulation": 6,
            "verified_energy_star_v2_thermal_bypass_checklist": true,
            "_result_number": 5,
            "verified_energy_star_v3_indoor_air_plus": true,
            "meets_florida_requirements": false,
            "energy_star_v3_slab_exempt": false,
            "verified_iecc15": false,
            "energy_star_v3_exhaust_fans": 0
        }
    },
    {
        "pk": 7,
        "model": "remrate_data.mandatoryrequirements",
        "fields": {
            "verified_iecc09": true,
            "verified_energy_star_v2_products": true,
            "verified_iecc04": true,
            "verified_iecc06": true,
            "energy_star_v3_ceiling_fans": 0,
            "verified_energy_star_v3_ceiling_fans": false,
            "verified_energy_star_v3_exhaust_fans": false,
            "rating_number": "Unrelated",
            "verified_energy_star_v3_thermal_enclosure_checklist": true,
            "verified_energy_star_v3_hvac_contractor_checklist": true,
            "energy_star_v3_dishwashers": 0,
            "_building_number": 6,
            "verified_iecc12": true,
            "energy_star_v3basement_qualifies_for_saf_exclusion": false,
            "verified_energy_star_v3_dishwashers": false,
            "energy_star_v3_basement_bedrooms": false,
            "building": 7,
            "verified_energy_star_v3_water_management_checklist": true,
            "energy_star_v3_refrigerators": 0,
            "energy_star_v3_basement_floor_area": 0.0,
            "verified_energy_star_v3_refrigerators": false,
            "verified_energy_star_v3_hvac_rater_checklist": true,
            "verified_iecc10_ny": false,
            "simulation": 7,
            "verified_energy_star_v2_thermal_bypass_checklist": true,
            "_result_number": 6,
            "verified_energy_star_v3_indoor_air_plus": true,
            "meets_florida_requirements": false,
            "energy_star_v3_slab_exempt": false,
            "verified_iecc15": false,
            "energy_star_v3_exhaust_fans": 0
        }
    },
    {
        "pk": 1,
        "model": "remrate_data.iecc",
        "fields": {
            "iecc98_reference_lights_appliance_consumption": 21.163496,
            "passes_iecc12_consumption_compliance": true,
            "iecc09_reference_overall_u0": 377.717743,
            "passes_iecc06_consumption_compliance": true,
            "passes_iecc06_ducts_overall_u0": true,
            "iecc03_reference_lights_appliance_consumption": 21.163496,
            "iecc01_reference_heating_consumption": 55.822754,
            "iecc00_designed_cooling_consumption": 3.104006,
            "iecc01_designed_hot_water_consumption": 14.015734,
            "iecc12_reference_lights_appliance_cost": 580.385315,
            "iecc06_reference_total_cost": 1682.032104,
            "iecc01_reference_cooling_consumption": 5.678314,
            "iecc00_reference_hot_water_consumption": 22.857235,
            "iecc09_reference_photo_voltaic_cost": 0.0,
            "iecc12_reference_service_cost": 204.0,
            "iecc04_reference_service_cost": 204.0,
            "iecc12_designed_heating_cost": 399.420349,
            "iecc06_designed_overall_u0": 331.759857,
            "iecc06_reference_photo_voltaic_cost": 0.0,
            "iecc03_reference_cooling_consumption": 5.678314,
            "passes_iecc98_overall_u0": true,
            "meets_iecc98_consumption_compliance": true,
            "iecc06_reference_hot_water_cost": 201.251541,
            "passes_iecc00_overall_u0": true,
            "iecc04_reference_overall_u0": 385.317505,
            "iecc12_reference_overall_u0": 359.954254,
            "iecc01_reference_hot_water_consumption": 22.857235,
            "passes_iecc01_overall_u0": true,
            "iecc00_designed_heating_consumption": 37.100986,
            "iecc01_reference_lights_appliance_consumption": 21.163496,
            "iecc01_designed_heating_consumption": 37.100986,
            "iecc04_reference_photo_voltaic_cost": 0.0,
            "iecc98_designed_hot_water_consumption": 14.015734,
            "iecc06_reference_overall_u0": 385.317505,
            "iecc01_designed_photo_voltaic_consumption": 0.0,
            "iecc04_reference_hot_water_cost": 201.251541,
            "iecc09_designed_heating_cost": 412.182159,
            "iecc03_reference_overall_u0": 0.100163,
            "iecc12_reference_cooling_cost": 144.220749,
            "iecc12_designed_total_cost": 1491.910278,
            "iecc00_designed_hot_water_consumption": 14.015734,
            "passes_iecc03_overall_u0": true,
            "passes_iecc12_code": false,
            "iecc09_designed_lights_appliance_cost": 727.407471,
            "passes_iecc09_ducts_overall_u0": true,
            "iecc01_reference_overall_u0": 0.100163,
            "rating_number": "Non-Solar 001",
            "iecc04_designed_heating_cost": 320.338562,
            "iecc12_reference_total_cost": 1597.727051,
            "iecc04_designed_hot_water_cost": 136.793549,
            "iecc00_reference_lights_appliance_consumption": 21.163496,
            "iecc98_reference_cooling_consumption": 5.678314,
            "iecc98_designed_lights_appliance_consumption": 22.513121,
            "passes_iecc06_overall_ua_compliance": true,
            "iecc00_reference_heating_consumption": 55.822754,
            "passes_iecc12_ducts_overall_u0": true,
            "iecc98_reference_hot_water_consumption": 22.857235,
            "iecc04_designed_lights_appliance_cost": 727.226929,
            "iecc03_designed_total_consumption": 76.733849,
            "meets_iecc01_consumption_compliance": true,
            "iecc12_reference_photo_voltaic_cost": 0.0,
            "passes_iecc09_consumption_compliance": true,
            "iecc03_reference_heating_consumption": 55.822754,
            "simulation": 1,
            "iecc12_reference_heating_cost": 467.869476,
            "iecc01_designed_total_consumption": 76.733849,
            "iecc12_designed_hot_water_cost": 136.793549,
            "passes_iecc04_overall_ua_compliance": true,
            "iecc03_reference_hot_water_consumption": 22.857235,
            "iecc09_designed_overall_u0": 331.759857,
            "iecc09_reference_cooling_cost": 111.039177,
            "iecc06_designed_hot_water_cost": 136.793549,
            "passes_iecc12_overall_ua_compliance": false,
            "iecc98_designed_heating_consumption": 37.100986,
            "iecc98_designed_cooling_consumption": 3.104006,
            "iecc09_designed_photo_voltaic_cost": 0.0,
            "iecc06_reference_service_cost": 204.0,
            "passes_iecc09_code": true,
            "meets_iecc00_consumption_compliance": true,
            "iecc01_designed_overall_u0": 0.062437,
            "iecc06_reference_cooling_cost": 116.971329,
            "iecc09_reference_lights_appliance_cost": 587.759583,
            "iecc04_reference_total_cost": 1741.758789,
            "iecc03_reference_photo_voltaic_consumption": 0.0,
            "iecc98_designed_photo_voltaic_consumption": 0.0,
            "iecc03_designed_lights_appliance_consumption": 22.513121,
            "iecc06_designed_cooling_cost": 111.482819,
            "iecc04_designed_total_cost": 1499.841797,
            "passes_iecc04_code": true,
            "iecc98_reference_photo_voltaic_consumption": 0.0,
            "iecc12_designed_photo_voltaic_cost": 0.0,
            "iecc98_reference_total_consumption": 105.521797,
            "iecc04_reference_heating_cost": 636.29126,
            "passes_iecc09_overall_ua_compliance": true,
            "iecc00_reference_photo_voltaic_consumption": 0.0,
            "iecc09_designed_cooling_cost": 134.100967,
            "passes_iecc04_consumption_compliance": true,
            "iecc06_designed_photo_voltaic_cost": 0.0,
            "iecc01_designed_lights_appliance_consumption": 22.513121,
            "iecc04_designed_service_cost": 204.0,
            "iecc09_designed_total_cost": 1614.484131,
            "iecc12_designed_lights_appliance_cost": 607.052551,
            "iecc04_designed_overall_u0": 331.759857,
            "iecc00_reference_overall_u0": 0.100163,
            "iecc09_reference_service_cost": 204.0,
            "iecc04_designed_photo_voltaic_cost": 0.0,
            "iecc03_designed_heating_consumption": 37.100986,
            "iecc04_reference_lights_appliance_cost": 587.759583,
            "iecc09_reference_hot_water_cost": 201.251541,
            "iecc12_reference_hot_water_cost": 201.251541,
            "passes_iecc01_ducts_overall_u0": true,
            "iecc06_designed_heating_cost": 320.338562,
            "passes_iecc03_consumption_compliance": true,
            "iecc01_reference_total_consumption": 105.521797,
            "iecc12_designed_service_cost": 204.0,
            "iecc03_designed_hot_water_consumption": 14.015734,
            "iecc00_designed_photo_voltaic_consumption": 0.0,
            "iecc00_designed_overall_u0": 0.062437,
            "passes_iecc00_ducts_overall_u0": true,
            "_result_number": 0,
            "iecc12_designed_cooling_cost": 144.643799,
            "iecc03_designed_cooling_consumption": 3.104006,
            "iecc01_reference_photo_voltaic_consumption": 0.0,
            "iecc01_designed_cooling_consumption": 3.104006,
            "iecc03_designed_photo_voltaic_consumption": 0.0,
            "iecc06_reference_lights_appliance_cost": 587.759583,
            "iecc09_designed_hot_water_cost": 136.793549,
            "passes_iecc98_ducts_overall_u0": true,
            "iecc00_reference_cooling_consumption": 5.678314,
            "iecc98_designed_total_consumption": 76.733849,
            "passes_iecc04_ducts_overall_u0": true,
            "iecc06_designed_total_cost": 1499.841797,
            "iecc04_reference_cooling_cost": 112.456367,
            "iecc09_designed_service_cost": 204.0,
            "iecc98_designed_overall_u0": 0.062437,
            "iecc00_designed_lights_appliance_consumption": 22.513121,
            "iecc06_reference_heating_cost": 572.049683,
            "iecc00_reference_total_consumption": 105.521797,
            "iecc00_designed_total_consumption": 76.733849,
            "iecc09_reference_heating_cost": 588.843262,
            "iecc03_reference_total_consumption": 105.521797,
            "iecc03_designed_overall_u0": 0.062437,
            "iecc09_reference_total_cost": 1692.893555,
            "iecc04_designed_cooling_cost": 111.482819,
            "passes_iecc03_ducts_overall_u0": true,
            "iecc98_reference_overall_u0": 0.100163,
            "iecc06_designed_lights_appliance_cost": 727.226929,
            "iecc12_designed_overall_u0": 331.759857,
            "iecc06_designed_service_cost": 204.0,
            "passes_iecc06_code": true,
            "iecc98_reference_heating_consumption": 55.822754
        }
    },
    {
        "pk": 2,
        "model": "remrate_data.iecc",
        "fields": {
            "iecc98_reference_lights_appliance_consumption": 21.163496,
            "passes_iecc12_consumption_compliance": true,
            "iecc09_reference_overall_u0": 377.717743,
            "passes_iecc06_consumption_compliance": true,
            "passes_iecc06_ducts_overall_u0": true,
            "iecc03_reference_lights_appliance_consumption": 21.163496,
            "iecc01_reference_heating_consumption": 55.822754,
            "iecc00_designed_cooling_consumption": 3.104006,
            "iecc01_designed_hot_water_consumption": 14.015734,
            "iecc12_reference_lights_appliance_cost": 580.385315,
            "iecc06_reference_total_cost": 1682.032104,
            "iecc01_reference_cooling_consumption": 5.678314,
            "iecc00_reference_hot_water_consumption": 22.857235,
            "iecc09_reference_photo_voltaic_cost": 0.0,
            "iecc12_reference_service_cost": 204.0,
            "iecc04_reference_service_cost": 204.0,
            "iecc12_designed_heating_cost": 399.420349,
            "iecc06_designed_overall_u0": 331.759857,
            "iecc06_reference_photo_voltaic_cost": 0.0,
            "iecc03_reference_cooling_consumption": 5.678314,
            "passes_iecc98_overall_u0": true,
            "meets_iecc98_consumption_compliance": true,
            "iecc06_reference_hot_water_cost": 201.251541,
            "passes_iecc00_overall_u0": true,
            "iecc04_reference_overall_u0": 385.317505,
            "iecc12_reference_overall_u0": 359.954254,
            "iecc01_reference_hot_water_consumption": 22.857235,
            "passes_iecc01_overall_u0": true,
            "iecc00_designed_heating_consumption": 37.100986,
            "iecc01_reference_lights_appliance_consumption": 21.163496,
            "iecc01_designed_heating_consumption": 37.100986,
            "iecc04_reference_photo_voltaic_cost": 0.0,
            "iecc98_designed_hot_water_consumption": 14.015734,
            "iecc06_reference_overall_u0": 385.317505,
            "iecc01_designed_photo_voltaic_consumption": 0.0,
            "iecc04_reference_hot_water_cost": 201.251541,
            "iecc09_designed_heating_cost": 412.182159,
            "iecc03_reference_overall_u0": 0.100163,
            "iecc12_reference_cooling_cost": 144.220749,
            "iecc12_designed_total_cost": 1491.910278,
            "iecc00_designed_hot_water_consumption": 14.015734,
            "passes_iecc03_overall_u0": true,
            "passes_iecc12_code": false,
            "iecc09_designed_lights_appliance_cost": 727.407471,
            "passes_iecc09_ducts_overall_u0": true,
            "iecc01_reference_overall_u0": 0.100163,
            "rating_number": "Non-Solar 001",
            "iecc04_designed_heating_cost": 320.338562,
            "iecc12_reference_total_cost": 1597.727051,
            "iecc04_designed_hot_water_cost": 136.793549,
            "iecc00_reference_lights_appliance_consumption": 21.163496,
            "iecc98_reference_cooling_consumption": 5.678314,
            "iecc98_designed_lights_appliance_consumption": 22.513121,
            "passes_iecc06_overall_ua_compliance": true,
            "iecc00_reference_heating_consumption": 55.822754,
            "passes_iecc12_ducts_overall_u0": true,
            "iecc98_reference_hot_water_consumption": 22.857235,
            "iecc04_designed_lights_appliance_cost": 727.226929,
            "iecc03_designed_total_consumption": 76.733849,
            "meets_iecc01_consumption_compliance": true,
            "iecc12_reference_photo_voltaic_cost": 0.0,
            "passes_iecc09_consumption_compliance": true,
            "iecc03_reference_heating_consumption": 55.822754,
            "simulation": 2,
            "iecc12_reference_heating_cost": 467.869476,
            "iecc01_designed_total_consumption": 76.733849,
            "iecc12_designed_hot_water_cost": 136.793549,
            "passes_iecc04_overall_ua_compliance": true,
            "iecc03_reference_hot_water_consumption": 22.857235,
            "iecc09_designed_overall_u0": 331.759857,
            "iecc09_reference_cooling_cost": 111.039177,
            "iecc06_designed_hot_water_cost": 136.793549,
            "passes_iecc12_overall_ua_compliance": false,
            "iecc98_designed_heating_consumption": 37.100986,
            "iecc98_designed_cooling_consumption": 3.104006,
            "iecc09_designed_photo_voltaic_cost": 0.0,
            "iecc06_reference_service_cost": 204.0,
            "passes_iecc09_code": true,
            "meets_iecc00_consumption_compliance": true,
            "iecc01_designed_overall_u0": 0.062437,
            "iecc06_reference_cooling_cost": 116.971329,
            "iecc09_reference_lights_appliance_cost": 587.759583,
            "iecc04_reference_total_cost": 1741.758789,
            "iecc03_reference_photo_voltaic_consumption": 0.0,
            "iecc98_designed_photo_voltaic_consumption": 0.0,
            "iecc03_designed_lights_appliance_consumption": 22.513121,
            "iecc06_designed_cooling_cost": 111.482819,
            "iecc04_designed_total_cost": 1499.841797,
            "passes_iecc04_code": true,
            "iecc98_reference_photo_voltaic_consumption": 0.0,
            "iecc12_designed_photo_voltaic_cost": 0.0,
            "iecc98_reference_total_consumption": 105.521797,
            "iecc04_reference_heating_cost": 636.29126,
            "passes_iecc09_overall_ua_compliance": true,
            "iecc00_reference_photo_voltaic_consumption": 0.0,
            "iecc09_designed_cooling_cost": 134.100967,
            "passes_iecc04_consumption_compliance": true,
            "iecc06_designed_photo_voltaic_cost": 0.0,
            "iecc01_designed_lights_appliance_consumption": 22.513121,
            "iecc04_designed_service_cost": 204.0,
            "iecc09_designed_total_cost": 1614.484131,
            "iecc12_designed_lights_appliance_cost": 607.052551,
            "iecc04_designed_overall_u0": 331.759857,
            "iecc00_reference_overall_u0": 0.100163,
            "iecc09_reference_service_cost": 204.0,
            "iecc04_designed_photo_voltaic_cost": 0.0,
            "iecc03_designed_heating_consumption": 37.100986,
            "iecc04_reference_lights_appliance_cost": 587.759583,
            "iecc09_reference_hot_water_cost": 201.251541,
            "iecc12_reference_hot_water_cost": 201.251541,
            "passes_iecc01_ducts_overall_u0": true,
            "iecc06_designed_heating_cost": 320.338562,
            "passes_iecc03_consumption_compliance": true,
            "iecc01_reference_total_consumption": 105.521797,
            "iecc12_designed_service_cost": 204.0,
            "iecc03_designed_hot_water_consumption": 14.015734,
            "iecc00_designed_photo_voltaic_consumption": 0.0,
            "iecc00_designed_overall_u0": 0.062437,
            "passes_iecc00_ducts_overall_u0": true,
            "_result_number": 1,
            "iecc12_designed_cooling_cost": 144.643799,
            "iecc03_designed_cooling_consumption": 3.104006,
            "iecc01_reference_photo_voltaic_consumption": 0.0,
            "iecc01_designed_cooling_consumption": 3.104006,
            "iecc03_designed_photo_voltaic_consumption": 0.0,
            "iecc06_reference_lights_appliance_cost": 587.759583,
            "iecc09_designed_hot_water_cost": 136.793549,
            "passes_iecc98_ducts_overall_u0": true,
            "iecc00_reference_cooling_consumption": 5.678314,
            "iecc98_designed_total_consumption": 76.733849,
            "passes_iecc04_ducts_overall_u0": true,
            "iecc06_designed_total_cost": 1499.841797,
            "iecc04_reference_cooling_cost": 112.456367,
            "iecc09_designed_service_cost": 204.0,
            "iecc98_designed_overall_u0": 0.062437,
            "iecc00_designed_lights_appliance_consumption": 22.513121,
            "iecc06_reference_heating_cost": 572.049683,
            "iecc00_reference_total_consumption": 105.521797,
            "iecc00_designed_total_consumption": 76.733849,
            "iecc09_reference_heating_cost": 588.843262,
            "iecc03_reference_total_consumption": 105.521797,
            "iecc03_designed_overall_u0": 0.062437,
            "iecc09_reference_total_cost": 1692.893555,
            "iecc04_designed_cooling_cost": 111.482819,
            "passes_iecc03_ducts_overall_u0": true,
            "iecc98_reference_overall_u0": 0.100163,
            "iecc06_designed_lights_appliance_cost": 727.226929,
            "iecc12_designed_overall_u0": 331.759857,
            "iecc06_designed_service_cost": 204.0,
            "passes_iecc06_code": true,
            "iecc98_reference_heating_consumption": 55.822754
        }
    },
    {
        "pk": 3,
        "model": "remrate_data.iecc",
        "fields": {
            "iecc98_reference_lights_appliance_consumption": 23.642488,
            "passes_iecc12_consumption_compliance": false,
            "iecc09_reference_overall_u0": 377.717743,
            "passes_iecc06_consumption_compliance": true,
            "passes_iecc06_ducts_overall_u0": true,
            "iecc03_reference_lights_appliance_consumption": 23.642488,
            "iecc01_reference_heating_consumption": 54.524502,
            "iecc00_designed_cooling_consumption": 3.513614,
            "iecc01_designed_hot_water_consumption": 20.906075,
            "iecc12_reference_lights_appliance_cost": 654.068176,
            "iecc06_reference_total_cost": 1752.192261,
            "iecc01_reference_cooling_consumption": 5.87,
            "iecc00_reference_hot_water_consumption": 23.695269,
            "iecc09_reference_photo_voltaic_cost": 0.0,
            "iecc12_reference_service_cost": 204.0,
            "iecc04_reference_service_cost": 204.0,
            "iecc12_designed_heating_cost": 558.347961,
            "iecc06_designed_overall_u0": 378.497009,
            "iecc06_reference_photo_voltaic_cost": 0.0,
            "iecc03_reference_cooling_consumption": 5.87,
            "passes_iecc98_overall_u0": true,
            "meets_iecc98_consumption_compliance": true,
            "iecc06_reference_hot_water_cost": 207.742783,
            "passes_iecc00_overall_u0": true,
            "iecc04_reference_overall_u0": 385.317505,
            "iecc12_reference_overall_u0": 359.954254,
            "iecc01_reference_hot_water_consumption": 23.695269,
            "passes_iecc01_overall_u0": true,
            "iecc00_designed_heating_consumption": 42.402847,
            "iecc01_reference_lights_appliance_consumption": 23.642488,
            "iecc01_designed_heating_consumption": 42.402847,
            "iecc04_reference_photo_voltaic_cost": 0.0,
            "iecc98_designed_hot_water_consumption": 20.906075,
            "iecc06_reference_overall_u0": 385.317505,
            "iecc01_designed_photo_voltaic_consumption": 0.0,
            "iecc04_reference_hot_water_cost": 207.742783,
            "iecc09_designed_heating_cost": 540.497864,
            "iecc03_reference_overall_u0": 0.100163,
            "iecc12_reference_cooling_cost": 150.194107,
            "iecc12_designed_total_cost": 1803.113403,
            "iecc00_designed_hot_water_consumption": 20.906075,
            "passes_iecc03_overall_u0": true,
            "passes_iecc12_code": false,
            "iecc09_designed_lights_appliance_cost": 801.826782,
            "passes_iecc09_ducts_overall_u0": true,
            "iecc01_reference_overall_u0": 0.100163,
            "rating_number": "Non-Solar 001",
            "iecc04_designed_heating_cost": 428.5271,
            "iecc12_reference_total_cost": 1685.279297,
            "iecc04_designed_hot_water_cost": 204.043243,
            "iecc00_reference_lights_appliance_consumption": 23.642488,
            "iecc98_reference_cooling_consumption": 5.87,
            "iecc98_designed_lights_appliance_consumption": 24.992113,
            "passes_iecc06_overall_ua_compliance": true,
            "iecc00_reference_heating_consumption": 54.524502,
            "passes_iecc12_ducts_overall_u0": true,
            "iecc98_reference_hot_water_consumption": 23.695269,
            "iecc04_designed_lights_appliance_cost": 801.17218,
            "iecc03_designed_total_consumption": 91.814651,
            "meets_iecc01_consumption_compliance": true,
            "iecc12_reference_photo_voltaic_cost": 0.0,
            "passes_iecc09_consumption_compliance": false,
            "iecc03_reference_heating_consumption": 54.524502,
            "simulation": 3,
            "iecc12_reference_heating_cost": 472.973755,
            "iecc01_designed_total_consumption": 91.814651,
            "iecc12_designed_hot_water_cost": 204.043243,
            "passes_iecc04_overall_ua_compliance": true,
            "iecc03_reference_hot_water_consumption": 23.695269,
            "iecc09_designed_overall_u0": 378.497009,
            "iecc09_reference_cooling_cost": 117.364807,
            "iecc06_designed_hot_water_cost": 204.043243,
            "passes_iecc12_overall_ua_compliance": false,
            "iecc98_designed_heating_consumption": 42.402847,
            "iecc98_designed_cooling_consumption": 3.513614,
            "iecc09_designed_photo_voltaic_cost": 0.0,
            "iecc06_reference_service_cost": 204.0,
            "passes_iecc09_code": true,
            "meets_iecc00_consumption_compliance": true,
            "iecc01_designed_overall_u0": 0.071233,
            "iecc06_reference_cooling_cost": 122.84684,
            "iecc09_reference_lights_appliance_cost": 661.338257,
            "iecc04_reference_total_cost": 1811.445435,
            "iecc03_reference_photo_voltaic_consumption": 0.0,
            "iecc98_designed_photo_voltaic_consumption": 0.0,
            "iecc03_designed_lights_appliance_consumption": 24.992113,
            "iecc06_designed_cooling_cost": 121.131187,
            "iecc04_designed_total_cost": 1758.873657,
            "passes_iecc04_code": true,
            "iecc98_reference_photo_voltaic_consumption": 0.0,
            "iecc12_designed_photo_voltaic_cost": 0.0,
            "iecc98_reference_total_consumption": 107.732262,
            "iecc04_reference_heating_cost": 620.031616,
            "passes_iecc09_overall_ua_compliance": false,
            "iecc00_reference_photo_voltaic_consumption": 0.0,
            "iecc09_designed_cooling_cost": 146.860062,
            "passes_iecc04_consumption_compliance": true,
            "iecc06_designed_photo_voltaic_cost": 0.0,
            "iecc01_designed_lights_appliance_consumption": 24.992113,
            "iecc04_designed_service_cost": 204.0,
            "iecc09_designed_total_cost": 1897.227905,
            "iecc12_designed_lights_appliance_cost": 681.023804,
            "iecc04_designed_overall_u0": 378.497009,
            "iecc00_reference_overall_u0": 0.100163,
            "iecc09_reference_service_cost": 204.0,
            "iecc04_designed_photo_voltaic_cost": 0.0,
            "iecc03_designed_heating_consumption": 42.402847,
            "iecc04_reference_lights_appliance_cost": 661.338257,
            "iecc09_reference_hot_water_cost": 204.043243,
            "iecc12_reference_hot_water_cost": 204.043243,
            "passes_iecc01_ducts_overall_u0": true,
            "iecc06_designed_heating_cost": 428.5271,
            "passes_iecc03_consumption_compliance": true,
            "iecc01_reference_total_consumption": 107.732262,
            "iecc12_designed_service_cost": 204.0,
            "iecc03_designed_hot_water_consumption": 20.906075,
            "iecc00_designed_photo_voltaic_consumption": 0.0,
            "iecc00_designed_overall_u0": 0.071233,
            "passes_iecc00_ducts_overall_u0": true,
            "_result_number": 2,
            "iecc12_designed_cooling_cost": 155.698395,
            "iecc03_designed_cooling_consumption": 3.513614,
            "iecc01_reference_photo_voltaic_consumption": 0.0,
            "iecc01_designed_cooling_consumption": 3.513614,
            "iecc03_designed_photo_voltaic_consumption": 0.0,
            "iecc06_reference_lights_appliance_cost": 661.338257,
            "iecc09_designed_hot_water_cost": 204.043243,
            "passes_iecc98_ducts_overall_u0": true,
            "iecc00_reference_cooling_consumption": 5.87,
            "iecc98_designed_total_consumption": 91.814651,
            "passes_iecc04_ducts_overall_u0": true,
            "iecc06_designed_total_cost": 1758.873657,
            "iecc04_reference_cooling_cost": 118.332741,
            "iecc09_designed_service_cost": 204.0,
            "iecc98_designed_overall_u0": 0.071233,
            "iecc00_designed_lights_appliance_consumption": 24.992113,
            "iecc06_reference_heating_cost": 556.264343,
            "iecc00_reference_total_consumption": 107.732262,
            "iecc00_designed_total_consumption": 91.814651,
            "iecc09_reference_heating_cost": 596.322388,
            "iecc03_reference_total_consumption": 107.732262,
            "iecc03_designed_overall_u0": 0.071233,
            "iecc09_reference_total_cost": 1783.068726,
            "iecc04_designed_cooling_cost": 121.131187,
            "passes_iecc03_ducts_overall_u0": true,
            "iecc98_reference_overall_u0": 0.100163,
            "iecc06_designed_lights_appliance_cost": 801.17218,
            "iecc12_designed_overall_u0": 378.497009,
            "iecc06_designed_service_cost": 204.0,
            "passes_iecc06_code": true,
            "iecc98_reference_heating_consumption": 54.524502
        }
    },
    {
        "pk": 4,
        "model": "remrate_data.iecc",
        "fields": {
            "iecc98_reference_lights_appliance_consumption": 21.163496,
            "passes_iecc12_consumption_compliance": true,
            "iecc09_reference_overall_u0": 377.717743,
            "passes_iecc06_consumption_compliance": true,
            "passes_iecc06_ducts_overall_u0": true,
            "iecc03_reference_lights_appliance_consumption": 21.163496,
            "iecc01_reference_heating_consumption": 55.822754,
            "iecc00_designed_cooling_consumption": 3.104006,
            "iecc01_designed_hot_water_consumption": 5.26727,
            "iecc12_reference_lights_appliance_cost": 580.385315,
            "iecc06_reference_total_cost": 1682.032104,
            "iecc01_reference_cooling_consumption": 5.678314,
            "iecc00_reference_hot_water_consumption": 22.857235,
            "iecc09_reference_photo_voltaic_cost": 0.0,
            "iecc12_reference_service_cost": 204.0,
            "iecc04_reference_service_cost": 204.0,
            "iecc12_designed_heating_cost": 399.420349,
            "iecc06_designed_overall_u0": 331.759857,
            "iecc06_reference_photo_voltaic_cost": 0.0,
            "iecc03_reference_cooling_consumption": 5.678314,
            "passes_iecc98_overall_u0": true,
            "meets_iecc98_consumption_compliance": true,
            "iecc06_reference_hot_water_cost": 201.251541,
            "passes_iecc00_overall_u0": true,
            "iecc04_reference_overall_u0": 385.317505,
            "iecc12_reference_overall_u0": 359.954254,
            "iecc01_reference_hot_water_consumption": 22.857235,
            "passes_iecc01_overall_u0": true,
            "iecc00_designed_heating_consumption": 37.100986,
            "iecc01_reference_lights_appliance_consumption": 21.163496,
            "iecc01_designed_heating_consumption": 37.100986,
            "iecc04_reference_photo_voltaic_cost": 0.0,
            "iecc98_designed_hot_water_consumption": 5.26727,
            "iecc06_reference_overall_u0": 385.317505,
            "iecc01_designed_photo_voltaic_consumption": 0.0,
            "iecc04_reference_hot_water_cost": 201.251541,
            "iecc09_designed_heating_cost": 412.182159,
            "iecc03_reference_overall_u0": 0.100163,
            "iecc12_reference_cooling_cost": 144.220749,
            "iecc12_designed_total_cost": 1406.525269,
            "iecc00_designed_hot_water_consumption": 5.26727,
            "passes_iecc03_overall_u0": true,
            "passes_iecc12_code": false,
            "iecc09_designed_lights_appliance_cost": 727.407471,
            "passes_iecc09_ducts_overall_u0": true,
            "iecc01_reference_overall_u0": 0.100163,
            "rating_number": "Solar 001",
            "iecc04_designed_heating_cost": 320.338562,
            "iecc12_reference_total_cost": 1597.727051,
            "iecc04_designed_hot_water_cost": 51.408554,
            "iecc00_reference_lights_appliance_consumption": 21.163496,
            "iecc98_reference_cooling_consumption": 5.678314,
            "iecc98_designed_lights_appliance_consumption": 22.513121,
            "passes_iecc06_overall_ua_compliance": true,
            "iecc00_reference_heating_consumption": 55.822754,
            "passes_iecc12_ducts_overall_u0": true,
            "iecc98_reference_hot_water_consumption": 22.857235,
            "iecc04_designed_lights_appliance_cost": 727.226929,
            "iecc03_designed_total_consumption": 67.985382,
            "meets_iecc01_consumption_compliance": true,
            "iecc12_reference_photo_voltaic_cost": 0.0,
            "passes_iecc09_consumption_compliance": true,
            "iecc03_reference_heating_consumption": 55.822754,
            "simulation": 4,
            "iecc12_reference_heating_cost": 467.869476,
            "iecc01_designed_total_consumption": 67.985382,
            "iecc12_designed_hot_water_cost": 51.408554,
            "passes_iecc04_overall_ua_compliance": true,
            "iecc03_reference_hot_water_consumption": 22.857235,
            "iecc09_designed_overall_u0": 331.759857,
            "iecc09_reference_cooling_cost": 111.039177,
            "iecc06_designed_hot_water_cost": 51.408554,
            "passes_iecc12_overall_ua_compliance": false,
            "iecc98_designed_heating_consumption": 37.100986,
            "iecc98_designed_cooling_consumption": 3.104006,
            "iecc09_designed_photo_voltaic_cost": 0.0,
            "iecc06_reference_service_cost": 204.0,
            "passes_iecc09_code": true,
            "meets_iecc00_consumption_compliance": true,
            "iecc01_designed_overall_u0": 0.062437,
            "iecc06_reference_cooling_cost": 116.971329,
            "iecc09_reference_lights_appliance_cost": 587.759583,
            "iecc04_reference_total_cost": 1741.758789,
            "iecc03_reference_photo_voltaic_consumption": 0.0,
            "iecc98_designed_photo_voltaic_consumption": 0.0,
            "iecc03_designed_lights_appliance_consumption": 22.513121,
            "iecc06_designed_cooling_cost": 111.482819,
            "iecc04_designed_total_cost": 1414.456909,
            "passes_iecc04_code": true,
            "iecc98_reference_photo_voltaic_consumption": 0.0,
            "iecc12_designed_photo_voltaic_cost": 0.0,
            "iecc98_reference_total_consumption": 105.521797,
            "iecc04_reference_heating_cost": 636.29126,
            "passes_iecc09_overall_ua_compliance": true,
            "iecc00_reference_photo_voltaic_consumption": 0.0,
            "iecc09_designed_cooling_cost": 134.100967,
            "passes_iecc04_consumption_compliance": true,
            "iecc06_designed_photo_voltaic_cost": 0.0,
            "iecc01_designed_lights_appliance_consumption": 22.513121,
            "iecc04_designed_service_cost": 204.0,
            "iecc09_designed_total_cost": 1529.099121,
            "iecc12_designed_lights_appliance_cost": 607.052551,
            "iecc04_designed_overall_u0": 331.759857,
            "iecc00_reference_overall_u0": 0.100163,
            "iecc09_reference_service_cost": 204.0,
            "iecc04_designed_photo_voltaic_cost": 0.0,
            "iecc03_designed_heating_consumption": 37.100986,
            "iecc04_reference_lights_appliance_cost": 587.759583,
            "iecc09_reference_hot_water_cost": 201.251541,
            "iecc12_reference_hot_water_cost": 201.251541,
            "passes_iecc01_ducts_overall_u0": true,
            "iecc06_designed_heating_cost": 320.338562,
            "passes_iecc03_consumption_compliance": true,
            "iecc01_reference_total_consumption": 105.521797,
            "iecc12_designed_service_cost": 204.0,
            "iecc03_designed_hot_water_consumption": 5.26727,
            "iecc00_designed_photo_voltaic_consumption": 0.0,
            "iecc00_designed_overall_u0": 0.062437,
            "passes_iecc00_ducts_overall_u0": true,
            "_result_number": 3,
            "iecc12_designed_cooling_cost": 144.643799,
            "iecc03_designed_cooling_consumption": 3.104006,
            "iecc01_reference_photo_voltaic_consumption": 0.0,
            "iecc01_designed_cooling_consumption": 3.104006,
            "iecc03_designed_photo_voltaic_consumption": 0.0,
            "iecc06_reference_lights_appliance_cost": 587.759583,
            "iecc09_designed_hot_water_cost": 51.408554,
            "passes_iecc98_ducts_overall_u0": true,
            "iecc00_reference_cooling_consumption": 5.678314,
            "iecc98_designed_total_consumption": 67.985382,
            "passes_iecc04_ducts_overall_u0": true,
            "iecc06_designed_total_cost": 1414.456909,
            "iecc04_reference_cooling_cost": 112.456367,
            "iecc09_designed_service_cost": 204.0,
            "iecc98_designed_overall_u0": 0.062437,
            "iecc00_designed_lights_appliance_consumption": 22.513121,
            "iecc06_reference_heating_cost": 572.049683,
            "iecc00_reference_total_consumption": 105.521797,
            "iecc00_designed_total_consumption": 67.985382,
            "iecc09_reference_heating_cost": 588.843262,
            "iecc03_reference_total_consumption": 105.521797,
            "iecc03_designed_overall_u0": 0.062437,
            "iecc09_reference_total_cost": 1692.893555,
            "iecc04_designed_cooling_cost": 111.482819,
            "passes_iecc03_ducts_overall_u0": true,
            "iecc98_reference_overall_u0": 0.100163,
            "iecc06_designed_lights_appliance_cost": 727.226929,
            "iecc12_designed_overall_u0": 331.759857,
            "iecc06_designed_service_cost": 204.0,
            "passes_iecc06_code": true,
            "iecc98_reference_heating_consumption": 55.822754
        }
    },
    {
        "pk": 5,
        "model": "remrate_data.iecc",
        "fields": {
            "iecc98_reference_lights_appliance_consumption": 23.642488,
            "passes_iecc12_consumption_compliance": false,
            "iecc09_reference_overall_u0": 377.717743,
            "passes_iecc06_consumption_compliance": true,
            "passes_iecc06_ducts_overall_u0": true,
            "iecc03_reference_lights_appliance_consumption": 23.642488,
            "iecc01_reference_heating_consumption": 54.524502,
            "iecc00_designed_cooling_consumption": 3.513614,
            "iecc01_designed_hot_water_consumption": 20.906075,
            "iecc12_reference_lights_appliance_cost": 654.068176,
            "iecc06_reference_total_cost": 1752.192261,
            "iecc01_reference_cooling_consumption": 5.87,
            "iecc00_reference_hot_water_consumption": 23.695269,
            "iecc09_reference_photo_voltaic_cost": 0.0,
            "iecc12_reference_service_cost": 204.0,
            "iecc04_reference_service_cost": 204.0,
            "iecc12_designed_heating_cost": 558.347961,
            "iecc06_designed_overall_u0": 378.497009,
            "iecc06_reference_photo_voltaic_cost": 0.0,
            "iecc03_reference_cooling_consumption": 5.87,
            "passes_iecc98_overall_u0": true,
            "meets_iecc98_consumption_compliance": true,
            "iecc06_reference_hot_water_cost": 207.742783,
            "passes_iecc00_overall_u0": true,
            "iecc04_reference_overall_u0": 385.317505,
            "iecc12_reference_overall_u0": 359.954254,
            "iecc01_reference_hot_water_consumption": 23.695269,
            "passes_iecc01_overall_u0": true,
            "iecc00_designed_heating_consumption": 42.402847,
            "iecc01_reference_lights_appliance_consumption": 23.642488,
            "iecc01_designed_heating_consumption": 42.402847,
            "iecc04_reference_photo_voltaic_cost": 0.0,
            "iecc98_designed_hot_water_consumption": 20.906075,
            "iecc06_reference_overall_u0": 385.317505,
            "iecc01_designed_photo_voltaic_consumption": 0.0,
            "iecc04_reference_hot_water_cost": 207.742783,
            "iecc09_designed_heating_cost": 540.497864,
            "iecc03_reference_overall_u0": 0.100163,
            "iecc12_reference_cooling_cost": 150.194107,
            "iecc12_designed_total_cost": 1803.113403,
            "iecc00_designed_hot_water_consumption": 20.906075,
            "passes_iecc03_overall_u0": true,
            "passes_iecc12_code": false,
            "iecc09_designed_lights_appliance_cost": 801.826782,
            "passes_iecc09_ducts_overall_u0": true,
            "iecc01_reference_overall_u0": 0.100163,
            "rating_number": "Solar 001",
            "iecc04_designed_heating_cost": 428.5271,
            "iecc12_reference_total_cost": 1685.279297,
            "iecc04_designed_hot_water_cost": 204.043243,
            "iecc00_reference_lights_appliance_consumption": 23.642488,
            "iecc98_reference_cooling_consumption": 5.87,
            "iecc98_designed_lights_appliance_consumption": 24.992113,
            "passes_iecc06_overall_ua_compliance": true,
            "iecc00_reference_heating_consumption": 54.524502,
            "passes_iecc12_ducts_overall_u0": true,
            "iecc98_reference_hot_water_consumption": 23.695269,
            "iecc04_designed_lights_appliance_cost": 801.17218,
            "iecc03_designed_total_consumption": 91.814651,
            "meets_iecc01_consumption_compliance": true,
            "iecc12_reference_photo_voltaic_cost": 0.0,
            "passes_iecc09_consumption_compliance": false,
            "iecc03_reference_heating_consumption": 54.524502,
            "simulation": 5,
            "iecc12_reference_heating_cost": 472.973755,
            "iecc01_designed_total_consumption": 91.814651,
            "iecc12_designed_hot_water_cost": 204.043243,
            "passes_iecc04_overall_ua_compliance": true,
            "iecc03_reference_hot_water_consumption": 23.695269,
            "iecc09_designed_overall_u0": 378.497009,
            "iecc09_reference_cooling_cost": 117.364807,
            "iecc06_designed_hot_water_cost": 204.043243,
            "passes_iecc12_overall_ua_compliance": false,
            "iecc98_designed_heating_consumption": 42.402847,
            "iecc98_designed_cooling_consumption": 3.513614,
            "iecc09_designed_photo_voltaic_cost": 0.0,
            "iecc06_reference_service_cost": 204.0,
            "passes_iecc09_code": true,
            "meets_iecc00_consumption_compliance": true,
            "iecc01_designed_overall_u0": 0.071233,
            "iecc06_reference_cooling_cost": 122.84684,
            "iecc09_reference_lights_appliance_cost": 661.338257,
            "iecc04_reference_total_cost": 1811.445435,
            "iecc03_reference_photo_voltaic_consumption": 0.0,
            "iecc98_designed_photo_voltaic_consumption": 0.0,
            "iecc03_designed_lights_appliance_consumption": 24.992113,
            "iecc06_designed_cooling_cost": 121.131187,
            "iecc04_designed_total_cost": 1758.873657,
            "passes_iecc04_code": true,
            "iecc98_reference_photo_voltaic_consumption": 0.0,
            "iecc12_designed_photo_voltaic_cost": 0.0,
            "iecc98_reference_total_consumption": 107.732262,
            "iecc04_reference_heating_cost": 620.031616,
            "passes_iecc09_overall_ua_compliance": false,
            "iecc00_reference_photo_voltaic_consumption": 0.0,
            "iecc09_designed_cooling_cost": 146.860062,
            "passes_iecc04_consumption_compliance": true,
            "iecc06_designed_photo_voltaic_cost": 0.0,
            "iecc01_designed_lights_appliance_consumption": 24.992113,
            "iecc04_designed_service_cost": 204.0,
            "iecc09_designed_total_cost": 1897.227905,
            "iecc12_designed_lights_appliance_cost": 681.023804,
            "iecc04_designed_overall_u0": 378.497009,
            "iecc00_reference_overall_u0": 0.100163,
            "iecc09_reference_service_cost": 204.0,
            "iecc04_designed_photo_voltaic_cost": 0.0,
            "iecc03_designed_heating_consumption": 42.402847,
            "iecc04_reference_lights_appliance_cost": 661.338257,
            "iecc09_reference_hot_water_cost": 204.043243,
            "iecc12_reference_hot_water_cost": 204.043243,
            "passes_iecc01_ducts_overall_u0": true,
            "iecc06_designed_heating_cost": 428.5271,
            "passes_iecc03_consumption_compliance": true,
            "iecc01_reference_total_consumption": 107.732262,
            "iecc12_designed_service_cost": 204.0,
            "iecc03_designed_hot_water_consumption": 20.906075,
            "iecc00_designed_photo_voltaic_consumption": 0.0,
            "iecc00_designed_overall_u0": 0.071233,
            "passes_iecc00_ducts_overall_u0": true,
            "_result_number": 4,
            "iecc12_designed_cooling_cost": 155.698395,
            "iecc03_designed_cooling_consumption": 3.513614,
            "iecc01_reference_photo_voltaic_consumption": 0.0,
            "iecc01_designed_cooling_consumption": 3.513614,
            "iecc03_designed_photo_voltaic_consumption": 0.0,
            "iecc06_reference_lights_appliance_cost": 661.338257,
            "iecc09_designed_hot_water_cost": 204.043243,
            "passes_iecc98_ducts_overall_u0": true,
            "iecc00_reference_cooling_consumption": 5.87,
            "iecc98_designed_total_consumption": 91.814651,
            "passes_iecc04_ducts_overall_u0": true,
            "iecc06_designed_total_cost": 1758.873657,
            "iecc04_reference_cooling_cost": 118.332741,
            "iecc09_designed_service_cost": 204.0,
            "iecc98_designed_overall_u0": 0.071233,
            "iecc00_designed_lights_appliance_consumption": 24.992113,
            "iecc06_reference_heating_cost": 556.264343,
            "iecc00_reference_total_consumption": 107.732262,
            "iecc00_designed_total_consumption": 91.814651,
            "iecc09_reference_heating_cost": 596.322388,
            "iecc03_reference_total_consumption": 107.732262,
            "iecc03_designed_overall_u0": 0.071233,
            "iecc09_reference_total_cost": 1783.068726,
            "iecc04_designed_cooling_cost": 121.131187,
            "passes_iecc03_ducts_overall_u0": true,
            "iecc98_reference_overall_u0": 0.100163,
            "iecc06_designed_lights_appliance_cost": 801.17218,
            "iecc12_designed_overall_u0": 378.497009,
            "iecc06_designed_service_cost": 204.0,
            "passes_iecc06_code": true,
            "iecc98_reference_heating_consumption": 54.524502
        }
    },
    {
        "pk": 6,
        "model": "remrate_data.iecc",
        "fields": {
            "iecc98_reference_lights_appliance_consumption": 21.163496,
            "passes_iecc12_consumption_compliance": true,
            "iecc09_reference_overall_u0": 377.717743,
            "passes_iecc06_consumption_compliance": true,
            "passes_iecc06_ducts_overall_u0": true,
            "iecc03_reference_lights_appliance_consumption": 21.163496,
            "iecc01_reference_heating_consumption": 55.822754,
            "iecc00_designed_cooling_consumption": 3.104006,
            "iecc01_designed_hot_water_consumption": 14.015734,
            "iecc12_reference_lights_appliance_cost": 580.385315,
            "iecc06_reference_total_cost": 1682.032104,
            "iecc01_reference_cooling_consumption": 5.678314,
            "iecc00_reference_hot_water_consumption": 22.857235,
            "iecc09_reference_photo_voltaic_cost": 0.0,
            "iecc12_reference_service_cost": 204.0,
            "iecc04_reference_service_cost": 204.0,
            "iecc12_designed_heating_cost": 399.420349,
            "iecc06_designed_overall_u0": 331.759857,
            "iecc06_reference_photo_voltaic_cost": 0.0,
            "iecc03_reference_cooling_consumption": 5.678314,
            "passes_iecc98_overall_u0": true,
            "meets_iecc98_consumption_compliance": true,
            "iecc06_reference_hot_water_cost": 201.251541,
            "passes_iecc00_overall_u0": true,
            "iecc04_reference_overall_u0": 385.317505,
            "iecc12_reference_overall_u0": 359.954254,
            "iecc01_reference_hot_water_consumption": 22.857235,
            "passes_iecc01_overall_u0": true,
            "iecc00_designed_heating_consumption": 37.100986,
            "iecc01_reference_lights_appliance_consumption": 21.163496,
            "iecc01_designed_heating_consumption": 37.100986,
            "iecc04_reference_photo_voltaic_cost": 0.0,
            "iecc98_designed_hot_water_consumption": 14.015734,
            "iecc06_reference_overall_u0": 385.317505,
            "iecc01_designed_photo_voltaic_consumption": 0.0,
            "iecc04_reference_hot_water_cost": 201.251541,
            "iecc09_designed_heating_cost": 412.182159,
            "iecc03_reference_overall_u0": 0.100163,
            "iecc12_reference_cooling_cost": 144.220749,
            "iecc12_designed_total_cost": 1491.910278,
            "iecc00_designed_hot_water_consumption": 14.015734,
            "passes_iecc03_overall_u0": true,
            "passes_iecc12_code": false,
            "iecc09_designed_lights_appliance_cost": 727.407471,
            "passes_iecc09_ducts_overall_u0": true,
            "iecc01_reference_overall_u0": 0.100163,
            "rating_number": "Solar 001",
            "iecc04_designed_heating_cost": 320.338562,
            "iecc12_reference_total_cost": 1597.727051,
            "iecc04_designed_hot_water_cost": 136.793549,
            "iecc00_reference_lights_appliance_consumption": 21.163496,
            "iecc98_reference_cooling_consumption": 5.678314,
            "iecc98_designed_lights_appliance_consumption": 22.513121,
            "passes_iecc06_overall_ua_compliance": true,
            "iecc00_reference_heating_consumption": 55.822754,
            "passes_iecc12_ducts_overall_u0": true,
            "iecc98_reference_hot_water_consumption": 22.857235,
            "iecc04_designed_lights_appliance_cost": 727.226929,
            "iecc03_designed_total_consumption": 76.733849,
            "meets_iecc01_consumption_compliance": true,
            "iecc12_reference_photo_voltaic_cost": 0.0,
            "passes_iecc09_consumption_compliance": true,
            "iecc03_reference_heating_consumption": 55.822754,
            "simulation": 6,
            "iecc12_reference_heating_cost": 467.869476,
            "iecc01_designed_total_consumption": 76.733849,
            "iecc12_designed_hot_water_cost": 136.793549,
            "passes_iecc04_overall_ua_compliance": true,
            "iecc03_reference_hot_water_consumption": 22.857235,
            "iecc09_designed_overall_u0": 331.759857,
            "iecc09_reference_cooling_cost": 111.039177,
            "iecc06_designed_hot_water_cost": 136.793549,
            "passes_iecc12_overall_ua_compliance": false,
            "iecc98_designed_heating_consumption": 37.100986,
            "iecc98_designed_cooling_consumption": 3.104006,
            "iecc09_designed_photo_voltaic_cost": 0.0,
            "iecc06_reference_service_cost": 204.0,
            "passes_iecc09_code": true,
            "meets_iecc00_consumption_compliance": true,
            "iecc01_designed_overall_u0": 0.062437,
            "iecc06_reference_cooling_cost": 116.971329,
            "iecc09_reference_lights_appliance_cost": 587.759583,
            "iecc04_reference_total_cost": 1741.758789,
            "iecc03_reference_photo_voltaic_consumption": 0.0,
            "iecc98_designed_photo_voltaic_consumption": 0.0,
            "iecc03_designed_lights_appliance_consumption": 22.513121,
            "iecc06_designed_cooling_cost": 111.482819,
            "iecc04_designed_total_cost": 1499.841797,
            "passes_iecc04_code": true,
            "iecc98_reference_photo_voltaic_consumption": 0.0,
            "iecc12_designed_photo_voltaic_cost": 0.0,
            "iecc98_reference_total_consumption": 105.521797,
            "iecc04_reference_heating_cost": 636.29126,
            "passes_iecc09_overall_ua_compliance": true,
            "iecc00_reference_photo_voltaic_consumption": 0.0,
            "iecc09_designed_cooling_cost": 134.100967,
            "passes_iecc04_consumption_compliance": true,
            "iecc06_designed_photo_voltaic_cost": 0.0,
            "iecc01_designed_lights_appliance_consumption": 22.513121,
            "iecc04_designed_service_cost": 204.0,
            "iecc09_designed_total_cost": 1614.484131,
            "iecc12_designed_lights_appliance_cost": 607.052551,
            "iecc04_designed_overall_u0": 331.759857,
            "iecc00_reference_overall_u0": 0.100163,
            "iecc09_reference_service_cost": 204.0,
            "iecc04_designed_photo_voltaic_cost": 0.0,
            "iecc03_designed_heating_consumption": 37.100986,
            "iecc04_reference_lights_appliance_cost": 587.759583,
            "iecc09_reference_hot_water_cost": 201.251541,
            "iecc12_reference_hot_water_cost": 201.251541,
            "passes_iecc01_ducts_overall_u0": true,
            "iecc06_designed_heating_cost": 320.338562,
            "passes_iecc03_consumption_compliance": true,
            "iecc01_reference_total_consumption": 105.521797,
            "iecc12_designed_service_cost": 204.0,
            "iecc03_designed_hot_water_consumption": 14.015734,
            "iecc00_designed_photo_voltaic_consumption": 0.0,
            "iecc00_designed_overall_u0": 0.062437,
            "passes_iecc00_ducts_overall_u0": true,
            "_result_number": 5,
            "iecc12_designed_cooling_cost": 144.643799,
            "iecc03_designed_cooling_consumption": 3.104006,
            "iecc01_reference_photo_voltaic_consumption": 0.0,
            "iecc01_designed_cooling_consumption": 3.104006,
            "iecc03_designed_photo_voltaic_consumption": 0.0,
            "iecc06_reference_lights_appliance_cost": 587.759583,
            "iecc09_designed_hot_water_cost": 136.793549,
            "passes_iecc98_ducts_overall_u0": true,
            "iecc00_reference_cooling_consumption": 5.678314,
            "iecc98_designed_total_consumption": 76.733849,
            "passes_iecc04_ducts_overall_u0": true,
            "iecc06_designed_total_cost": 1499.841797,
            "iecc04_reference_cooling_cost": 112.456367,
            "iecc09_designed_service_cost": 204.0,
            "iecc98_designed_overall_u0": 0.062437,
            "iecc00_designed_lights_appliance_consumption": 22.513121,
            "iecc06_reference_heating_cost": 572.049683,
            "iecc00_reference_total_consumption": 105.521797,
            "iecc00_designed_total_consumption": 76.733849,
            "iecc09_reference_heating_cost": 588.843262,
            "iecc03_reference_total_consumption": 105.521797,
            "iecc03_designed_overall_u0": 0.062437,
            "iecc09_reference_total_cost": 1692.893555,
            "iecc04_designed_cooling_cost": 111.482819,
            "passes_iecc03_ducts_overall_u0": true,
            "iecc98_reference_overall_u0": 0.100163,
            "iecc06_designed_lights_appliance_cost": 727.226929,
            "iecc12_designed_overall_u0": 331.759857,
            "iecc06_designed_service_cost": 204.0,
            "passes_iecc06_code": true,
            "iecc98_reference_heating_consumption": 55.822754
        }
    },
    {
        "pk": 7,
        "model": "remrate_data.iecc",
        "fields": {
            "iecc98_reference_lights_appliance_consumption": 21.163496,
            "passes_iecc12_consumption_compliance": true,
            "iecc09_reference_overall_u0": 377.717743,
            "passes_iecc06_consumption_compliance": true,
            "passes_iecc06_ducts_overall_u0": true,
            "iecc03_reference_lights_appliance_consumption": 21.163496,
            "iecc01_reference_heating_consumption": 55.822754,
            "iecc00_designed_cooling_consumption": 3.104006,
            "iecc01_designed_hot_water_consumption": 14.015734,
            "iecc12_reference_lights_appliance_cost": 580.385315,
            "iecc06_reference_total_cost": 1682.032104,
            "iecc01_reference_cooling_consumption": 5.678314,
            "iecc00_reference_hot_water_consumption": 22.857235,
            "iecc09_reference_photo_voltaic_cost": 0.0,
            "iecc12_reference_service_cost": 204.0,
            "iecc04_reference_service_cost": 204.0,
            "iecc12_designed_heating_cost": 399.420349,
            "iecc06_designed_overall_u0": 331.759857,
            "iecc06_reference_photo_voltaic_cost": 0.0,
            "iecc03_reference_cooling_consumption": 5.678314,
            "passes_iecc98_overall_u0": true,
            "meets_iecc98_consumption_compliance": true,
            "iecc06_reference_hot_water_cost": 201.251541,
            "passes_iecc00_overall_u0": true,
            "iecc04_reference_overall_u0": 385.317505,
            "iecc12_reference_overall_u0": 359.954254,
            "iecc01_reference_hot_water_consumption": 22.857235,
            "passes_iecc01_overall_u0": true,
            "iecc00_designed_heating_consumption": 37.100986,
            "iecc01_reference_lights_appliance_consumption": 21.163496,
            "iecc01_designed_heating_consumption": 37.100986,
            "iecc04_reference_photo_voltaic_cost": 0.0,
            "iecc98_designed_hot_water_consumption": 14.015734,
            "iecc06_reference_overall_u0": 385.317505,
            "iecc01_designed_photo_voltaic_consumption": 0.0,
            "iecc04_reference_hot_water_cost": 201.251541,
            "iecc09_designed_heating_cost": 412.182159,
            "iecc03_reference_overall_u0": 0.100163,
            "iecc12_reference_cooling_cost": 144.220749,
            "iecc12_designed_total_cost": 1491.910278,
            "iecc00_designed_hot_water_consumption": 14.015734,
            "passes_iecc03_overall_u0": true,
            "passes_iecc12_code": false,
            "iecc09_designed_lights_appliance_cost": 727.407471,
            "passes_iecc09_ducts_overall_u0": true,
            "iecc01_reference_overall_u0": 0.100163,
            "rating_number": "Unrelated",
            "iecc04_designed_heating_cost": 320.338562,
            "iecc12_reference_total_cost": 1597.727051,
            "iecc04_designed_hot_water_cost": 136.793549,
            "iecc00_reference_lights_appliance_consumption": 21.163496,
            "iecc98_reference_cooling_consumption": 5.678314,
            "iecc98_designed_lights_appliance_consumption": 22.513121,
            "passes_iecc06_overall_ua_compliance": true,
            "iecc00_reference_heating_consumption": 55.822754,
            "passes_iecc12_ducts_overall_u0": true,
            "iecc98_reference_hot_water_consumption": 22.857235,
            "iecc04_designed_lights_appliance_cost": 727.226929,
            "iecc03_designed_total_consumption": 76.733849,
            "meets_iecc01_consumption_compliance": true,
            "iecc12_reference_photo_voltaic_cost": 0.0,
            "passes_iecc09_consumption_compliance": true,
            "iecc03_reference_heating_consumption": 55.822754,
            "simulation": 7,
            "iecc12_reference_heating_cost": 467.869476,
            "iecc01_designed_total_consumption": 76.733849,
            "iecc12_designed_hot_water_cost": 136.793549,
            "passes_iecc04_overall_ua_compliance": true,
            "iecc03_reference_hot_water_consumption": 22.857235,
            "iecc09_designed_overall_u0": 331.759857,
            "iecc09_reference_cooling_cost": 111.039177,
            "iecc06_designed_hot_water_cost": 136.793549,
            "passes_iecc12_overall_ua_compliance": false,
            "iecc98_designed_heating_consumption": 37.100986,
            "iecc98_designed_cooling_consumption": 3.104006,
            "iecc09_designed_photo_voltaic_cost": 0.0,
            "iecc06_reference_service_cost": 204.0,
            "passes_iecc09_code": true,
            "meets_iecc00_consumption_compliance": true,
            "iecc01_designed_overall_u0": 0.062437,
            "iecc06_reference_cooling_cost": 116.971329,
            "iecc09_reference_lights_appliance_cost": 587.759583,
            "iecc04_reference_total_cost": 1741.758789,
            "iecc03_reference_photo_voltaic_consumption": 0.0,
            "iecc98_designed_photo_voltaic_consumption": 0.0,
            "iecc03_designed_lights_appliance_consumption": 22.513121,
            "iecc06_designed_cooling_cost": 111.482819,
            "iecc04_designed_total_cost": 1499.841797,
            "passes_iecc04_code": true,
            "iecc98_reference_photo_voltaic_consumption": 0.0,
            "iecc12_designed_photo_voltaic_cost": 0.0,
            "iecc98_reference_total_consumption": 105.521797,
            "iecc04_reference_heating_cost": 636.29126,
            "passes_iecc09_overall_ua_compliance": true,
            "iecc00_reference_photo_voltaic_consumption": 0.0,
            "iecc09_designed_cooling_cost": 134.100967,
            "passes_iecc04_consumption_compliance": true,
            "iecc06_designed_photo_voltaic_cost": 0.0,
            "iecc01_designed_lights_appliance_consumption": 22.513121,
            "iecc04_designed_service_cost": 204.0,
            "iecc09_designed_total_cost": 1614.484131,
            "iecc12_designed_lights_appliance_cost": 607.052551,
            "iecc04_designed_overall_u0": 331.759857,
            "iecc00_reference_overall_u0": 0.100163,
            "iecc09_reference_service_cost": 204.0,
            "iecc04_designed_photo_voltaic_cost": 0.0,
            "iecc03_designed_heating_consumption": 37.100986,
            "iecc04_reference_lights_appliance_cost": 587.759583,
            "iecc09_reference_hot_water_cost": 201.251541,
            "iecc12_reference_hot_water_cost": 201.251541,
            "passes_iecc01_ducts_overall_u0": true,
            "iecc06_designed_heating_cost": 320.338562,
            "passes_iecc03_consumption_compliance": true,
            "iecc01_reference_total_consumption": 105.521797,
            "iecc12_designed_service_cost": 204.0,
            "iecc03_designed_hot_water_consumption": 14.015734,
            "iecc00_designed_photo_voltaic_consumption": 0.0,
            "iecc00_designed_overall_u0": 0.062437,
            "passes_iecc00_ducts_overall_u0": true,
            "_result_number": 6,
            "iecc12_designed_cooling_cost": 144.643799,
            "iecc03_designed_cooling_consumption": 3.104006,
            "iecc01_reference_photo_voltaic_consumption": 0.0,
            "iecc01_designed_cooling_consumption": 3.104006,
            "iecc03_designed_photo_voltaic_consumption": 0.0,
            "iecc06_reference_lights_appliance_cost": 587.759583,
            "iecc09_designed_hot_water_cost": 136.793549,
            "passes_iecc98_ducts_overall_u0": true,
            "iecc00_reference_cooling_consumption": 5.678314,
            "iecc98_designed_total_consumption": 76.733849,
            "passes_iecc04_ducts_overall_u0": true,
            "iecc06_designed_total_cost": 1499.841797,
            "iecc04_reference_cooling_cost": 112.456367,
            "iecc09_designed_service_cost": 204.0,
            "iecc98_designed_overall_u0": 0.062437,
            "iecc00_designed_lights_appliance_consumption": 22.513121,
            "iecc06_reference_heating_cost": 572.049683,
            "iecc00_reference_total_consumption": 105.521797,
            "iecc00_designed_total_consumption": 76.733849,
            "iecc09_reference_heating_cost": 588.843262,
            "iecc03_reference_total_consumption": 105.521797,
            "iecc03_designed_overall_u0": 0.062437,
            "iecc09_reference_total_cost": 1692.893555,
            "iecc04_designed_cooling_cost": 111.482819,
            "passes_iecc03_ducts_overall_u0": true,
            "iecc98_reference_overall_u0": 0.100163,
            "iecc06_designed_lights_appliance_cost": 727.226929,
            "iecc12_designed_overall_u0": 331.759857,
            "iecc06_designed_service_cost": 204.0,
            "passes_iecc06_code": true,
            "iecc98_reference_heating_consumption": 55.822754
        }
    },
    {
        "pk": 1,
        "model": "remrate_data.compliance",
        "fields": {
            "iecc98_reference_lights_appliance_consumption": 21.163496,
            "mec93_reference_cooling_consumption": 3.423435,
            "hers_reference_photo_voltaic_consumption": 0.0,
            "mec92_reference_lights_appliance_consumption": 22.513121,
            "passes_iecc06_consumption_compliance": true,
            "passes_iecc06_ducts_overall_u0": true,
            "mec92_designed_total_consumption": 68.850853,
            "iecc03_reference_lights_appliance_consumption": 21.163496,
            "iecc01_reference_heating_consumption": 55.822754,
            "iecc09_reference_cooling_cost": 111.039177,
            "mec95_reference_hot_water_consumption": 22.857235,
            "ny_ecc_reference_cooling_consumption": 4.432796,
            "iecc00_designed_cooling_consumption": 3.104006,
            "iecc01_designed_hot_water_consumption": 14.015734,
            "iecc06_reference_total_cost": 1682.032104,
            "iecc01_reference_cooling_consumption": 5.678314,
            "ny_ecc_reference_heating_consumption": 55.730492,
            "iecc00_reference_hot_water_consumption": 22.857235,
            "iecc09_reference_overall_u0": 377.717743,
            "mec95_reference_overall_u0": 0.100163,
            "passes_mec95_consumption_compliance": true,
            "iecc09_reference_photo_voltaic_cost": 0.0,
            "passes_mec93_ducts_u0": true,
            "iecc04_reference_service_cost": 204.0,
            "passes_energy_star_v3": false,
            "ashrae_90p2_designed_cost": 1362.022461,
            "iecc06_designed_overall_u0": 331.759857,
            "ny_ecc_designed_hot_water_consumption": 14.015734,
            "hers_designed_hot_water_consumption": 15.234493,
            "meets_ashrae_90p2_envelope_compliance": true,
            "iecc03_reference_cooling_consumption": 5.678314,
            "iecc98_designed_total_consumption": 76.733849,
            "nv_ecc_designed_cooling_consumption": 3.764037,
            "hers_designed_heating_consumption": 31.305382,
            "meets_iecc98_consumption_compliance": true,
            "iecc06_reference_hot_water_cost": 201.251541,
            "passes_iecc00_overall_u0": true,
            "iecc04_reference_overall_u0": 385.317505,
            "hers_designed_lights_appliance_consumption": 26.561998,
            "iecc01_reference_hot_water_consumption": 22.857235,
            "passes_iecc01_overall_u0": true,
            "mec95_reference_photo_voltaic_consumption": 0.0,
            "iecc00_designed_heating_consumption": 37.100986,
            "iecc01_reference_lights_appliance_consumption": 21.163496,
            "iecc09_designed_cooling_cost": 134.100967,
            "iecc01_designed_heating_consumption": 37.100986,
            "hers_reference_hot_water_consumption": 20.620039,
            "iecc04_reference_photo_voltaic_cost": 0.0,
            "nv_ecc_reference_photo_voltaic_consumption": 0.0,
            "iecc98_designed_hot_water_consumption": 14.015734,
            "iecc06_reference_overall_u0": 385.317505,
            "mec92_reference_heating_consumption": 114.379883,
            "hers_photo_voltaic_adjusted_score": 68.0,
            "iecc01_designed_photo_voltaic_consumption": 0.0,
            "mec92_designed_heating_consumption": 28.385342,
            "iecc04_reference_hot_water_cost": 201.251541,
            "mec95_designed_hot_water_consumption": 14.015734,
            "ashrae_90p2_load_change": 4.109407,
            "nv_ecc_reference_lights_appliance_consumption": 21.863106,
            "iecc03_reference_overall_u0": 0.100163,
            "hers_reference_heating_consumption": 57.022278,
            "mec95_designed_cooling_consumption": 3.936655,
            "mec95_designed_lights_appliance_consumption": 22.513121,
            "iecc00_designed_hot_water_consumption": 14.015734,
            "passes_iecc03_overall_u0": true,
            "ny_ecc_designed_cooling_consumption": 4.523052,
            "iecc01_designed_overall_u0": 0.062437,
            "passes_iecc12_code": false,
            "ny_ecc_designed_photo_voltaic_consumption": 0.0,
            "passes_iecc09_ducts_overall_u0": true,
            "ny_hers_score": 0.0,
            "mec93_designed_total_consumption": 68.850853,
            "ny_ecc_reference_photo_voltaic_consumption": 0.0,
            "hers_reference_lights_appliance_consumption": 27.960676,
            "iecc01_reference_overall_u0": 0.100163,
            "rating_number": "Non-Solar 001",
            "ny_ecc_designed_heating_consumption": 41.539246,
            "iecc04_designed_heating_cost": 320.338562,
            "hers_stars": 5.5,
            "meets_ashrae_90p2_cost_compliance": true,
            "energy_star_hers_score": 74.0,
            "mec93_as_designed_overall_u0": 0.062437,
            "mec95_reference_cooling_consumption": 4.222341,
            "iecc04_designed_hot_water_cost": 136.793549,
            "iecc00_reference_lights_appliance_consumption": 21.163496,
            "iecc98_reference_cooling_consumption": 5.678314,
            "mec93_reference_hot_water_consumption": 14.015734,
            "iecc09_designed_heating_cost": 412.182159,
            "iecc98_designed_lights_appliance_consumption": 22.513121,
            "passes_mec95_ducts_u0": true,
            "passes_iecc06_overall_ua_compliance": true,
            "iecc00_reference_heating_consumption": 55.822754,
            "passes_mec95_overall_u0": true,
            "ashrae_90p2_designed_consumption": 70.995827,
            "mec95_designed_heating_consumption": 28.385342,
            "ny_ecc_reference_total_consumption": 102.646431,
            "iecc98_reference_hot_water_consumption": 22.857235,
            "iecc09_designed_photo_voltaic_cost": 0.0,
            "iecc04_designed_lights_appliance_cost": 727.226929,
            "iecc03_designed_total_consumption": 76.733849,
            "mec92_reference_photo_voltaic_consumption": 0.0,
            "meets_iecc01_consumption_compliance": true,
            "mec92_reference_cooling_consumption": 3.42346,
            "nv_ecc_designed_photo_voltaic_consumption": 0.0,
            "passes_iecc09_consumption_compliance": true,
            "iecc03_reference_heating_consumption": 55.822754,
            "simulation": 1,
            "hers_130": 934.649475,
            "mec95_reference_heating_consumption": 91.226997,
            "iecc01_designed_total_consumption": 76.733849,
            "passes_iecc04_overall_ua_compliance": true,
            "size_adjustment_factor": 1.0,
            "mec92_designed_lights_appliance_consumption": 22.513121,
            "iecc03_reference_hot_water_consumption": 22.857235,
            "mec95_designed_total_consumption": 68.850853,
            "iecc09_designed_overall_u0": 331.759857,
            "mec93_designed_heating_consumption": 28.385342,
            "mec95_reference_lights_appliance_consumption": 22.513121,
            "energy_star_hers_saf_score": 74.0,
            "mec93_reference_heating_consumption": 114.372498,
            "passes_mec93_consumption_compliance": true,
            "iecc06_designed_hot_water_cost": 136.793549,
            "mec93_designed_cooling_consumption": 3.936655,
            "iecc98_designed_heating_consumption": 37.100986,
            "iecc98_designed_cooling_consumption": 3.104006,
            "mec93_reference_lights_appliance_consumption": 22.513121,
            "passes_mec92_overall_u0": true,
            "iecc06_reference_service_cost": 204.0,
            "passes_iecc09_code": true,
            "passes_mec93_overall_u0": true,
            "iecc09_reference_heating_cost": 588.843262,
            "mec92_reference_total_consumption": 154.332199,
            "nv_ecc_reference_total_consumption": 102.132256,
            "iecc09_designed_lights_appliance_cost": 727.407471,
            "nv_ecc_reference_heating_consumption": 55.699764,
            "meets_iecc00_consumption_compliance": true,
            "nv_energy_plus_rebate": 0.0,
            "mec93_reference_photo_voltaic_consumption": 0.0,
            "mec93_reference_overall_u0": 0.100163,
            "ny_ecc_designed_total_consumption": 86.64003,
            "iecc06_reference_cooling_cost": 116.971329,
            "nv_ecc_reference_cooling_consumption": 3.949347,
            "iecc09_reference_lights_appliance_cost": 587.759583,
            "hers_reference_cooling_consumption": 5.363888,
            "iecc04_reference_total_cost": 1741.758789,
            "iecc03_reference_photo_voltaic_consumption": 0.0,
            "nv_ecc_reference_hot_water_consumption": 20.620039,
            "iecc98_designed_photo_voltaic_consumption": 0.0,
            "iecc03_designed_lights_appliance_consumption": 22.513121,
            "mec92_designed_photo_voltaic_consumption": 0.0,
            "ashrae_90p2_reference_cost": 1870.705933,
            "iecc06_designed_cooling_cost": 111.482819,
            "iecc04_designed_total_cost": 1499.841797,
            "passes_iecc04_code": true,
            "iecc98_reference_photo_voltaic_consumption": 0.0,
            "mec95_reference_total_consumption": 140.819687,
            "iecc98_reference_total_consumption": 105.521797,
            "passes_mec92_ducts_u0": true,
            "mec92_reference_overall_u0": 0.100173,
            "iecc04_designed_overall_u0": 331.759857,
            "iecc04_reference_heating_cost": 636.29126,
            "hers_designed_cooling_consumption": 3.709555,
            "passes_epact_tax_credit": false,
            "iecc00_reference_photo_voltaic_consumption": 0.0,
            "mec95_designed_photo_voltaic_consumption": 0.0,
            "passes_iecc04_consumption_compliance": true,
            "iecc06_designed_photo_voltaic_cost": 0.0,
            "iecc01_designed_lights_appliance_consumption": 22.513121,
            "passes_nv_ecc_consumption_compliance": true,
            "passes_energy_star_v2p5": true,
            "iecc04_designed_service_cost": 204.0,
            "passes_mec92_consumption_compliance": true,
            "iecc09_designed_total_cost": 1614.484131,
            "passes_ny_ecc_consumption_compliance": true,
            "ny_ecc_reference_lights_appliance_consumption": 21.863106,
            "mec93_designed_hot_water_consumption": 14.015734,
            "mec95_as_designed_overall_u0": 0.062437,
            "hers_total_cost": 1502.296997,
            "iecc00_reference_overall_u0": 0.100163,
            "hers_reference_total_consumption": 110.966881,
            "iecc04_designed_photo_voltaic_cost": 0.0,
            "passes_iecc01_ducts_overall_u0": true,
            "iecc03_designed_heating_consumption": 37.100986,
            "nv_ecc_designed_hot_water_consumption": 14.015734,
            "iecc04_reference_lights_appliance_cost": 587.759583,
            "iecc09_reference_hot_water_cost": 201.251541,
            "hers_index": 68.0,
            "ny_ecc_reference_hot_water_consumption": 20.620039,
            "iecc06_designed_heating_cost": 320.338562,
            "iecc06_reference_photo_voltaic_cost": 0.0,
            "passes_iecc03_consumption_compliance": true,
            "iecc01_reference_total_consumption": 105.521797,
            "iecc03_designed_overall_u0": 0.062437,
            "mec93_designed_photo_voltaic_consumption": 0.0,
            "iecc03_designed_hot_water_consumption": 14.015734,
            "ny_ecc_designed_lights_appliance_consumption": 26.561998,
            "iecc00_designed_photo_voltaic_consumption": 0.0,
            "iecc00_designed_overall_u0": 0.062437,
            "passes_iecc00_ducts_overall_u0": true,
            "_result_number": 0,
            "iecc03_designed_cooling_consumption": 3.104006,
            "passes_doe_challenge_home": false,
            "iecc01_reference_photo_voltaic_consumption": 0.0,
            "iecc01_designed_cooling_consumption": 3.104006,
            "hers_designed_photo_voltaic_consumption": 0.0,
            "iecc03_designed_photo_voltaic_consumption": 0.0,
            "iecc09_reference_service_cost": 204.0,
            "iecc06_reference_lights_appliance_cost": 587.759583,
            "mec92_designed_hot_water_consumption": 14.015734,
            "iecc09_designed_hot_water_cost": 136.793549,
            "mec93_designed_lights_appliance_consumption": 22.513121,
            "passes_iecc98_ducts_overall_u0": true,
            "mec92_reference_hot_water_consumption": 14.015734,
            "passes_energy_star_v2": true,
            "iecc00_reference_cooling_consumption": 5.678314,
            "passes_iecc98_overall_u0": true,
            "passes_iecc04_ducts_overall_u0": true,
            "iecc06_designed_total_cost": 1499.841797,
            "iecc04_reference_cooling_cost": 112.456367,
            "iecc09_designed_service_cost": 204.0,
            "nv_ecc_designed_heating_consumption": 32.108974,
            "iecc98_designed_overall_u0": 0.062437,
            "passes_iecc09_overall_ua_compliance": true,
            "ashrae_90p2_reference_consumption": 112.859276,
            "iecc00_designed_lights_appliance_consumption": 22.513121,
            "iecc06_reference_heating_cost": 572.049683,
            "nv_ecc_designed_total_consumption": 76.450745,
            "iecc00_reference_total_consumption": 105.521797,
            "iecc00_designed_total_consumption": 76.733849,
            "mec92_designed_cooling_consumption": 3.936655,
            "hers_designed_total_consumption": 76.811432,
            "mec92_as_designed_overall_u0": 0.062437,
            "iecc03_reference_total_consumption": 105.521797,
            "nv_ecc_designed_lights_appliance_consumption": 26.561998,
            "iecc09_reference_total_cost": 1692.893555,
            "iecc04_designed_cooling_cost": 111.482819,
            "passes_iecc03_ducts_overall_u0": true,
            "iecc98_reference_overall_u0": 0.100163,
            "mec93_reference_total_consumption": 154.324783,
            "iecc06_designed_lights_appliance_cost": 727.226929,
            "iecc06_designed_service_cost": 204.0,
            "passes_iecc06_code": true,
            "iecc98_reference_heating_consumption": 55.822754
        }
    },
    {
        "pk": 2,
        "model": "remrate_data.compliance",
        "fields": {
            "iecc98_reference_lights_appliance_consumption": 21.163496,
            "mec93_reference_cooling_consumption": 3.423435,
            "hers_reference_photo_voltaic_consumption": 0.0,
            "mec92_reference_lights_appliance_consumption": 22.513121,
            "passes_iecc06_consumption_compliance": true,
            "passes_iecc06_ducts_overall_u0": true,
            "mec92_designed_total_consumption": 68.850853,
            "iecc03_reference_lights_appliance_consumption": 21.163496,
            "iecc01_reference_heating_consumption": 55.822754,
            "iecc09_reference_cooling_cost": 111.039177,
            "mec95_reference_hot_water_consumption": 22.857235,
            "ny_ecc_reference_cooling_consumption": 4.432796,
            "iecc00_designed_cooling_consumption": 3.104006,
            "iecc01_designed_hot_water_consumption": 14.015734,
            "iecc06_reference_total_cost": 1682.032104,
            "iecc01_reference_cooling_consumption": 5.678314,
            "ny_ecc_reference_heating_consumption": 55.730492,
            "iecc00_reference_hot_water_consumption": 22.857235,
            "iecc09_reference_overall_u0": 377.717743,
            "mec95_reference_overall_u0": 0.100163,
            "passes_mec95_consumption_compliance": true,
            "iecc09_reference_photo_voltaic_cost": 0.0,
            "passes_mec93_ducts_u0": true,
            "iecc04_reference_service_cost": 204.0,
            "passes_energy_star_v3": false,
            "ashrae_90p2_designed_cost": 1362.022461,
            "iecc06_designed_overall_u0": 331.759857,
            "ny_ecc_designed_hot_water_consumption": 14.015734,
            "hers_designed_hot_water_consumption": 15.234493,
            "meets_ashrae_90p2_envelope_compliance": true,
            "iecc03_reference_cooling_consumption": 5.678314,
            "iecc98_designed_total_consumption": 76.733849,
            "nv_ecc_designed_cooling_consumption": 3.764037,
            "hers_designed_heating_consumption": 31.305382,
            "meets_iecc98_consumption_compliance": true,
            "iecc06_reference_hot_water_cost": 201.251541,
            "passes_iecc00_overall_u0": true,
            "iecc04_reference_overall_u0": 385.317505,
            "hers_designed_lights_appliance_consumption": 26.561998,
            "iecc01_reference_hot_water_consumption": 22.857235,
            "passes_iecc01_overall_u0": true,
            "mec95_reference_photo_voltaic_consumption": 0.0,
            "iecc00_designed_heating_consumption": 37.100986,
            "iecc01_reference_lights_appliance_consumption": 21.163496,
            "iecc09_designed_cooling_cost": 134.100967,
            "iecc01_designed_heating_consumption": 37.100986,
            "hers_reference_hot_water_consumption": 20.620039,
            "iecc04_reference_photo_voltaic_cost": 0.0,
            "nv_ecc_reference_photo_voltaic_consumption": 0.0,
            "iecc98_designed_hot_water_consumption": 14.015734,
            "iecc06_reference_overall_u0": 385.317505,
            "mec92_reference_heating_consumption": 114.379883,
            "hers_photo_voltaic_adjusted_score": 68.0,
            "iecc01_designed_photo_voltaic_consumption": 0.0,
            "mec92_designed_heating_consumption": 28.385342,
            "iecc04_reference_hot_water_cost": 201.251541,
            "mec95_designed_hot_water_consumption": 14.015734,
            "ashrae_90p2_load_change": 4.109407,
            "nv_ecc_reference_lights_appliance_consumption": 21.863106,
            "iecc03_reference_overall_u0": 0.100163,
            "hers_reference_heating_consumption": 57.022278,
            "mec95_designed_cooling_consumption": 3.936655,
            "mec95_designed_lights_appliance_consumption": 22.513121,
            "iecc00_designed_hot_water_consumption": 14.015734,
            "passes_iecc03_overall_u0": true,
            "ny_ecc_designed_cooling_consumption": 4.523052,
            "iecc01_designed_overall_u0": 0.062437,
            "passes_iecc12_code": false,
            "ny_ecc_designed_photo_voltaic_consumption": 0.0,
            "passes_iecc09_ducts_overall_u0": true,
            "ny_hers_score": 0.0,
            "mec93_designed_total_consumption": 68.850853,
            "ny_ecc_reference_photo_voltaic_consumption": 0.0,
            "hers_reference_lights_appliance_consumption": 27.960676,
            "iecc01_reference_overall_u0": 0.100163,
            "rating_number": "Non-Solar 001",
            "ny_ecc_designed_heating_consumption": 41.539246,
            "iecc04_designed_heating_cost": 320.338562,
            "hers_stars": 5.5,
            "meets_ashrae_90p2_cost_compliance": true,
            "energy_star_hers_score": 74.0,
            "mec93_as_designed_overall_u0": 0.062437,
            "mec95_reference_cooling_consumption": 4.222341,
            "iecc04_designed_hot_water_cost": 136.793549,
            "iecc00_reference_lights_appliance_consumption": 21.163496,
            "iecc98_reference_cooling_consumption": 5.678314,
            "mec93_reference_hot_water_consumption": 14.015734,
            "iecc09_designed_heating_cost": 412.182159,
            "iecc98_designed_lights_appliance_consumption": 22.513121,
            "passes_mec95_ducts_u0": true,
            "passes_iecc06_overall_ua_compliance": true,
            "iecc00_reference_heating_consumption": 55.822754,
            "passes_mec95_overall_u0": true,
            "ashrae_90p2_designed_consumption": 70.995827,
            "mec95_designed_heating_consumption": 28.385342,
            "ny_ecc_reference_total_consumption": 102.646431,
            "iecc98_reference_hot_water_consumption": 22.857235,
            "iecc09_designed_photo_voltaic_cost": 0.0,
            "iecc04_designed_lights_appliance_cost": 727.226929,
            "iecc03_designed_total_consumption": 76.733849,
            "mec92_reference_photo_voltaic_consumption": 0.0,
            "meets_iecc01_consumption_compliance": true,
            "mec92_reference_cooling_consumption": 3.42346,
            "nv_ecc_designed_photo_voltaic_consumption": 0.0,
            "passes_iecc09_consumption_compliance": true,
            "iecc03_reference_heating_consumption": 55.822754,
            "simulation": 2,
            "hers_130": 934.649475,
            "mec95_reference_heating_consumption": 91.226997,
            "iecc01_designed_total_consumption": 76.733849,
            "passes_iecc04_overall_ua_compliance": true,
            "size_adjustment_factor": 1.0,
            "mec92_designed_lights_appliance_consumption": 22.513121,
            "iecc03_reference_hot_water_consumption": 22.857235,
            "mec95_designed_total_consumption": 68.850853,
            "iecc09_designed_overall_u0": 331.759857,
            "mec93_designed_heating_consumption": 28.385342,
            "mec95_reference_lights_appliance_consumption": 22.513121,
            "energy_star_hers_saf_score": 74.0,
            "mec93_reference_heating_consumption": 114.372498,
            "passes_mec93_consumption_compliance": true,
            "iecc06_designed_hot_water_cost": 136.793549,
            "mec93_designed_cooling_consumption": 3.936655,
            "iecc98_designed_heating_consumption": 37.100986,
            "iecc98_designed_cooling_consumption": 3.104006,
            "mec93_reference_lights_appliance_consumption": 22.513121,
            "passes_mec92_overall_u0": true,
            "iecc06_reference_service_cost": 204.0,
            "passes_iecc09_code": true,
            "passes_mec93_overall_u0": true,
            "iecc09_reference_heating_cost": 588.843262,
            "mec92_reference_total_consumption": 154.332199,
            "nv_ecc_reference_total_consumption": 102.132256,
            "iecc09_designed_lights_appliance_cost": 727.407471,
            "nv_ecc_reference_heating_consumption": 55.699764,
            "meets_iecc00_consumption_compliance": true,
            "nv_energy_plus_rebate": 0.0,
            "mec93_reference_photo_voltaic_consumption": 0.0,
            "mec93_reference_overall_u0": 0.100163,
            "ny_ecc_designed_total_consumption": 86.64003,
            "iecc06_reference_cooling_cost": 116.971329,
            "nv_ecc_reference_cooling_consumption": 3.949347,
            "iecc09_reference_lights_appliance_cost": 587.759583,
            "hers_reference_cooling_consumption": 5.363888,
            "iecc04_reference_total_cost": 1741.758789,
            "iecc03_reference_photo_voltaic_consumption": 0.0,
            "nv_ecc_reference_hot_water_consumption": 20.620039,
            "iecc98_designed_photo_voltaic_consumption": 0.0,
            "iecc03_designed_lights_appliance_consumption": 22.513121,
            "mec92_designed_photo_voltaic_consumption": 0.0,
            "ashrae_90p2_reference_cost": 1870.705933,
            "iecc06_designed_cooling_cost": 111.482819,
            "iecc04_designed_total_cost": 1499.841797,
            "passes_iecc04_code": true,
            "iecc98_reference_photo_voltaic_consumption": 0.0,
            "mec95_reference_total_consumption": 140.819687,
            "iecc98_reference_total_consumption": 105.521797,
            "passes_mec92_ducts_u0": true,
            "mec92_reference_overall_u0": 0.100173,
            "iecc04_designed_overall_u0": 331.759857,
            "iecc04_reference_heating_cost": 636.29126,
            "hers_designed_cooling_consumption": 3.709555,
            "passes_epact_tax_credit": false,
            "iecc00_reference_photo_voltaic_consumption": 0.0,
            "mec95_designed_photo_voltaic_consumption": 0.0,
            "passes_iecc04_consumption_compliance": true,
            "iecc06_designed_photo_voltaic_cost": 0.0,
            "iecc01_designed_lights_appliance_consumption": 22.513121,
            "passes_nv_ecc_consumption_compliance": true,
            "passes_energy_star_v2p5": true,
            "iecc04_designed_service_cost": 204.0,
            "passes_mec92_consumption_compliance": true,
            "iecc09_designed_total_cost": 1614.484131,
            "passes_ny_ecc_consumption_compliance": true,
            "ny_ecc_reference_lights_appliance_consumption": 21.863106,
            "mec93_designed_hot_water_consumption": 14.015734,
            "mec95_as_designed_overall_u0": 0.062437,
            "hers_total_cost": 1502.296997,
            "iecc00_reference_overall_u0": 0.100163,
            "hers_reference_total_consumption": 110.966881,
            "iecc04_designed_photo_voltaic_cost": 0.0,
            "passes_iecc01_ducts_overall_u0": true,
            "iecc03_designed_heating_consumption": 37.100986,
            "nv_ecc_designed_hot_water_consumption": 14.015734,
            "iecc04_reference_lights_appliance_cost": 587.759583,
            "iecc09_reference_hot_water_cost": 201.251541,
            "hers_index": 68.0,
            "ny_ecc_reference_hot_water_consumption": 20.620039,
            "iecc06_designed_heating_cost": 320.338562,
            "iecc06_reference_photo_voltaic_cost": 0.0,
            "passes_iecc03_consumption_compliance": true,
            "iecc01_reference_total_consumption": 105.521797,
            "iecc03_designed_overall_u0": 0.062437,
            "mec93_designed_photo_voltaic_consumption": 0.0,
            "iecc03_designed_hot_water_consumption": 14.015734,
            "ny_ecc_designed_lights_appliance_consumption": 26.561998,
            "iecc00_designed_photo_voltaic_consumption": 0.0,
            "iecc00_designed_overall_u0": 0.062437,
            "passes_iecc00_ducts_overall_u0": true,
            "_result_number": 1,
            "iecc03_designed_cooling_consumption": 3.104006,
            "passes_doe_challenge_home": false,
            "iecc01_reference_photo_voltaic_consumption": 0.0,
            "iecc01_designed_cooling_consumption": 3.104006,
            "hers_designed_photo_voltaic_consumption": 0.0,
            "iecc03_designed_photo_voltaic_consumption": 0.0,
            "iecc09_reference_service_cost": 204.0,
            "iecc06_reference_lights_appliance_cost": 587.759583,
            "mec92_designed_hot_water_consumption": 14.015734,
            "iecc09_designed_hot_water_cost": 136.793549,
            "mec93_designed_lights_appliance_consumption": 22.513121,
            "passes_iecc98_ducts_overall_u0": true,
            "mec92_reference_hot_water_consumption": 14.015734,
            "passes_energy_star_v2": true,
            "iecc00_reference_cooling_consumption": 5.678314,
            "passes_iecc98_overall_u0": true,
            "passes_iecc04_ducts_overall_u0": true,
            "iecc06_designed_total_cost": 1499.841797,
            "iecc04_reference_cooling_cost": 112.456367,
            "iecc09_designed_service_cost": 204.0,
            "nv_ecc_designed_heating_consumption": 32.108974,
            "iecc98_designed_overall_u0": 0.062437,
            "passes_iecc09_overall_ua_compliance": true,
            "ashrae_90p2_reference_consumption": 112.859276,
            "iecc00_designed_lights_appliance_consumption": 22.513121,
            "iecc06_reference_heating_cost": 572.049683,
            "nv_ecc_designed_total_consumption": 76.450745,
            "iecc00_reference_total_consumption": 105.521797,
            "iecc00_designed_total_consumption": 76.733849,
            "mec92_designed_cooling_consumption": 3.936655,
            "hers_designed_total_consumption": 76.811432,
            "mec92_as_designed_overall_u0": 0.062437,
            "iecc03_reference_total_consumption": 105.521797,
            "nv_ecc_designed_lights_appliance_consumption": 26.561998,
            "iecc09_reference_total_cost": 1692.893555,
            "iecc04_designed_cooling_cost": 111.482819,
            "passes_iecc03_ducts_overall_u0": true,
            "iecc98_reference_overall_u0": 0.100163,
            "mec93_reference_total_consumption": 154.324783,
            "iecc06_designed_lights_appliance_cost": 727.226929,
            "iecc06_designed_service_cost": 204.0,
            "passes_iecc06_code": true,
            "iecc98_reference_heating_consumption": 55.822754
        }
    },
    {
        "pk": 3,
        "model": "remrate_data.compliance",
        "fields": {
            "iecc98_reference_lights_appliance_consumption": 23.642488,
            "mec93_reference_cooling_consumption": 4.203976,
            "hers_reference_photo_voltaic_consumption": 0.0,
            "mec92_reference_lights_appliance_consumption": 24.992113,
            "passes_iecc06_consumption_compliance": true,
            "passes_iecc06_ducts_overall_u0": true,
            "mec92_designed_total_consumption": 89.351669,
            "iecc03_reference_lights_appliance_consumption": 23.642488,
            "iecc01_reference_heating_consumption": 54.524502,
            "iecc09_reference_cooling_cost": 117.364807,
            "mec95_reference_hot_water_consumption": 23.695269,
            "ny_ecc_reference_cooling_consumption": 4.642061,
            "iecc00_designed_cooling_consumption": 3.513614,
            "iecc01_designed_hot_water_consumption": 20.906075,
            "iecc06_reference_total_cost": 1752.192261,
            "iecc01_reference_cooling_consumption": 5.87,
            "ny_ecc_reference_heating_consumption": 56.154854,
            "iecc00_reference_hot_water_consumption": 23.695269,
            "iecc09_reference_overall_u0": 377.717743,
            "mec95_reference_overall_u0": 0.100163,
            "passes_mec95_consumption_compliance": true,
            "iecc09_reference_photo_voltaic_cost": 0.0,
            "passes_mec93_ducts_u0": true,
            "iecc04_reference_service_cost": 204.0,
            "passes_energy_star_v3": false,
            "ashrae_90p2_designed_cost": 1639.433594,
            "iecc06_designed_overall_u0": 378.497009,
            "ny_ecc_designed_hot_water_consumption": 20.906075,
            "hers_designed_hot_water_consumption": 20.906075,
            "meets_ashrae_90p2_envelope_compliance": false,
            "iecc03_reference_cooling_consumption": 5.87,
            "iecc98_designed_total_consumption": 91.814651,
            "nv_ecc_designed_cooling_consumption": 4.08217,
            "hers_designed_heating_consumption": 40.688313,
            "meets_iecc98_consumption_compliance": true,
            "iecc06_reference_hot_water_cost": 207.742783,
            "passes_iecc00_overall_u0": true,
            "iecc04_reference_overall_u0": 385.317505,
            "hers_designed_lights_appliance_consumption": 29.040989,
            "iecc01_reference_hot_water_consumption": 23.695269,
            "passes_iecc01_overall_u0": true,
            "mec95_reference_photo_voltaic_consumption": 0.0,
            "iecc00_designed_heating_consumption": 42.402847,
            "iecc01_reference_lights_appliance_consumption": 23.642488,
            "iecc09_designed_cooling_cost": 146.860062,
            "iecc01_designed_heating_consumption": 42.402847,
            "hers_reference_hot_water_consumption": 21.285128,
            "iecc04_reference_photo_voltaic_cost": 0.0,
            "nv_ecc_reference_photo_voltaic_consumption": 0.0,
            "iecc98_designed_hot_water_consumption": 20.906075,
            "iecc06_reference_overall_u0": 385.317505,
            "mec92_reference_heating_consumption": 111.466782,
            "hers_photo_voltaic_adjusted_score": 84.0,
            "iecc01_designed_photo_voltaic_consumption": 0.0,
            "mec92_designed_heating_consumption": 39.251091,
            "iecc04_reference_hot_water_cost": 207.742783,
            "mec95_designed_hot_water_consumption": 20.906075,
            "ashrae_90p2_load_change": -0.506922,
            "nv_ecc_reference_lights_appliance_consumption": 24.342098,
            "iecc03_reference_overall_u0": 0.100163,
            "hers_reference_heating_consumption": 57.023006,
            "mec95_designed_cooling_consumption": 4.202387,
            "mec95_designed_lights_appliance_consumption": 24.992113,
            "iecc00_designed_hot_water_consumption": 20.906075,
            "passes_iecc03_overall_u0": true,
            "ny_ecc_designed_cooling_consumption": 4.932952,
            "iecc01_designed_overall_u0": 0.071233,
            "passes_iecc12_code": false,
            "ny_ecc_designed_photo_voltaic_consumption": 0.0,
            "passes_iecc09_ducts_overall_u0": true,
            "ny_hers_score": 0.0,
            "mec93_designed_total_consumption": 89.351669,
            "ny_ecc_reference_photo_voltaic_consumption": 0.0,
            "hers_reference_lights_appliance_consumption": 27.960676,
            "iecc01_reference_overall_u0": 0.100163,
            "rating_number": "Non-Solar 001",
            "ny_ecc_designed_heating_consumption": 53.182949,
            "iecc04_designed_heating_cost": 428.5271,
            "hers_stars": 5.0,
            "meets_ashrae_90p2_cost_compliance": true,
            "energy_star_hers_score": 75.0,
            "mec93_as_designed_overall_u0": 0.071233,
            "mec95_reference_cooling_consumption": 5.002668,
            "iecc04_designed_hot_water_cost": 204.043243,
            "iecc00_reference_lights_appliance_consumption": 23.642488,
            "iecc98_reference_cooling_consumption": 5.87,
            "mec93_reference_hot_water_consumption": 20.906075,
            "iecc09_designed_heating_cost": 540.497864,
            "iecc98_designed_lights_appliance_consumption": 24.992113,
            "passes_mec95_ducts_u0": true,
            "passes_iecc06_overall_ua_compliance": true,
            "iecc00_reference_heating_consumption": 54.524502,
            "passes_mec95_overall_u0": true,
            "ashrae_90p2_designed_consumption": 92.385132,
            "mec95_designed_heating_consumption": 39.251091,
            "ny_ecc_reference_total_consumption": 106.04509,
            "iecc98_reference_hot_water_consumption": 23.695269,
            "iecc09_designed_photo_voltaic_cost": 0.0,
            "iecc04_designed_lights_appliance_cost": 801.17218,
            "iecc03_designed_total_consumption": 91.814651,
            "mec92_reference_photo_voltaic_consumption": 0.0,
            "meets_iecc01_consumption_compliance": true,
            "mec92_reference_cooling_consumption": 4.204,
            "nv_ecc_designed_photo_voltaic_consumption": 0.0,
            "passes_iecc09_consumption_compliance": false,
            "iecc03_reference_heating_consumption": 54.524502,
            "simulation": 3,
            "hers_130": 698.216003,
            "mec95_reference_heating_consumption": 88.38488,
            "iecc01_designed_total_consumption": 91.814651,
            "passes_iecc04_overall_ua_compliance": true,
            "size_adjustment_factor": 1.0,
            "mec92_designed_lights_appliance_consumption": 24.992113,
            "iecc03_reference_hot_water_consumption": 23.695269,
            "mec95_designed_total_consumption": 89.351669,
            "iecc09_designed_overall_u0": 378.497009,
            "mec93_designed_heating_consumption": 39.251091,
            "mec95_reference_lights_appliance_consumption": 24.992113,
            "energy_star_hers_saf_score": 75.0,
            "mec93_reference_heating_consumption": 111.459503,
            "passes_mec93_consumption_compliance": true,
            "iecc06_designed_hot_water_cost": 204.043243,
            "mec93_designed_cooling_consumption": 4.202387,
            "iecc98_designed_heating_consumption": 42.402847,
            "iecc98_designed_cooling_consumption": 3.513614,
            "mec93_reference_lights_appliance_consumption": 24.992113,
            "passes_mec92_overall_u0": true,
            "iecc06_reference_service_cost": 204.0,
            "passes_iecc09_code": true,
            "passes_mec93_overall_u0": true,
            "iecc09_reference_heating_cost": 596.322388,
            "mec92_reference_total_consumption": 161.56897,
            "nv_ecc_reference_total_consumption": 103.852402,
            "iecc09_designed_lights_appliance_cost": 801.826782,
            "nv_ecc_reference_heating_consumption": 54.07745,
            "meets_iecc00_consumption_compliance": true,
            "nv_energy_plus_rebate": 0.0,
            "mec93_reference_photo_voltaic_consumption": 0.0,
            "mec93_reference_overall_u0": 0.100163,
            "ny_ecc_designed_total_consumption": 108.062965,
            "iecc06_reference_cooling_cost": 122.84684,
            "nv_ecc_reference_cooling_consumption": 4.147724,
            "iecc09_reference_lights_appliance_cost": 661.338257,
            "hers_reference_cooling_consumption": 5.363171,
            "iecc04_reference_total_cost": 1811.445435,
            "iecc03_reference_photo_voltaic_consumption": 0.0,
            "nv_ecc_reference_hot_water_consumption": 21.285128,
            "iecc98_designed_photo_voltaic_consumption": 0.0,
            "iecc03_designed_lights_appliance_consumption": 24.992113,
            "mec92_designed_photo_voltaic_consumption": 0.0,
            "ashrae_90p2_reference_cost": 1949.282227,
            "iecc06_designed_cooling_cost": 121.131187,
            "iecc04_designed_total_cost": 1758.873657,
            "passes_iecc04_code": true,
            "iecc98_reference_photo_voltaic_consumption": 0.0,
            "mec95_reference_total_consumption": 142.074936,
            "iecc98_reference_total_consumption": 107.732262,
            "passes_mec92_ducts_u0": true,
            "mec92_reference_overall_u0": 0.100173,
            "iecc04_designed_overall_u0": 378.497009,
            "iecc04_reference_heating_cost": 620.031616,
            "hers_designed_cooling_consumption": 4.018063,
            "passes_epact_tax_credit": false,
            "iecc00_reference_photo_voltaic_consumption": 0.0,
            "mec95_designed_photo_voltaic_consumption": 0.0,
            "passes_iecc04_consumption_compliance": true,
            "iecc06_designed_photo_voltaic_cost": 0.0,
            "iecc01_designed_lights_appliance_consumption": 24.992113,
            "passes_nv_ecc_consumption_compliance": true,
            "passes_energy_star_v2p5": false,
            "iecc04_designed_service_cost": 204.0,
            "passes_mec92_consumption_compliance": true,
            "iecc09_designed_total_cost": 1897.227905,
            "passes_ny_ecc_consumption_compliance": false,
            "ny_ecc_reference_lights_appliance_consumption": 24.342098,
            "mec93_designed_hot_water_consumption": 20.906075,
            "mec95_as_designed_overall_u0": 0.071233,
            "hers_total_cost": 1747.168335,
            "iecc00_reference_overall_u0": 0.100163,
            "hers_reference_total_consumption": 111.631981,
            "iecc04_designed_photo_voltaic_cost": 0.0,
            "passes_iecc01_ducts_overall_u0": true,
            "iecc03_designed_heating_consumption": 42.402847,
            "nv_ecc_designed_hot_water_consumption": 20.906075,
            "iecc04_reference_lights_appliance_cost": 661.338257,
            "iecc09_reference_hot_water_cost": 204.043243,
            "hers_index": 84.0,
            "ny_ecc_reference_hot_water_consumption": 20.906075,
            "iecc06_designed_heating_cost": 428.5271,
            "iecc06_reference_photo_voltaic_cost": 0.0,
            "passes_iecc03_consumption_compliance": true,
            "iecc01_reference_total_consumption": 107.732262,
            "iecc03_designed_overall_u0": 0.071233,
            "mec93_designed_photo_voltaic_consumption": 0.0,
            "iecc03_designed_hot_water_consumption": 20.906075,
            "ny_ecc_designed_lights_appliance_consumption": 29.040989,
            "iecc00_designed_photo_voltaic_consumption": 0.0,
            "iecc00_designed_overall_u0": 0.071233,
            "passes_iecc00_ducts_overall_u0": true,
            "_result_number": 2,
            "iecc03_designed_cooling_consumption": 3.513614,
            "passes_doe_challenge_home": false,
            "iecc01_reference_photo_voltaic_consumption": 0.0,
            "iecc01_designed_cooling_consumption": 3.513614,
            "hers_designed_photo_voltaic_consumption": 0.0,
            "iecc03_designed_photo_voltaic_consumption": 0.0,
            "iecc09_reference_service_cost": 204.0,
            "iecc06_reference_lights_appliance_cost": 661.338257,
            "mec92_designed_hot_water_consumption": 20.906075,
            "iecc09_designed_hot_water_cost": 204.043243,
            "mec93_designed_lights_appliance_consumption": 24.992113,
            "passes_iecc98_ducts_overall_u0": true,
            "mec92_reference_hot_water_consumption": 20.906075,
            "passes_energy_star_v2": true,
            "iecc00_reference_cooling_consumption": 5.87,
            "passes_iecc98_overall_u0": true,
            "passes_iecc04_ducts_overall_u0": true,
            "iecc06_designed_total_cost": 1758.873657,
            "iecc04_reference_cooling_cost": 118.332741,
            "iecc09_designed_service_cost": 204.0,
            "nv_ecc_designed_heating_consumption": 41.686073,
            "iecc98_designed_overall_u0": 0.071233,
            "passes_iecc09_overall_ua_compliance": false,
            "ashrae_90p2_reference_consumption": 115.322937,
            "iecc00_designed_lights_appliance_consumption": 24.992113,
            "iecc06_reference_heating_cost": 556.264343,
            "nv_ecc_designed_total_consumption": 95.715309,
            "iecc00_reference_total_consumption": 107.732262,
            "iecc00_designed_total_consumption": 91.814651,
            "mec92_designed_cooling_consumption": 4.202387,
            "hers_designed_total_consumption": 94.653442,
            "mec92_as_designed_overall_u0": 0.071233,
            "iecc03_reference_total_consumption": 107.732262,
            "nv_ecc_designed_lights_appliance_consumption": 29.040989,
            "iecc09_reference_total_cost": 1783.068726,
            "iecc04_designed_cooling_cost": 121.131187,
            "passes_iecc03_ducts_overall_u0": true,
            "iecc98_reference_overall_u0": 0.100163,
            "mec93_reference_total_consumption": 161.561661,
            "iecc06_designed_lights_appliance_cost": 801.17218,
            "iecc06_designed_service_cost": 204.0,
            "passes_iecc06_code": true,
            "iecc98_reference_heating_consumption": 54.524502
        }
    },
    {
        "pk": 4,
        "model": "remrate_data.compliance",
        "fields": {
            "iecc98_reference_lights_appliance_consumption": 21.163496,
            "mec93_reference_cooling_consumption": 3.423435,
            "hers_reference_photo_voltaic_consumption": 0.0,
            "mec92_reference_lights_appliance_consumption": 22.513121,
            "passes_iecc06_consumption_compliance": true,
            "passes_iecc06_ducts_overall_u0": true,
            "mec92_designed_total_consumption": 60.102386,
            "iecc03_reference_lights_appliance_consumption": 21.163496,
            "iecc01_reference_heating_consumption": 55.822754,
            "iecc09_reference_cooling_cost": 111.039177,
            "mec95_reference_hot_water_consumption": 22.857235,
            "ny_ecc_reference_cooling_consumption": 4.432796,
            "iecc00_designed_cooling_consumption": 3.104006,
            "iecc01_designed_hot_water_consumption": 5.26727,
            "iecc06_reference_total_cost": 1682.032104,
            "iecc01_reference_cooling_consumption": 5.678314,
            "ny_ecc_reference_heating_consumption": 55.730492,
            "iecc00_reference_hot_water_consumption": 22.857235,
            "iecc09_reference_overall_u0": 377.717743,
            "mec95_reference_overall_u0": 0.100163,
            "passes_mec95_consumption_compliance": true,
            "iecc09_reference_photo_voltaic_cost": 0.0,
            "passes_mec93_ducts_u0": true,
            "iecc04_reference_service_cost": 204.0,
            "passes_energy_star_v3": false,
            "ashrae_90p2_designed_cost": 1276.637451,
            "iecc06_designed_overall_u0": 331.759857,
            "ny_ecc_designed_hot_water_consumption": 5.26727,
            "hers_designed_hot_water_consumption": 5.725293,
            "meets_ashrae_90p2_envelope_compliance": true,
            "iecc03_reference_cooling_consumption": 5.678314,
            "iecc98_designed_total_consumption": 67.985382,
            "nv_ecc_designed_cooling_consumption": 3.764037,
            "hers_designed_heating_consumption": 31.305382,
            "meets_iecc98_consumption_compliance": true,
            "iecc06_reference_hot_water_cost": 201.251541,
            "passes_iecc00_overall_u0": true,
            "iecc04_reference_overall_u0": 385.317505,
            "hers_designed_lights_appliance_consumption": 26.561998,
            "iecc01_reference_hot_water_consumption": 22.857235,
            "passes_iecc01_overall_u0": true,
            "mec95_reference_photo_voltaic_consumption": 0.0,
            "iecc00_designed_heating_consumption": 37.100986,
            "iecc01_reference_lights_appliance_consumption": 21.163496,
            "iecc09_designed_cooling_cost": 134.100967,
            "iecc01_designed_heating_consumption": 37.100986,
            "hers_reference_hot_water_consumption": 20.620039,
            "iecc04_reference_photo_voltaic_cost": 0.0,
            "nv_ecc_reference_photo_voltaic_consumption": 0.0,
            "iecc98_designed_hot_water_consumption": 5.26727,
            "iecc06_reference_overall_u0": 385.317505,
            "mec92_reference_heating_consumption": 114.379883,
            "hers_photo_voltaic_adjusted_score": 64.0,
            "iecc01_designed_photo_voltaic_consumption": 0.0,
            "mec92_designed_heating_consumption": 28.385342,
            "iecc04_reference_hot_water_cost": 201.251541,
            "mec95_designed_hot_water_consumption": 5.26727,
            "ashrae_90p2_load_change": 4.109407,
            "nv_ecc_reference_lights_appliance_consumption": 21.863106,
            "iecc03_reference_overall_u0": 0.100163,
            "hers_reference_heating_consumption": 57.022278,
            "mec95_designed_cooling_consumption": 3.936655,
            "mec95_designed_lights_appliance_consumption": 22.513121,
            "iecc00_designed_hot_water_consumption": 5.26727,
            "passes_iecc03_overall_u0": true,
            "ny_ecc_designed_cooling_consumption": 4.523052,
            "iecc01_designed_overall_u0": 0.062437,
            "passes_iecc12_code": false,
            "ny_ecc_designed_photo_voltaic_consumption": 0.0,
            "passes_iecc09_ducts_overall_u0": true,
            "ny_hers_score": 0.0,
            "mec93_designed_total_consumption": 60.102386,
            "ny_ecc_reference_photo_voltaic_consumption": 0.0,
            "hers_reference_lights_appliance_consumption": 27.960676,
            "iecc01_reference_overall_u0": 0.100163,
            "rating_number": "Solar 001",
            "ny_ecc_designed_heating_consumption": 41.539246,
            "iecc04_designed_heating_cost": 320.338562,
            "hers_stars": 5.5,
            "meets_ashrae_90p2_cost_compliance": true,
            "energy_star_hers_score": 74.0,
            "mec93_as_designed_overall_u0": 0.062437,
            "mec95_reference_cooling_consumption": 4.222341,
            "iecc04_designed_hot_water_cost": 51.408554,
            "iecc00_reference_lights_appliance_consumption": 21.163496,
            "iecc98_reference_cooling_consumption": 5.678314,
            "mec93_reference_hot_water_consumption": 14.015734,
            "iecc09_designed_heating_cost": 412.182159,
            "iecc98_designed_lights_appliance_consumption": 22.513121,
            "passes_mec95_ducts_u0": true,
            "passes_iecc06_overall_ua_compliance": true,
            "iecc00_reference_heating_consumption": 55.822754,
            "passes_mec95_overall_u0": true,
            "ashrae_90p2_designed_consumption": 62.247364,
            "mec95_designed_heating_consumption": 28.385342,
            "ny_ecc_reference_total_consumption": 102.646431,
            "iecc98_reference_hot_water_consumption": 22.857235,
            "iecc09_designed_photo_voltaic_cost": 0.0,
            "iecc04_designed_lights_appliance_cost": 727.226929,
            "iecc03_designed_total_consumption": 67.985382,
            "mec92_reference_photo_voltaic_consumption": 0.0,
            "meets_iecc01_consumption_compliance": true,
            "mec92_reference_cooling_consumption": 3.42346,
            "nv_ecc_designed_photo_voltaic_consumption": 0.0,
            "passes_iecc09_consumption_compliance": true,
            "iecc03_reference_heating_consumption": 55.822754,
            "simulation": 4,
            "hers_130": 1027.459351,
            "mec95_reference_heating_consumption": 91.226997,
            "iecc01_designed_total_consumption": 67.985382,
            "passes_iecc04_overall_ua_compliance": true,
            "size_adjustment_factor": 1.0,
            "mec92_designed_lights_appliance_consumption": 22.513121,
            "iecc03_reference_hot_water_consumption": 22.857235,
            "mec95_designed_total_consumption": 60.102386,
            "iecc09_designed_overall_u0": 331.759857,
            "mec93_designed_heating_consumption": 28.385342,
            "mec95_reference_lights_appliance_consumption": 22.513121,
            "energy_star_hers_saf_score": 74.0,
            "mec93_reference_heating_consumption": 114.372498,
            "passes_mec93_consumption_compliance": true,
            "iecc06_designed_hot_water_cost": 51.408554,
            "mec93_designed_cooling_consumption": 3.936655,
            "iecc98_designed_heating_consumption": 37.100986,
            "iecc98_designed_cooling_consumption": 3.104006,
            "mec93_reference_lights_appliance_consumption": 22.513121,
            "passes_mec92_overall_u0": true,
            "iecc06_reference_service_cost": 204.0,
            "passes_iecc09_code": true,
            "passes_mec93_overall_u0": true,
            "iecc09_reference_heating_cost": 588.843262,
            "mec92_reference_total_consumption": 154.332199,
            "nv_ecc_reference_total_consumption": 102.132256,
            "iecc09_designed_lights_appliance_cost": 727.407471,
            "nv_ecc_reference_heating_consumption": 55.699764,
            "meets_iecc00_consumption_compliance": true,
            "nv_energy_plus_rebate": 0.0,
            "mec93_reference_photo_voltaic_consumption": 0.0,
            "mec93_reference_overall_u0": 0.100163,
            "ny_ecc_designed_total_consumption": 77.891563,
            "iecc06_reference_cooling_cost": 116.971329,
            "nv_ecc_reference_cooling_consumption": 3.949347,
            "iecc09_reference_lights_appliance_cost": 587.759583,
            "hers_reference_cooling_consumption": 5.363888,
            "iecc04_reference_total_cost": 1741.758789,
            "iecc03_reference_photo_voltaic_consumption": 0.0,
            "nv_ecc_reference_hot_water_consumption": 20.620039,
            "iecc98_designed_photo_voltaic_consumption": 0.0,
            "iecc03_designed_lights_appliance_consumption": 22.513121,
            "mec92_designed_photo_voltaic_consumption": 0.0,
            "ashrae_90p2_reference_cost": 1870.705933,
            "iecc06_designed_cooling_cost": 111.482819,
            "iecc04_designed_total_cost": 1414.456909,
            "passes_iecc04_code": true,
            "iecc98_reference_photo_voltaic_consumption": 0.0,
            "mec95_reference_total_consumption": 140.819687,
            "iecc98_reference_total_consumption": 105.521797,
            "passes_mec92_ducts_u0": true,
            "mec92_reference_overall_u0": 0.100173,
            "iecc04_designed_overall_u0": 331.759857,
            "iecc04_reference_heating_cost": 636.29126,
            "hers_designed_cooling_consumption": 3.709555,
            "passes_epact_tax_credit": false,
            "iecc00_reference_photo_voltaic_consumption": 0.0,
            "mec95_designed_photo_voltaic_consumption": 0.0,
            "passes_iecc04_consumption_compliance": true,
            "iecc06_designed_photo_voltaic_cost": 0.0,
            "iecc01_designed_lights_appliance_consumption": 22.513121,
            "passes_nv_ecc_consumption_compliance": true,
            "passes_energy_star_v2p5": true,
            "iecc04_designed_service_cost": 204.0,
            "passes_mec92_consumption_compliance": true,
            "iecc09_designed_total_cost": 1529.099121,
            "passes_ny_ecc_consumption_compliance": true,
            "ny_ecc_reference_lights_appliance_consumption": 21.863106,
            "mec93_designed_hot_water_consumption": 5.26727,
            "mec95_as_designed_overall_u0": 0.062437,
            "hers_total_cost": 1409.487183,
            "iecc00_reference_overall_u0": 0.100163,
            "hers_reference_total_consumption": 110.966881,
            "iecc04_designed_photo_voltaic_cost": 0.0,
            "passes_iecc01_ducts_overall_u0": true,
            "iecc03_designed_heating_consumption": 37.100986,
            "nv_ecc_designed_hot_water_consumption": 5.26727,
            "iecc04_reference_lights_appliance_cost": 587.759583,
            "iecc09_reference_hot_water_cost": 201.251541,
            "hers_index": 64.0,
            "ny_ecc_reference_hot_water_consumption": 20.620039,
            "iecc06_designed_heating_cost": 320.338562,
            "iecc06_reference_photo_voltaic_cost": 0.0,
            "passes_iecc03_consumption_compliance": true,
            "iecc01_reference_total_consumption": 105.521797,
            "iecc03_designed_overall_u0": 0.062437,
            "mec93_designed_photo_voltaic_consumption": 0.0,
            "iecc03_designed_hot_water_consumption": 5.26727,
            "ny_ecc_designed_lights_appliance_consumption": 26.561998,
            "iecc00_designed_photo_voltaic_consumption": 0.0,
            "iecc00_designed_overall_u0": 0.062437,
            "passes_iecc00_ducts_overall_u0": true,
            "_result_number": 3,
            "iecc03_designed_cooling_consumption": 3.104006,
            "passes_doe_challenge_home": false,
            "iecc01_reference_photo_voltaic_consumption": 0.0,
            "iecc01_designed_cooling_consumption": 3.104006,
            "hers_designed_photo_voltaic_consumption": 0.0,
            "iecc03_designed_photo_voltaic_consumption": 0.0,
            "iecc09_reference_service_cost": 204.0,
            "iecc06_reference_lights_appliance_cost": 587.759583,
            "mec92_designed_hot_water_consumption": 5.26727,
            "iecc09_designed_hot_water_cost": 51.408554,
            "mec93_designed_lights_appliance_consumption": 22.513121,
            "passes_iecc98_ducts_overall_u0": true,
            "mec92_reference_hot_water_consumption": 14.015734,
            "passes_energy_star_v2": true,
            "iecc00_reference_cooling_consumption": 5.678314,
            "passes_iecc98_overall_u0": true,
            "passes_iecc04_ducts_overall_u0": true,
            "iecc06_designed_total_cost": 1414.456909,
            "iecc04_reference_cooling_cost": 112.456367,
            "iecc09_designed_service_cost": 204.0,
            "nv_ecc_designed_heating_consumption": 32.108974,
            "iecc98_designed_overall_u0": 0.062437,
            "passes_iecc09_overall_ua_compliance": true,
            "ashrae_90p2_reference_consumption": 112.859276,
            "iecc00_designed_lights_appliance_consumption": 22.513121,
            "iecc06_reference_heating_cost": 572.049683,
            "nv_ecc_designed_total_consumption": 67.702278,
            "iecc00_reference_total_consumption": 105.521797,
            "iecc00_designed_total_consumption": 67.985382,
            "mec92_designed_cooling_consumption": 3.936655,
            "hers_designed_total_consumption": 67.302231,
            "mec92_as_designed_overall_u0": 0.062437,
            "iecc03_reference_total_consumption": 105.521797,
            "nv_ecc_designed_lights_appliance_consumption": 26.561998,
            "iecc09_reference_total_cost": 1692.893555,
            "iecc04_designed_cooling_cost": 111.482819,
            "passes_iecc03_ducts_overall_u0": true,
            "iecc98_reference_overall_u0": 0.100163,
            "mec93_reference_total_consumption": 154.324783,
            "iecc06_designed_lights_appliance_cost": 727.226929,
            "iecc06_designed_service_cost": 204.0,
            "passes_iecc06_code": true,
            "iecc98_reference_heating_consumption": 55.822754
        }
    },
    {
        "pk": 5,
        "model": "remrate_data.compliance",
        "fields": {
            "iecc98_reference_lights_appliance_consumption": 23.642488,
            "mec93_reference_cooling_consumption": 4.203976,
            "hers_reference_photo_voltaic_consumption": 0.0,
            "mec92_reference_lights_appliance_consumption": 24.992113,
            "passes_iecc06_consumption_compliance": true,
            "passes_iecc06_ducts_overall_u0": true,
            "mec92_designed_total_consumption": 89.351669,
            "iecc03_reference_lights_appliance_consumption": 23.642488,
            "iecc01_reference_heating_consumption": 54.524502,
            "iecc09_reference_cooling_cost": 117.364807,
            "mec95_reference_hot_water_consumption": 23.695269,
            "ny_ecc_reference_cooling_consumption": 4.642061,
            "iecc00_designed_cooling_consumption": 3.513614,
            "iecc01_designed_hot_water_consumption": 20.906075,
            "iecc06_reference_total_cost": 1752.192261,
            "iecc01_reference_cooling_consumption": 5.87,
            "ny_ecc_reference_heating_consumption": 56.154854,
            "iecc00_reference_hot_water_consumption": 23.695269,
            "iecc09_reference_overall_u0": 377.717743,
            "mec95_reference_overall_u0": 0.100163,
            "passes_mec95_consumption_compliance": true,
            "iecc09_reference_photo_voltaic_cost": 0.0,
            "passes_mec93_ducts_u0": true,
            "iecc04_reference_service_cost": 204.0,
            "passes_energy_star_v3": false,
            "ashrae_90p2_designed_cost": 1639.433594,
            "iecc06_designed_overall_u0": 378.497009,
            "ny_ecc_designed_hot_water_consumption": 20.906075,
            "hers_designed_hot_water_consumption": 20.906075,
            "meets_ashrae_90p2_envelope_compliance": false,
            "iecc03_reference_cooling_consumption": 5.87,
            "iecc98_designed_total_consumption": 91.814651,
            "nv_ecc_designed_cooling_consumption": 4.08217,
            "hers_designed_heating_consumption": 40.688313,
            "meets_iecc98_consumption_compliance": true,
            "iecc06_reference_hot_water_cost": 207.742783,
            "passes_iecc00_overall_u0": true,
            "iecc04_reference_overall_u0": 385.317505,
            "hers_designed_lights_appliance_consumption": 29.040989,
            "iecc01_reference_hot_water_consumption": 23.695269,
            "passes_iecc01_overall_u0": true,
            "mec95_reference_photo_voltaic_consumption": 0.0,
            "iecc00_designed_heating_consumption": 42.402847,
            "iecc01_reference_lights_appliance_consumption": 23.642488,
            "iecc09_designed_cooling_cost": 146.860062,
            "iecc01_designed_heating_consumption": 42.402847,
            "hers_reference_hot_water_consumption": 21.285128,
            "iecc04_reference_photo_voltaic_cost": 0.0,
            "nv_ecc_reference_photo_voltaic_consumption": 0.0,
            "iecc98_designed_hot_water_consumption": 20.906075,
            "iecc06_reference_overall_u0": 385.317505,
            "mec92_reference_heating_consumption": 111.466782,
            "hers_photo_voltaic_adjusted_score": 84.0,
            "iecc01_designed_photo_voltaic_consumption": 0.0,
            "mec92_designed_heating_consumption": 39.251091,
            "iecc04_reference_hot_water_cost": 207.742783,
            "mec95_designed_hot_water_consumption": 20.906075,
            "ashrae_90p2_load_change": -0.506922,
            "nv_ecc_reference_lights_appliance_consumption": 24.342098,
            "iecc03_reference_overall_u0": 0.100163,
            "hers_reference_heating_consumption": 57.023006,
            "mec95_designed_cooling_consumption": 4.202387,
            "mec95_designed_lights_appliance_consumption": 24.992113,
            "iecc00_designed_hot_water_consumption": 20.906075,
            "passes_iecc03_overall_u0": true,
            "ny_ecc_designed_cooling_consumption": 4.932952,
            "iecc01_designed_overall_u0": 0.071233,
            "passes_iecc12_code": false,
            "ny_ecc_designed_photo_voltaic_consumption": 0.0,
            "passes_iecc09_ducts_overall_u0": true,
            "ny_hers_score": 0.0,
            "mec93_designed_total_consumption": 89.351669,
            "ny_ecc_reference_photo_voltaic_consumption": 0.0,
            "hers_reference_lights_appliance_consumption": 27.960676,
            "iecc01_reference_overall_u0": 0.100163,
            "rating_number": "Solar 001",
            "ny_ecc_designed_heating_consumption": 53.182949,
            "iecc04_designed_heating_cost": 428.5271,
            "hers_stars": 5.0,
            "meets_ashrae_90p2_cost_compliance": true,
            "energy_star_hers_score": 75.0,
            "mec93_as_designed_overall_u0": 0.071233,
            "mec95_reference_cooling_consumption": 5.002668,
            "iecc04_designed_hot_water_cost": 204.043243,
            "iecc00_reference_lights_appliance_consumption": 23.642488,
            "iecc98_reference_cooling_consumption": 5.87,
            "mec93_reference_hot_water_consumption": 20.906075,
            "iecc09_designed_heating_cost": 540.497864,
            "iecc98_designed_lights_appliance_consumption": 24.992113,
            "passes_mec95_ducts_u0": true,
            "passes_iecc06_overall_ua_compliance": true,
            "iecc00_reference_heating_consumption": 54.524502,
            "passes_mec95_overall_u0": true,
            "ashrae_90p2_designed_consumption": 92.385132,
            "mec95_designed_heating_consumption": 39.251091,
            "ny_ecc_reference_total_consumption": 106.04509,
            "iecc98_reference_hot_water_consumption": 23.695269,
            "iecc09_designed_photo_voltaic_cost": 0.0,
            "iecc04_designed_lights_appliance_cost": 801.17218,
            "iecc03_designed_total_consumption": 91.814651,
            "mec92_reference_photo_voltaic_consumption": 0.0,
            "meets_iecc01_consumption_compliance": true,
            "mec92_reference_cooling_consumption": 4.204,
            "nv_ecc_designed_photo_voltaic_consumption": 0.0,
            "passes_iecc09_consumption_compliance": false,
            "iecc03_reference_heating_consumption": 54.524502,
            "simulation": 5,
            "hers_130": 698.216003,
            "mec95_reference_heating_consumption": 88.38488,
            "iecc01_designed_total_consumption": 91.814651,
            "passes_iecc04_overall_ua_compliance": true,
            "size_adjustment_factor": 1.0,
            "mec92_designed_lights_appliance_consumption": 24.992113,
            "iecc03_reference_hot_water_consumption": 23.695269,
            "mec95_designed_total_consumption": 89.351669,
            "iecc09_designed_overall_u0": 378.497009,
            "mec93_designed_heating_consumption": 39.251091,
            "mec95_reference_lights_appliance_consumption": 24.992113,
            "energy_star_hers_saf_score": 75.0,
            "mec93_reference_heating_consumption": 111.459503,
            "passes_mec93_consumption_compliance": true,
            "iecc06_designed_hot_water_cost": 204.043243,
            "mec93_designed_cooling_consumption": 4.202387,
            "iecc98_designed_heating_consumption": 42.402847,
            "iecc98_designed_cooling_consumption": 3.513614,
            "mec93_reference_lights_appliance_consumption": 24.992113,
            "passes_mec92_overall_u0": true,
            "iecc06_reference_service_cost": 204.0,
            "passes_iecc09_code": true,
            "passes_mec93_overall_u0": true,
            "iecc09_reference_heating_cost": 596.322388,
            "mec92_reference_total_consumption": 161.56897,
            "nv_ecc_reference_total_consumption": 103.852402,
            "iecc09_designed_lights_appliance_cost": 801.826782,
            "nv_ecc_reference_heating_consumption": 54.07745,
            "meets_iecc00_consumption_compliance": true,
            "nv_energy_plus_rebate": 0.0,
            "mec93_reference_photo_voltaic_consumption": 0.0,
            "mec93_reference_overall_u0": 0.100163,
            "ny_ecc_designed_total_consumption": 108.062965,
            "iecc06_reference_cooling_cost": 122.84684,
            "nv_ecc_reference_cooling_consumption": 4.147724,
            "iecc09_reference_lights_appliance_cost": 661.338257,
            "hers_reference_cooling_consumption": 5.363171,
            "iecc04_reference_total_cost": 1811.445435,
            "iecc03_reference_photo_voltaic_consumption": 0.0,
            "nv_ecc_reference_hot_water_consumption": 21.285128,
            "iecc98_designed_photo_voltaic_consumption": 0.0,
            "iecc03_designed_lights_appliance_consumption": 24.992113,
            "mec92_designed_photo_voltaic_consumption": 0.0,
            "ashrae_90p2_reference_cost": 1949.282227,
            "iecc06_designed_cooling_cost": 121.131187,
            "iecc04_designed_total_cost": 1758.873657,
            "passes_iecc04_code": true,
            "iecc98_reference_photo_voltaic_consumption": 0.0,
            "mec95_reference_total_consumption": 142.074936,
            "iecc98_reference_total_consumption": 107.732262,
            "passes_mec92_ducts_u0": true,
            "mec92_reference_overall_u0": 0.100173,
            "iecc04_designed_overall_u0": 378.497009,
            "iecc04_reference_heating_cost": 620.031616,
            "hers_designed_cooling_consumption": 4.018063,
            "passes_epact_tax_credit": false,
            "iecc00_reference_photo_voltaic_consumption": 0.0,
            "mec95_designed_photo_voltaic_consumption": 0.0,
            "passes_iecc04_consumption_compliance": true,
            "iecc06_designed_photo_voltaic_cost": 0.0,
            "iecc01_designed_lights_appliance_consumption": 24.992113,
            "passes_nv_ecc_consumption_compliance": true,
            "passes_energy_star_v2p5": false,
            "iecc04_designed_service_cost": 204.0,
            "passes_mec92_consumption_compliance": true,
            "iecc09_designed_total_cost": 1897.227905,
            "passes_ny_ecc_consumption_compliance": false,
            "ny_ecc_reference_lights_appliance_consumption": 24.342098,
            "mec93_designed_hot_water_consumption": 20.906075,
            "mec95_as_designed_overall_u0": 0.071233,
            "hers_total_cost": 1747.168335,
            "iecc00_reference_overall_u0": 0.100163,
            "hers_reference_total_consumption": 111.631981,
            "iecc04_designed_photo_voltaic_cost": 0.0,
            "passes_iecc01_ducts_overall_u0": true,
            "iecc03_designed_heating_consumption": 42.402847,
            "nv_ecc_designed_hot_water_consumption": 20.906075,
            "iecc04_reference_lights_appliance_cost": 661.338257,
            "iecc09_reference_hot_water_cost": 204.043243,
            "hers_index": 84.0,
            "ny_ecc_reference_hot_water_consumption": 20.906075,
            "iecc06_designed_heating_cost": 428.5271,
            "iecc06_reference_photo_voltaic_cost": 0.0,
            "passes_iecc03_consumption_compliance": true,
            "iecc01_reference_total_consumption": 107.732262,
            "iecc03_designed_overall_u0": 0.071233,
            "mec93_designed_photo_voltaic_consumption": 0.0,
            "iecc03_designed_hot_water_consumption": 20.906075,
            "ny_ecc_designed_lights_appliance_consumption": 29.040989,
            "iecc00_designed_photo_voltaic_consumption": 0.0,
            "iecc00_designed_overall_u0": 0.071233,
            "passes_iecc00_ducts_overall_u0": true,
            "_result_number": 4,
            "iecc03_designed_cooling_consumption": 3.513614,
            "passes_doe_challenge_home": false,
            "iecc01_reference_photo_voltaic_consumption": 0.0,
            "iecc01_designed_cooling_consumption": 3.513614,
            "hers_designed_photo_voltaic_consumption": 0.0,
            "iecc03_designed_photo_voltaic_consumption": 0.0,
            "iecc09_reference_service_cost": 204.0,
            "iecc06_reference_lights_appliance_cost": 661.338257,
            "mec92_designed_hot_water_consumption": 20.906075,
            "iecc09_designed_hot_water_cost": 204.043243,
            "mec93_designed_lights_appliance_consumption": 24.992113,
            "passes_iecc98_ducts_overall_u0": true,
            "mec92_reference_hot_water_consumption": 20.906075,
            "passes_energy_star_v2": true,
            "iecc00_reference_cooling_consumption": 5.87,
            "passes_iecc98_overall_u0": true,
            "passes_iecc04_ducts_overall_u0": true,
            "iecc06_designed_total_cost": 1758.873657,
            "iecc04_reference_cooling_cost": 118.332741,
            "iecc09_designed_service_cost": 204.0,
            "nv_ecc_designed_heating_consumption": 41.686073,
            "iecc98_designed_overall_u0": 0.071233,
            "passes_iecc09_overall_ua_compliance": false,
            "ashrae_90p2_reference_consumption": 115.322937,
            "iecc00_designed_lights_appliance_consumption": 24.992113,
            "iecc06_reference_heating_cost": 556.264343,
            "nv_ecc_designed_total_consumption": 95.715309,
            "iecc00_reference_total_consumption": 107.732262,
            "iecc00_designed_total_consumption": 91.814651,
            "mec92_designed_cooling_consumption": 4.202387,
            "hers_designed_total_consumption": 94.653442,
            "mec92_as_designed_overall_u0": 0.071233,
            "iecc03_reference_total_consumption": 107.732262,
            "nv_ecc_designed_lights_appliance_consumption": 29.040989,
            "iecc09_reference_total_cost": 1783.068726,
            "iecc04_designed_cooling_cost": 121.131187,
            "passes_iecc03_ducts_overall_u0": true,
            "iecc98_reference_overall_u0": 0.100163,
            "mec93_reference_total_consumption": 161.561661,
            "iecc06_designed_lights_appliance_cost": 801.17218,
            "iecc06_designed_service_cost": 204.0,
            "passes_iecc06_code": true,
            "iecc98_reference_heating_consumption": 54.524502
        }
    },
    {
        "pk": 6,
        "model": "remrate_data.compliance",
        "fields": {
            "iecc98_reference_lights_appliance_consumption": 21.163496,
            "mec93_reference_cooling_consumption": 3.423435,
            "hers_reference_photo_voltaic_consumption": 0.0,
            "mec92_reference_lights_appliance_consumption": 22.513121,
            "passes_iecc06_consumption_compliance": true,
            "passes_iecc06_ducts_overall_u0": true,
            "mec92_designed_total_consumption": 68.850853,
            "iecc03_reference_lights_appliance_consumption": 21.163496,
            "iecc01_reference_heating_consumption": 55.822754,
            "iecc09_reference_cooling_cost": 111.039177,
            "mec95_reference_hot_water_consumption": 22.857235,
            "ny_ecc_reference_cooling_consumption": 4.432796,
            "iecc00_designed_cooling_consumption": 3.104006,
            "iecc01_designed_hot_water_consumption": 14.015734,
            "iecc06_reference_total_cost": 1682.032104,
            "iecc01_reference_cooling_consumption": 5.678314,
            "ny_ecc_reference_heating_consumption": 55.730492,
            "iecc00_reference_hot_water_consumption": 22.857235,
            "iecc09_reference_overall_u0": 377.717743,
            "mec95_reference_overall_u0": 0.100163,
            "passes_mec95_consumption_compliance": true,
            "iecc09_reference_photo_voltaic_cost": 0.0,
            "passes_mec93_ducts_u0": true,
            "iecc04_reference_service_cost": 204.0,
            "passes_energy_star_v3": false,
            "ashrae_90p2_designed_cost": 1362.022461,
            "iecc06_designed_overall_u0": 331.759857,
            "ny_ecc_designed_hot_water_consumption": 14.015734,
            "hers_designed_hot_water_consumption": 15.234493,
            "meets_ashrae_90p2_envelope_compliance": true,
            "iecc03_reference_cooling_consumption": 5.678314,
            "iecc98_designed_total_consumption": 76.733849,
            "nv_ecc_designed_cooling_consumption": 3.764037,
            "hers_designed_heating_consumption": 31.305382,
            "meets_iecc98_consumption_compliance": true,
            "iecc06_reference_hot_water_cost": 201.251541,
            "passes_iecc00_overall_u0": true,
            "iecc04_reference_overall_u0": 385.317505,
            "hers_designed_lights_appliance_consumption": 26.561998,
            "iecc01_reference_hot_water_consumption": 22.857235,
            "passes_iecc01_overall_u0": true,
            "mec95_reference_photo_voltaic_consumption": 0.0,
            "iecc00_designed_heating_consumption": 37.100986,
            "iecc01_reference_lights_appliance_consumption": 21.163496,
            "iecc09_designed_cooling_cost": 134.100967,
            "iecc01_designed_heating_consumption": 37.100986,
            "hers_reference_hot_water_consumption": 20.620039,
            "iecc04_reference_photo_voltaic_cost": 0.0,
            "nv_ecc_reference_photo_voltaic_consumption": 0.0,
            "iecc98_designed_hot_water_consumption": 14.015734,
            "iecc06_reference_overall_u0": 385.317505,
            "mec92_reference_heating_consumption": 114.379883,
            "hers_photo_voltaic_adjusted_score": 68.0,
            "iecc01_designed_photo_voltaic_consumption": 0.0,
            "mec92_designed_heating_consumption": 28.385342,
            "iecc04_reference_hot_water_cost": 201.251541,
            "mec95_designed_hot_water_consumption": 14.015734,
            "ashrae_90p2_load_change": 4.109407,
            "nv_ecc_reference_lights_appliance_consumption": 21.863106,
            "iecc03_reference_overall_u0": 0.100163,
            "hers_reference_heating_consumption": 57.022278,
            "mec95_designed_cooling_consumption": 3.936655,
            "mec95_designed_lights_appliance_consumption": 22.513121,
            "iecc00_designed_hot_water_consumption": 14.015734,
            "passes_iecc03_overall_u0": true,
            "ny_ecc_designed_cooling_consumption": 4.523052,
            "iecc01_designed_overall_u0": 0.062437,
            "passes_iecc12_code": false,
            "ny_ecc_designed_photo_voltaic_consumption": 0.0,
            "passes_iecc09_ducts_overall_u0": true,
            "ny_hers_score": 0.0,
            "mec93_designed_total_consumption": 68.850853,
            "ny_ecc_reference_photo_voltaic_consumption": 0.0,
            "hers_reference_lights_appliance_consumption": 27.960676,
            "iecc01_reference_overall_u0": 0.100163,
            "rating_number": "Solar 001",
            "ny_ecc_designed_heating_consumption": 41.539246,
            "iecc04_designed_heating_cost": 320.338562,
            "hers_stars": 5.5,
            "meets_ashrae_90p2_cost_compliance": true,
            "energy_star_hers_score": 74.0,
            "mec93_as_designed_overall_u0": 0.062437,
            "mec95_reference_cooling_consumption": 4.222341,
            "iecc04_designed_hot_water_cost": 136.793549,
            "iecc00_reference_lights_appliance_consumption": 21.163496,
            "iecc98_reference_cooling_consumption": 5.678314,
            "mec93_reference_hot_water_consumption": 14.015734,
            "iecc09_designed_heating_cost": 412.182159,
            "iecc98_designed_lights_appliance_consumption": 22.513121,
            "passes_mec95_ducts_u0": true,
            "passes_iecc06_overall_ua_compliance": true,
            "iecc00_reference_heating_consumption": 55.822754,
            "passes_mec95_overall_u0": true,
            "ashrae_90p2_designed_consumption": 70.995827,
            "mec95_designed_heating_consumption": 28.385342,
            "ny_ecc_reference_total_consumption": 102.646431,
            "iecc98_reference_hot_water_consumption": 22.857235,
            "iecc09_designed_photo_voltaic_cost": 0.0,
            "iecc04_designed_lights_appliance_cost": 727.226929,
            "iecc03_designed_total_consumption": 76.733849,
            "mec92_reference_photo_voltaic_consumption": 0.0,
            "meets_iecc01_consumption_compliance": true,
            "mec92_reference_cooling_consumption": 3.42346,
            "nv_ecc_designed_photo_voltaic_consumption": 0.0,
            "passes_iecc09_consumption_compliance": true,
            "iecc03_reference_heating_consumption": 55.822754,
            "simulation": 6,
            "hers_130": 934.649475,
            "mec95_reference_heating_consumption": 91.226997,
            "iecc01_designed_total_consumption": 76.733849,
            "passes_iecc04_overall_ua_compliance": true,
            "size_adjustment_factor": 1.0,
            "mec92_designed_lights_appliance_consumption": 22.513121,
            "iecc03_reference_hot_water_consumption": 22.857235,
            "mec95_designed_total_consumption": 68.850853,
            "iecc09_designed_overall_u0": 331.759857,
            "mec93_designed_heating_consumption": 28.385342,
            "mec95_reference_lights_appliance_consumption": 22.513121,
            "energy_star_hers_saf_score": 74.0,
            "mec93_reference_heating_consumption": 114.372498,
            "passes_mec93_consumption_compliance": true,
            "iecc06_designed_hot_water_cost": 136.793549,
            "mec93_designed_cooling_consumption": 3.936655,
            "iecc98_designed_heating_consumption": 37.100986,
            "iecc98_designed_cooling_consumption": 3.104006,
            "mec93_reference_lights_appliance_consumption": 22.513121,
            "passes_mec92_overall_u0": true,
            "iecc06_reference_service_cost": 204.0,
            "passes_iecc09_code": true,
            "passes_mec93_overall_u0": true,
            "iecc09_reference_heating_cost": 588.843262,
            "mec92_reference_total_consumption": 154.332199,
            "nv_ecc_reference_total_consumption": 102.132256,
            "iecc09_designed_lights_appliance_cost": 727.407471,
            "nv_ecc_reference_heating_consumption": 55.699764,
            "meets_iecc00_consumption_compliance": true,
            "nv_energy_plus_rebate": 0.0,
            "mec93_reference_photo_voltaic_consumption": 0.0,
            "mec93_reference_overall_u0": 0.100163,
            "ny_ecc_designed_total_consumption": 86.64003,
            "iecc06_reference_cooling_cost": 116.971329,
            "nv_ecc_reference_cooling_consumption": 3.949347,
            "iecc09_reference_lights_appliance_cost": 587.759583,
            "hers_reference_cooling_consumption": 5.363888,
            "iecc04_reference_total_cost": 1741.758789,
            "iecc03_reference_photo_voltaic_consumption": 0.0,
            "nv_ecc_reference_hot_water_consumption": 20.620039,
            "iecc98_designed_photo_voltaic_consumption": 0.0,
            "iecc03_designed_lights_appliance_consumption": 22.513121,
            "mec92_designed_photo_voltaic_consumption": 0.0,
            "ashrae_90p2_reference_cost": 1870.705933,
            "iecc06_designed_cooling_cost": 111.482819,
            "iecc04_designed_total_cost": 1499.841797,
            "passes_iecc04_code": true,
            "iecc98_reference_photo_voltaic_consumption": 0.0,
            "mec95_reference_total_consumption": 140.819687,
            "iecc98_reference_total_consumption": 105.521797,
            "passes_mec92_ducts_u0": true,
            "mec92_reference_overall_u0": 0.100173,
            "iecc04_designed_overall_u0": 331.759857,
            "iecc04_reference_heating_cost": 636.29126,
            "hers_designed_cooling_consumption": 3.709555,
            "passes_epact_tax_credit": false,
            "iecc00_reference_photo_voltaic_consumption": 0.0,
            "mec95_designed_photo_voltaic_consumption": 0.0,
            "passes_iecc04_consumption_compliance": true,
            "iecc06_designed_photo_voltaic_cost": 0.0,
            "iecc01_designed_lights_appliance_consumption": 22.513121,
            "passes_nv_ecc_consumption_compliance": true,
            "passes_energy_star_v2p5": true,
            "iecc04_designed_service_cost": 204.0,
            "passes_mec92_consumption_compliance": true,
            "iecc09_designed_total_cost": 1614.484131,
            "passes_ny_ecc_consumption_compliance": true,
            "ny_ecc_reference_lights_appliance_consumption": 21.863106,
            "mec93_designed_hot_water_consumption": 14.015734,
            "mec95_as_designed_overall_u0": 0.062437,
            "hers_total_cost": 1502.296997,
            "iecc00_reference_overall_u0": 0.100163,
            "hers_reference_total_consumption": 110.966881,
            "iecc04_designed_photo_voltaic_cost": 0.0,
            "passes_iecc01_ducts_overall_u0": true,
            "iecc03_designed_heating_consumption": 37.100986,
            "nv_ecc_designed_hot_water_consumption": 14.015734,
            "iecc04_reference_lights_appliance_cost": 587.759583,
            "iecc09_reference_hot_water_cost": 201.251541,
            "hers_index": 68.0,
            "ny_ecc_reference_hot_water_consumption": 20.620039,
            "iecc06_designed_heating_cost": 320.338562,
            "iecc06_reference_photo_voltaic_cost": 0.0,
            "passes_iecc03_consumption_compliance": true,
            "iecc01_reference_total_consumption": 105.521797,
            "iecc03_designed_overall_u0": 0.062437,
            "mec93_designed_photo_voltaic_consumption": 0.0,
            "iecc03_designed_hot_water_consumption": 14.015734,
            "ny_ecc_designed_lights_appliance_consumption": 26.561998,
            "iecc00_designed_photo_voltaic_consumption": 0.0,
            "iecc00_designed_overall_u0": 0.062437,
            "passes_iecc00_ducts_overall_u0": true,
            "_result_number": 5,
            "iecc03_designed_cooling_consumption": 3.104006,
            "passes_doe_challenge_home": false,
            "iecc01_reference_photo_voltaic_consumption": 0.0,
            "iecc01_designed_cooling_consumption": 3.104006,
            "hers_designed_photo_voltaic_consumption": 0.0,
            "iecc03_designed_photo_voltaic_consumption": 0.0,
            "iecc09_reference_service_cost": 204.0,
            "iecc06_reference_lights_appliance_cost": 587.759583,
            "mec92_designed_hot_water_consumption": 14.015734,
            "iecc09_designed_hot_water_cost": 136.793549,
            "mec93_designed_lights_appliance_consumption": 22.513121,
            "passes_iecc98_ducts_overall_u0": true,
            "mec92_reference_hot_water_consumption": 14.015734,
            "passes_energy_star_v2": true,
            "iecc00_reference_cooling_consumption": 5.678314,
            "passes_iecc98_overall_u0": true,
            "passes_iecc04_ducts_overall_u0": true,
            "iecc06_designed_total_cost": 1499.841797,
            "iecc04_reference_cooling_cost": 112.456367,
            "iecc09_designed_service_cost": 204.0,
            "nv_ecc_designed_heating_consumption": 32.108974,
            "iecc98_designed_overall_u0": 0.062437,
            "passes_iecc09_overall_ua_compliance": true,
            "ashrae_90p2_reference_consumption": 112.859276,
            "iecc00_designed_lights_appliance_consumption": 22.513121,
            "iecc06_reference_heating_cost": 572.049683,
            "nv_ecc_designed_total_consumption": 76.450745,
            "iecc00_reference_total_consumption": 105.521797,
            "iecc00_designed_total_consumption": 76.733849,
            "mec92_designed_cooling_consumption": 3.936655,
            "hers_designed_total_consumption": 76.811432,
            "mec92_as_designed_overall_u0": 0.062437,
            "iecc03_reference_total_consumption": 105.521797,
            "nv_ecc_designed_lights_appliance_consumption": 26.561998,
            "iecc09_reference_total_cost": 1692.893555,
            "iecc04_designed_cooling_cost": 111.482819,
            "passes_iecc03_ducts_overall_u0": true,
            "iecc98_reference_overall_u0": 0.100163,
            "mec93_reference_total_consumption": 154.324783,
            "iecc06_designed_lights_appliance_cost": 727.226929,
            "iecc06_designed_service_cost": 204.0,
            "passes_iecc06_code": true,
            "iecc98_reference_heating_consumption": 55.822754
        }
    },
    {
        "pk": 7,
        "model": "remrate_data.compliance",
        "fields": {
            "iecc98_reference_lights_appliance_consumption": 21.163496,
            "mec93_reference_cooling_consumption": 3.423435,
            "hers_reference_photo_voltaic_consumption": 0.0,
            "mec92_reference_lights_appliance_consumption": 22.513121,
            "passes_iecc06_consumption_compliance": true,
            "passes_iecc06_ducts_overall_u0": true,
            "mec92_designed_total_consumption": 68.850853,
            "iecc03_reference_lights_appliance_consumption": 21.163496,
            "iecc01_reference_heating_consumption": 55.822754,
            "iecc09_reference_cooling_cost": 111.039177,
            "mec95_reference_hot_water_consumption": 22.857235,
            "ny_ecc_reference_cooling_consumption": 4.432796,
            "iecc00_designed_cooling_consumption": 3.104006,
            "iecc01_designed_hot_water_consumption": 14.015734,
            "iecc06_reference_total_cost": 1682.032104,
            "iecc01_reference_cooling_consumption": 5.678314,
            "ny_ecc_reference_heating_consumption": 55.730492,
            "iecc00_reference_hot_water_consumption": 22.857235,
            "iecc09_reference_overall_u0": 377.717743,
            "mec95_reference_overall_u0": 0.100163,
            "passes_mec95_consumption_compliance": true,
            "iecc09_reference_photo_voltaic_cost": 0.0,
            "passes_mec93_ducts_u0": true,
            "iecc04_reference_service_cost": 204.0,
            "passes_energy_star_v3": false,
            "ashrae_90p2_designed_cost": 1362.022461,
            "iecc06_designed_overall_u0": 331.759857,
            "ny_ecc_designed_hot_water_consumption": 14.015734,
            "hers_designed_hot_water_consumption": 15.234493,
            "meets_ashrae_90p2_envelope_compliance": true,
            "iecc03_reference_cooling_consumption": 5.678314,
            "iecc98_designed_total_consumption": 76.733849,
            "nv_ecc_designed_cooling_consumption": 3.764037,
            "hers_designed_heating_consumption": 31.305382,
            "meets_iecc98_consumption_compliance": true,
            "iecc06_reference_hot_water_cost": 201.251541,
            "passes_iecc00_overall_u0": true,
            "iecc04_reference_overall_u0": 385.317505,
            "hers_designed_lights_appliance_consumption": 26.561998,
            "iecc01_reference_hot_water_consumption": 22.857235,
            "passes_iecc01_overall_u0": true,
            "mec95_reference_photo_voltaic_consumption": 0.0,
            "iecc00_designed_heating_consumption": 37.100986,
            "iecc01_reference_lights_appliance_consumption": 21.163496,
            "iecc09_designed_cooling_cost": 134.100967,
            "iecc01_designed_heating_consumption": 37.100986,
            "hers_reference_hot_water_consumption": 20.620039,
            "iecc04_reference_photo_voltaic_cost": 0.0,
            "nv_ecc_reference_photo_voltaic_consumption": 0.0,
            "iecc98_designed_hot_water_consumption": 14.015734,
            "iecc06_reference_overall_u0": 385.317505,
            "mec92_reference_heating_consumption": 114.379883,
            "hers_photo_voltaic_adjusted_score": 68.0,
            "iecc01_designed_photo_voltaic_consumption": 0.0,
            "mec92_designed_heating_consumption": 28.385342,
            "iecc04_reference_hot_water_cost": 201.251541,
            "mec95_designed_hot_water_consumption": 14.015734,
            "ashrae_90p2_load_change": 4.109407,
            "nv_ecc_reference_lights_appliance_consumption": 21.863106,
            "iecc03_reference_overall_u0": 0.100163,
            "hers_reference_heating_consumption": 57.022278,
            "mec95_designed_cooling_consumption": 3.936655,
            "mec95_designed_lights_appliance_consumption": 22.513121,
            "iecc00_designed_hot_water_consumption": 14.015734,
            "passes_iecc03_overall_u0": true,
            "ny_ecc_designed_cooling_consumption": 4.523052,
            "iecc01_designed_overall_u0": 0.062437,
            "passes_iecc12_code": false,
            "ny_ecc_designed_photo_voltaic_consumption": 0.0,
            "passes_iecc09_ducts_overall_u0": true,
            "ny_hers_score": 0.0,
            "mec93_designed_total_consumption": 68.850853,
            "ny_ecc_reference_photo_voltaic_consumption": 0.0,
            "hers_reference_lights_appliance_consumption": 27.960676,
            "iecc01_reference_overall_u0": 0.100163,
            "rating_number": "Unrelated",
            "ny_ecc_designed_heating_consumption": 41.539246,
            "iecc04_designed_heating_cost": 320.338562,
            "hers_stars": 5.5,
            "meets_ashrae_90p2_cost_compliance": true,
            "energy_star_hers_score": 74.0,
            "mec93_as_designed_overall_u0": 0.062437,
            "mec95_reference_cooling_consumption": 4.222341,
            "iecc04_designed_hot_water_cost": 136.793549,
            "iecc00_reference_lights_appliance_consumption": 21.163496,
            "iecc98_reference_cooling_consumption": 5.678314,
            "mec93_reference_hot_water_consumption": 14.015734,
            "iecc09_designed_heating_cost": 412.182159,
            "iecc98_designed_lights_appliance_consumption": 22.513121,
            "passes_mec95_ducts_u0": true,
            "passes_iecc06_overall_ua_compliance": true,
            "iecc00_reference_heating_consumption": 55.822754,
            "passes_mec95_overall_u0": true,
            "ashrae_90p2_designed_consumption": 70.995827,
            "mec95_designed_heating_consumption": 28.385342,
            "ny_ecc_reference_total_consumption": 102.646431,
            "iecc98_reference_hot_water_consumption": 22.857235,
            "iecc09_designed_photo_voltaic_cost": 0.0,
            "iecc04_designed_lights_appliance_cost": 727.226929,
            "iecc03_designed_total_consumption": 76.733849,
            "mec92_reference_photo_voltaic_consumption": 0.0,
            "meets_iecc01_consumption_compliance": true,
            "mec92_reference_cooling_consumption": 3.42346,
            "nv_ecc_designed_photo_voltaic_consumption": 0.0,
            "passes_iecc09_consumption_compliance": true,
            "iecc03_reference_heating_consumption": 55.822754,
            "simulation": 7,
            "hers_130": 934.649475,
            "mec95_reference_heating_consumption": 91.226997,
            "iecc01_designed_total_consumption": 76.733849,
            "passes_iecc04_overall_ua_compliance": true,
            "size_adjustment_factor": 1.0,
            "mec92_designed_lights_appliance_consumption": 22.513121,
            "iecc03_reference_hot_water_consumption": 22.857235,
            "mec95_designed_total_consumption": 68.850853,
            "iecc09_designed_overall_u0": 331.759857,
            "mec93_designed_heating_consumption": 28.385342,
            "mec95_reference_lights_appliance_consumption": 22.513121,
            "energy_star_hers_saf_score": 74.0,
            "mec93_reference_heating_consumption": 114.372498,
            "passes_mec93_consumption_compliance": true,
            "iecc06_designed_hot_water_cost": 136.793549,
            "mec93_designed_cooling_consumption": 3.936655,
            "iecc98_designed_heating_consumption": 37.100986,
            "iecc98_designed_cooling_consumption": 3.104006,
            "mec93_reference_lights_appliance_consumption": 22.513121,
            "passes_mec92_overall_u0": true,
            "iecc06_reference_service_cost": 204.0,
            "passes_iecc09_code": true,
            "passes_mec93_overall_u0": true,
            "iecc09_reference_heating_cost": 588.843262,
            "mec92_reference_total_consumption": 154.332199,
            "nv_ecc_reference_total_consumption": 102.132256,
            "iecc09_designed_lights_appliance_cost": 727.407471,
            "nv_ecc_reference_heating_consumption": 55.699764,
            "meets_iecc00_consumption_compliance": true,
            "nv_energy_plus_rebate": 0.0,
            "mec93_reference_photo_voltaic_consumption": 0.0,
            "mec93_reference_overall_u0": 0.100163,
            "ny_ecc_designed_total_consumption": 86.64003,
            "iecc06_reference_cooling_cost": 116.971329,
            "nv_ecc_reference_cooling_consumption": 3.949347,
            "iecc09_reference_lights_appliance_cost": 587.759583,
            "hers_reference_cooling_consumption": 5.363888,
            "iecc04_reference_total_cost": 1741.758789,
            "iecc03_reference_photo_voltaic_consumption": 0.0,
            "nv_ecc_reference_hot_water_consumption": 20.620039,
            "iecc98_designed_photo_voltaic_consumption": 0.0,
            "iecc03_designed_lights_appliance_consumption": 22.513121,
            "mec92_designed_photo_voltaic_consumption": 0.0,
            "ashrae_90p2_reference_cost": 1870.705933,
            "iecc06_designed_cooling_cost": 111.482819,
            "iecc04_designed_total_cost": 1499.841797,
            "passes_iecc04_code": true,
            "iecc98_reference_photo_voltaic_consumption": 0.0,
            "mec95_reference_total_consumption": 140.819687,
            "iecc98_reference_total_consumption": 105.521797,
            "passes_mec92_ducts_u0": true,
            "mec92_reference_overall_u0": 0.100173,
            "iecc04_designed_overall_u0": 331.759857,
            "iecc04_reference_heating_cost": 636.29126,
            "hers_designed_cooling_consumption": 3.709555,
            "passes_epact_tax_credit": false,
            "iecc00_reference_photo_voltaic_consumption": 0.0,
            "mec95_designed_photo_voltaic_consumption": 0.0,
            "passes_iecc04_consumption_compliance": true,
            "iecc06_designed_photo_voltaic_cost": 0.0,
            "iecc01_designed_lights_appliance_consumption": 22.513121,
            "passes_nv_ecc_consumption_compliance": true,
            "passes_energy_star_v2p5": true,
            "iecc04_designed_service_cost": 204.0,
            "passes_mec92_consumption_compliance": true,
            "iecc09_designed_total_cost": 1614.484131,
            "passes_ny_ecc_consumption_compliance": true,
            "ny_ecc_reference_lights_appliance_consumption": 21.863106,
            "mec93_designed_hot_water_consumption": 14.015734,
            "mec95_as_designed_overall_u0": 0.062437,
            "hers_total_cost": 1502.296997,
            "iecc00_reference_overall_u0": 0.100163,
            "hers_reference_total_consumption": 110.966881,
            "iecc04_designed_photo_voltaic_cost": 0.0,
            "passes_iecc01_ducts_overall_u0": true,
            "iecc03_designed_heating_consumption": 37.100986,
            "nv_ecc_designed_hot_water_consumption": 14.015734,
            "iecc04_reference_lights_appliance_cost": 587.759583,
            "iecc09_reference_hot_water_cost": 201.251541,
            "hers_index": 68.0,
            "ny_ecc_reference_hot_water_consumption": 20.620039,
            "iecc06_designed_heating_cost": 320.338562,
            "iecc06_reference_photo_voltaic_cost": 0.0,
            "passes_iecc03_consumption_compliance": true,
            "iecc01_reference_total_consumption": 105.521797,
            "iecc03_designed_overall_u0": 0.062437,
            "mec93_designed_photo_voltaic_consumption": 0.0,
            "iecc03_designed_hot_water_consumption": 14.015734,
            "ny_ecc_designed_lights_appliance_consumption": 26.561998,
            "iecc00_designed_photo_voltaic_consumption": 0.0,
            "iecc00_designed_overall_u0": 0.062437,
            "passes_iecc00_ducts_overall_u0": true,
            "_result_number": 6,
            "iecc03_designed_cooling_consumption": 3.104006,
            "passes_doe_challenge_home": false,
            "iecc01_reference_photo_voltaic_consumption": 0.0,
            "iecc01_designed_cooling_consumption": 3.104006,
            "hers_designed_photo_voltaic_consumption": 0.0,
            "iecc03_designed_photo_voltaic_consumption": 0.0,
            "iecc09_reference_service_cost": 204.0,
            "iecc06_reference_lights_appliance_cost": 587.759583,
            "mec92_designed_hot_water_consumption": 14.015734,
            "iecc09_designed_hot_water_cost": 136.793549,
            "mec93_designed_lights_appliance_consumption": 22.513121,
            "passes_iecc98_ducts_overall_u0": true,
            "mec92_reference_hot_water_consumption": 14.015734,
            "passes_energy_star_v2": true,
            "iecc00_reference_cooling_consumption": 5.678314,
            "passes_iecc98_overall_u0": true,
            "passes_iecc04_ducts_overall_u0": true,
            "iecc06_designed_total_cost": 1499.841797,
            "iecc04_reference_cooling_cost": 112.456367,
            "iecc09_designed_service_cost": 204.0,
            "nv_ecc_designed_heating_consumption": 32.108974,
            "iecc98_designed_overall_u0": 0.062437,
            "passes_iecc09_overall_ua_compliance": true,
            "ashrae_90p2_reference_consumption": 112.859276,
            "iecc00_designed_lights_appliance_consumption": 22.513121,
            "iecc06_reference_heating_cost": 572.049683,
            "nv_ecc_designed_total_consumption": 76.450745,
            "iecc00_reference_total_consumption": 105.521797,
            "iecc00_designed_total_consumption": 76.733849,
            "mec92_designed_cooling_consumption": 3.936655,
            "hers_designed_total_consumption": 76.811432,
            "mec92_as_designed_overall_u0": 0.062437,
            "iecc03_reference_total_consumption": 105.521797,
            "nv_ecc_designed_lights_appliance_consumption": 26.561998,
            "iecc09_reference_total_cost": 1692.893555,
            "iecc04_designed_cooling_cost": 111.482819,
            "passes_iecc03_ducts_overall_u0": true,
            "iecc98_reference_overall_u0": 0.100163,
            "mec93_reference_total_consumption": 154.324783,
            "iecc06_designed_lights_appliance_cost": 727.226929,
            "iecc06_designed_service_cost": 204.0,
            "passes_iecc06_code": true,
            "iecc98_reference_heating_consumption": 55.822754
        }
    },
    {
        "pk": 1,
        "model": "remrate_data.results",
        "fields": {
            "joist_heating_load": 0.897893,
            "roof_cooling_load": -0.015089,
            "hot_water_consumption": 14.015734,
            "nox_photo_voltaic_emission": 0.0,
            "infiltration_cooling_load": -0.471442,
            "heating_consumption": 30.63073,
            "duct_heating_load": 5.559409,
            "lighting_cost": 93.391235,
            "source_energy_cooling": 4.822421,
            "heating_load_per_shell_area_hdd75": 1.153131,
            "freezer_cost": 0.0,
            "co2_cooling_emission": 376.672089,
            "cooling_consumption": 3.536609,
            "frame_floor_heating_load": 0.413196,
            "heating_design_load_per_shell_area_hdd75": 0.001141,
            "refrigerator_consumption": 2.645075,
            "roof_heating_load": 2.085836,
            "service_cost": 204.0,
            "calculated_sensible_latent_cooling_load": 22.658178,
            "joist_cooling_load": -0.144427,
            "source_energy_lights_appliance": 33.916599,
            "lights_cs_consumption": 1.163777,
            "mechanical_ventilation_heating_load": 1.62242,
            "cooling_load_per_shell_area_cdd74": 30.774019,
            "calculated_sensible_cooling_load": 21.391285,
            "photo_voltaic_cost": 0.0,
            "oven_consumption": 3.174778,
            "unit_cooling_cost": 29.617887,
            "whole_house_fan_cooling_load": -4.996653,
            "s02_total_emission": 2.840702,
            "door_heating_load": 1.414493,
            "rating_number": "Non-Solar 001",
            "co2_total_emission": 8168.575684,
            "slab_cooling_load": 0.0,
            "dryer_consumption": 1.448097,
            "total_cost": 1358.119629,
            "total_heating_load": 28.754772,
            "active_solar_cooling_load": 0.0,
            "photo_voltaic_consumption": 0.0,
            "active_solar_heating_load": 0.0,
            "cooling_natural_ach": 0.127173,
            "lights_and_appliances_total_consumption": 22.513121,
            "internal_gains_cooling_load": 10.085525,
            "co2_heating_emission": 3670.79541,
            "door_cooling_load": -0.227523,
            "source_energy_heating": 34.512604,
            "sunspace_cooling_load": 0.0,
            "hot_water_system_efficiency": 0.82,
            "windows_skylights_cooling_load": 7.397824,
            "shell_area": 5313.5,
            "solar_savings": 0.0,
            "simulation": 1,
            "co2_hers_emission_savings": 4041.286133,
            "above_ground_walls_cooling_load": -0.444793,
            "whole_house_fan_heating_load": 0.0,
            "co2_hot_water_emission": 1681.888062,
            "internal_gains_heating_load": -13.595052,
            "source_energy_photo_voltaic": 0.0,
            "windows_skylights_heating_load": 8.535374,
            "infiltration_heating_load": 4.698626,
            "so2_hot_water_emission": 0.008409,
            "cooling_design_load_per_shell_area_cdd74": 0.05529,
            "so2_photo_voltaic_emission": 0.0,
            "unit_heating_cost": 9.974513,
            "nox_cooling_emission": 0.324854,
            "nox_hot_water_emission": 2.10236,
            "lights_and_appliances_consumption": 8.948806,
            "unit_hot_water_cost": 9.759999,
            "co2_photo_voltaic_emission": 0.0,
            "total_cooling_load": 12.611306,
            "foundation_wall_heating_load": 0.0,
            "frame_floor_cooling_load": -0.066463,
            "freezer_consumption": 0.0,
            "heating_system_efficiency": 0.938756,
            "lights_hs_consumption": 1.982732,
            "refrigerator_cost": 78.508209,
            "heating_cost": 305.526611,
            "hot_water_heating_consumption": 11.492901,
            "so2_lights_appliance_emission": 2.344359,
            "co2_lights_appliance_emission": 2439.219971,
            "heating_natural_ach": 0.152064,
            "crawl_heating_load": 4.104677,
            "cooling_cost": 104.746895,
            "so2_heating_emission": 0.061841,
            "so2_hers_emission_savings": 0.530176,
            "nox_hers_emission_savings": 4.876107,
            "so2_cooling_emission": 0.426092,
            "crawl_cooling_load": -0.726034,
            "oven_cost": 33.073116,
            "lights_and_appliances_total_cost": 607.052551,
            "mechanical_ventilation_cooling_load": -0.225829,
            "nox_lights_appliance_emission": 2.246441,
            "lights_and_appliances_cost": 265.608612,
            "dryer_cost": 42.980839,
            "nox_heating_emission": 4.573529,
            "source_energy_hot_water": 16.757942,
            "sunspace_heating_load": 0.0,
            "nox_total_emission": 9.247185,
            "duct_cooling_load": 2.44621,
            "foundation_wall_cooling_load": 0.0,
            "cooling_system_efficiency": 3.565932,
            "above_ground_walls_heating_load": 13.0179,
            "_result_number": 0,
            "heating_design_load": 28.45203,
            "calculated_latent_cooling_load": 1.266893,
            "slab_heating_load": 0.0,
            "hot_water_cost": 136.793549
        }
    },
    {
        "pk": 2,
        "model": "remrate_data.results",
        "fields": {
            "joist_heating_load": 0.897893,
            "roof_cooling_load": -0.015089,
            "hot_water_consumption": 14.015734,
            "nox_photo_voltaic_emission": 0.0,
            "infiltration_cooling_load": -0.471442,
            "heating_consumption": 30.63073,
            "duct_heating_load": 5.559409,
            "lighting_cost": 93.391235,
            "source_energy_cooling": 4.822421,
            "heating_load_per_shell_area_hdd75": 1.153131,
            "freezer_cost": 0.0,
            "co2_cooling_emission": 376.672089,
            "cooling_consumption": 3.536609,
            "frame_floor_heating_load": 0.413196,
            "heating_design_load_per_shell_area_hdd75": 0.001141,
            "refrigerator_consumption": 2.645075,
            "roof_heating_load": 2.085836,
            "service_cost": 204.0,
            "calculated_sensible_latent_cooling_load": 22.658178,
            "joist_cooling_load": -0.144427,
            "source_energy_lights_appliance": 33.916599,
            "lights_cs_consumption": 1.163777,
            "mechanical_ventilation_heating_load": 1.62242,
            "cooling_load_per_shell_area_cdd74": 30.774019,
            "calculated_sensible_cooling_load": 21.391285,
            "photo_voltaic_cost": 0.0,
            "oven_consumption": 3.174778,
            "unit_cooling_cost": 29.617887,
            "whole_house_fan_cooling_load": -4.996653,
            "s02_total_emission": 2.840702,
            "door_heating_load": 1.414493,
            "rating_number": "Non-Solar 001",
            "co2_total_emission": 8168.575684,
            "slab_cooling_load": 0.0,
            "dryer_consumption": 1.448097,
            "total_cost": 1358.119629,
            "total_heating_load": 28.754772,
            "active_solar_cooling_load": 0.0,
            "photo_voltaic_consumption": 0.0,
            "active_solar_heating_load": 0.0,
            "cooling_natural_ach": 0.127173,
            "lights_and_appliances_total_consumption": 22.513121,
            "internal_gains_cooling_load": 10.085525,
            "co2_heating_emission": 3670.79541,
            "door_cooling_load": -0.227523,
            "source_energy_heating": 34.512604,
            "sunspace_cooling_load": 0.0,
            "hot_water_system_efficiency": 0.82,
            "windows_skylights_cooling_load": 7.397824,
            "shell_area": 5313.5,
            "solar_savings": 0.0,
            "simulation": 2,
            "co2_hers_emission_savings": 4041.286133,
            "above_ground_walls_cooling_load": -0.444793,
            "whole_house_fan_heating_load": 0.0,
            "co2_hot_water_emission": 1681.888062,
            "internal_gains_heating_load": -13.595052,
            "source_energy_photo_voltaic": 0.0,
            "windows_skylights_heating_load": 8.535374,
            "infiltration_heating_load": 4.698626,
            "so2_hot_water_emission": 0.008409,
            "cooling_design_load_per_shell_area_cdd74": 0.05529,
            "so2_photo_voltaic_emission": 0.0,
            "unit_heating_cost": 9.974513,
            "nox_cooling_emission": 0.324854,
            "nox_hot_water_emission": 2.10236,
            "lights_and_appliances_consumption": 8.948806,
            "unit_hot_water_cost": 9.759999,
            "co2_photo_voltaic_emission": 0.0,
            "total_cooling_load": 12.611306,
            "foundation_wall_heating_load": 0.0,
            "frame_floor_cooling_load": -0.066463,
            "freezer_consumption": 0.0,
            "heating_system_efficiency": 0.938756,
            "lights_hs_consumption": 1.982732,
            "refrigerator_cost": 78.508209,
            "heating_cost": 305.526611,
            "hot_water_heating_consumption": 11.492901,
            "so2_lights_appliance_emission": 2.344359,
            "co2_lights_appliance_emission": 2439.219971,
            "heating_natural_ach": 0.152064,
            "crawl_heating_load": 4.104677,
            "cooling_cost": 104.746895,
            "so2_heating_emission": 0.061841,
            "so2_hers_emission_savings": 0.530176,
            "nox_hers_emission_savings": 4.876107,
            "so2_cooling_emission": 0.426092,
            "crawl_cooling_load": -0.726034,
            "oven_cost": 33.073116,
            "lights_and_appliances_total_cost": 607.052551,
            "mechanical_ventilation_cooling_load": -0.225829,
            "nox_lights_appliance_emission": 2.246441,
            "lights_and_appliances_cost": 265.608612,
            "dryer_cost": 42.980839,
            "nox_heating_emission": 4.573529,
            "source_energy_hot_water": 16.757942,
            "sunspace_heating_load": 0.0,
            "nox_total_emission": 9.247185,
            "duct_cooling_load": 2.44621,
            "foundation_wall_cooling_load": 0.0,
            "cooling_system_efficiency": 3.565932,
            "above_ground_walls_heating_load": 13.0179,
            "_result_number": 1,
            "heating_design_load": 28.45203,
            "calculated_latent_cooling_load": 1.266893,
            "slab_heating_load": 0.0,
            "hot_water_cost": 136.793549
        }
    },
    {
        "pk": 3,
        "model": "remrate_data.results",
        "fields": {
            "joist_heating_load": 1.10036,
            "roof_cooling_load": -0.018736,
            "hot_water_consumption": 20.906075,
            "nox_photo_voltaic_emission": 0.0,
            "infiltration_cooling_load": -1.260628,
            "heating_consumption": 42.443989,
            "duct_heating_load": 6.542857,
            "lighting_cost": 166.163666,
            "source_energy_cooling": 5.223482,
            "heating_load_per_shell_area_hdd75": 1.524286,
            "freezer_cost": 0.0,
            "co2_cooling_emission": 398.60022,
            "cooling_consumption": 3.742495,
            "frame_floor_heating_load": 0.401183,
            "heating_design_load_per_shell_area_hdd75": 0.001307,
            "refrigerator_consumption": 2.645075,
            "roof_heating_load": 2.921767,
            "service_cost": 204.0,
            "calculated_sensible_latent_cooling_load": 24.875031,
            "joist_cooling_load": -0.177179,
            "source_energy_lights_appliance": 37.139286,
            "lights_cs_consumption": 2.070617,
            "mechanical_ventilation_heating_load": 1.621812,
            "cooling_load_per_shell_area_cdd74": 32.64278,
            "calculated_sensible_cooling_load": 23.643579,
            "photo_voltaic_cost": 0.0,
            "oven_consumption": 3.174778,
            "unit_cooling_cost": 29.617891,
            "whole_house_fan_cooling_load": -5.423305,
            "s02_total_emission": 3.267258,
            "door_heating_load": 0.848445,
            "rating_number": "Non-Solar 001",
            "co2_total_emission": 10688.625977,
            "slab_cooling_load": 0.0,
            "dryer_consumption": 1.448097,
            "total_cost": 1635.330078,
            "total_heating_load": 38.009975,
            "active_solar_cooling_load": 0.0,
            "photo_voltaic_consumption": 0.0,
            "active_solar_heating_load": 0.0,
            "cooling_natural_ach": 0.254346,
            "lights_and_appliances_total_consumption": 24.992113,
            "internal_gains_cooling_load": 10.998392,
            "co2_heating_emission": 5078.047363,
            "door_cooling_load": -0.136616,
            "source_energy_heating": 44.983894,
            "sunspace_cooling_load": 0.0,
            "hot_water_system_efficiency": 0.79,
            "windows_skylights_cooling_load": 8.539026,
            "shell_area": 5313.5,
            "solar_savings": 0.0,
            "simulation": 3,
            "co2_hers_emission_savings": 2027.792969,
            "above_ground_walls_cooling_load": -0.508243,
            "whole_house_fan_heating_load": 0.0,
            "co2_hot_water_emission": 2508.729004,
            "internal_gains_heating_load": -15.133917,
            "source_energy_photo_voltaic": 0.0,
            "windows_skylights_heating_load": 10.15712,
            "infiltration_heating_load": 10.699388,
            "so2_hot_water_emission": 0.012544,
            "cooling_design_load_per_shell_area_cdd74": 0.0607,
            "so2_photo_voltaic_emission": 0.0,
            "unit_heating_cost": 10.2679,
            "nox_cooling_emission": 0.343766,
            "nox_hot_water_emission": 3.135911,
            "lights_and_appliances_consumption": 8.948806,
            "unit_hot_water_cost": 9.759998,
            "co2_photo_voltaic_emission": 0.0,
            "total_cooling_load": 13.377132,
            "foundation_wall_heating_load": 0.0,
            "frame_floor_cooling_load": -0.064598,
            "freezer_consumption": 0.0,
            "heating_system_efficiency": 0.895533,
            "lights_hs_consumption": 3.527718,
            "refrigerator_cost": 78.508217,
            "heating_cost": 435.810638,
            "hot_water_heating_consumption": 16.515799,
            "so2_lights_appliance_emission": 2.643029,
            "co2_lights_appliance_emission": 2703.249023,
            "heating_natural_ach": 0.304128,
            "crawl_heating_load": 4.066516,
            "cooling_cost": 110.844795,
            "so2_heating_emission": 0.160788,
            "so2_hers_emission_savings": 0.095757,
            "nox_hers_emission_savings": 2.505276,
            "so2_cooling_emission": 0.450898,
            "crawl_cooling_load": -0.725923,
            "oven_cost": 33.073112,
            "lights_and_appliances_total_cost": 680.631348,
            "mechanical_ventilation_cooling_load": -0.239736,
            "nox_lights_appliance_emission": 2.474149,
            "lights_and_appliances_cost": 265.608643,
            "dryer_cost": 42.980839,
            "nox_heating_emission": 6.300964,
            "source_energy_hot_water": 22.996683,
            "sunspace_heating_load": 0.0,
            "nox_total_emission": 12.254789,
            "duct_cooling_load": 2.394677,
            "foundation_wall_cooling_load": 0.0,
            "cooling_system_efficiency": 3.574389,
            "above_ground_walls_heating_load": 14.784445,
            "_result_number": 2,
            "heating_design_load": 32.597652,
            "calculated_latent_cooling_load": 1.23145,
            "slab_heating_load": 0.0,
            "hot_water_cost": 204.043243
        }
    },
    {
        "pk": 4,
        "model": "remrate_data.results",
        "fields": {
            "joist_heating_load": 0.897893,
            "roof_cooling_load": -0.015089,
            "hot_water_consumption": 5.26727,
            "nox_photo_voltaic_emission": 0.0,
            "infiltration_cooling_load": -0.471442,
            "heating_consumption": 30.63073,
            "duct_heating_load": 5.559409,
            "lighting_cost": 93.391235,
            "source_energy_cooling": 4.822421,
            "heating_load_per_shell_area_hdd75": 1.153131,
            "freezer_cost": 0.0,
            "co2_cooling_emission": 376.672089,
            "cooling_consumption": 3.536609,
            "frame_floor_heating_load": 0.413196,
            "heating_design_load_per_shell_area_hdd75": 0.001141,
            "refrigerator_consumption": 2.645075,
            "roof_heating_load": 2.085836,
            "service_cost": 204.0,
            "calculated_sensible_latent_cooling_load": 22.658178,
            "joist_cooling_load": -0.144427,
            "source_energy_lights_appliance": 33.916599,
            "lights_cs_consumption": 1.163777,
            "mechanical_ventilation_heating_load": 1.62242,
            "cooling_load_per_shell_area_cdd74": 30.774019,
            "calculated_sensible_cooling_load": 21.391285,
            "photo_voltaic_cost": 0.0,
            "oven_consumption": 3.174778,
            "unit_cooling_cost": 29.617887,
            "whole_house_fan_cooling_load": -4.996653,
            "s02_total_emission": 2.835453,
            "door_heating_load": 1.414493,
            "rating_number": "Solar 001",
            "co2_total_emission": 7118.759766,
            "slab_cooling_load": 0.0,
            "dryer_consumption": 1.448097,
            "total_cost": 1272.734619,
            "total_heating_load": 28.754772,
            "active_solar_cooling_load": 0.0,
            "photo_voltaic_consumption": 0.0,
            "active_solar_heating_load": 0.0,
            "cooling_natural_ach": 0.127173,
            "lights_and_appliances_total_consumption": 22.513121,
            "internal_gains_cooling_load": 10.085525,
            "co2_heating_emission": 3670.79541,
            "door_cooling_load": -0.227523,
            "source_energy_heating": 34.512604,
            "sunspace_cooling_load": 0.0,
            "hot_water_system_efficiency": 0.82,
            "windows_skylights_cooling_load": 7.397824,
            "shell_area": 5313.5,
            "solar_savings": 7.17374,
            "simulation": 4,
            "co2_hers_emission_savings": 5182.390625,
            "above_ground_walls_cooling_load": -0.444793,
            "whole_house_fan_heating_load": 0.0,
            "co2_hot_water_emission": 632.072388,
            "internal_gains_heating_load": -13.595052,
            "source_energy_photo_voltaic": 0.0,
            "windows_skylights_heating_load": 8.535374,
            "infiltration_heating_load": 4.698626,
            "so2_hot_water_emission": 0.00316,
            "cooling_design_load_per_shell_area_cdd74": 0.05529,
            "so2_photo_voltaic_emission": 0.0,
            "unit_heating_cost": 9.974513,
            "nox_cooling_emission": 0.324854,
            "nox_hot_water_emission": 0.790091,
            "lights_and_appliances_consumption": 8.948806,
            "unit_hot_water_cost": 9.759999,
            "co2_photo_voltaic_emission": 0.0,
            "total_cooling_load": 12.611306,
            "foundation_wall_heating_load": 0.0,
            "frame_floor_cooling_load": -0.066463,
            "freezer_consumption": 0.0,
            "heating_system_efficiency": 0.938756,
            "lights_hs_consumption": 1.982732,
            "refrigerator_cost": 78.508209,
            "heating_cost": 305.526611,
            "hot_water_heating_consumption": 4.319161,
            "so2_lights_appliance_emission": 2.344359,
            "co2_lights_appliance_emission": 2439.219971,
            "heating_natural_ach": 0.152064,
            "crawl_heating_load": 4.104677,
            "cooling_cost": 104.746895,
            "so2_heating_emission": 0.061841,
            "so2_hers_emission_savings": 0.535881,
            "nox_hers_emission_savings": 6.302487,
            "so2_cooling_emission": 0.426092,
            "crawl_cooling_load": -0.726034,
            "oven_cost": 33.073112,
            "lights_and_appliances_total_cost": 607.052551,
            "mechanical_ventilation_cooling_load": -0.225829,
            "nox_lights_appliance_emission": 2.246441,
            "lights_and_appliances_cost": 265.608612,
            "dryer_cost": 42.980839,
            "nox_heating_emission": 4.573529,
            "source_energy_hot_water": 6.297822,
            "sunspace_heating_load": 0.0,
            "nox_total_emission": 7.934915,
            "duct_cooling_load": 2.44621,
            "foundation_wall_cooling_load": 0.0,
            "cooling_system_efficiency": 3.565932,
            "above_ground_walls_heating_load": 13.0179,
            "_result_number": 3,
            "heating_design_load": 28.45203,
            "calculated_latent_cooling_load": 1.266893,
            "slab_heating_load": 0.0,
            "hot_water_cost": 51.408554
        }
    },
    {
        "pk": 5,
        "model": "remrate_data.results",
        "fields": {
            "joist_heating_load": 1.10036,
            "roof_cooling_load": -0.018736,
            "hot_water_consumption": 20.906075,
            "nox_photo_voltaic_emission": 0.0,
            "infiltration_cooling_load": -1.260628,
            "heating_consumption": 42.443989,
            "duct_heating_load": 6.542857,
            "lighting_cost": 166.163666,
            "source_energy_cooling": 5.223482,
            "heating_load_per_shell_area_hdd75": 1.524286,
            "freezer_cost": 0.0,
            "co2_cooling_emission": 398.60022,
            "cooling_consumption": 3.742495,
            "frame_floor_heating_load": 0.401183,
            "heating_design_load_per_shell_area_hdd75": 0.001307,
            "refrigerator_consumption": 2.645075,
            "roof_heating_load": 2.921767,
            "service_cost": 204.0,
            "calculated_sensible_latent_cooling_load": 24.875031,
            "joist_cooling_load": -0.177179,
            "source_energy_lights_appliance": 37.139286,
            "lights_cs_consumption": 2.070617,
            "mechanical_ventilation_heating_load": 1.621812,
            "cooling_load_per_shell_area_cdd74": 32.64278,
            "calculated_sensible_cooling_load": 23.643579,
            "photo_voltaic_cost": 0.0,
            "oven_consumption": 3.174778,
            "unit_cooling_cost": 29.617891,
            "whole_house_fan_cooling_load": -5.423305,
            "s02_total_emission": 3.267258,
            "door_heating_load": 0.848445,
            "rating_number": "Solar 001",
            "co2_total_emission": 10688.625977,
            "slab_cooling_load": 0.0,
            "dryer_consumption": 1.448097,
            "total_cost": 1635.330078,
            "total_heating_load": 38.009975,
            "active_solar_cooling_load": 0.0,
            "photo_voltaic_consumption": 0.0,
            "active_solar_heating_load": 0.0,
            "cooling_natural_ach": 0.254346,
            "lights_and_appliances_total_consumption": 24.992113,
            "internal_gains_cooling_load": 10.998392,
            "co2_heating_emission": 5078.047363,
            "door_cooling_load": -0.136616,
            "source_energy_heating": 44.983894,
            "sunspace_cooling_load": 0.0,
            "hot_water_system_efficiency": 0.79,
            "windows_skylights_cooling_load": 8.539026,
            "shell_area": 5313.5,
            "solar_savings": 0.0,
            "simulation": 5,
            "co2_hers_emission_savings": 2027.792969,
            "above_ground_walls_cooling_load": -0.508243,
            "whole_house_fan_heating_load": 0.0,
            "co2_hot_water_emission": 2508.729004,
            "internal_gains_heating_load": -15.133917,
            "source_energy_photo_voltaic": 0.0,
            "windows_skylights_heating_load": 10.15712,
            "infiltration_heating_load": 10.699388,
            "so2_hot_water_emission": 0.012544,
            "cooling_design_load_per_shell_area_cdd74": 0.0607,
            "so2_photo_voltaic_emission": 0.0,
            "unit_heating_cost": 10.2679,
            "nox_cooling_emission": 0.343766,
            "nox_hot_water_emission": 3.135911,
            "lights_and_appliances_consumption": 8.948806,
            "unit_hot_water_cost": 9.759998,
            "co2_photo_voltaic_emission": 0.0,
            "total_cooling_load": 13.377132,
            "foundation_wall_heating_load": 0.0,
            "frame_floor_cooling_load": -0.064598,
            "freezer_consumption": 0.0,
            "heating_system_efficiency": 0.895533,
            "lights_hs_consumption": 3.527718,
            "refrigerator_cost": 78.508217,
            "heating_cost": 435.810638,
            "hot_water_heating_consumption": 16.515799,
            "so2_lights_appliance_emission": 2.643029,
            "co2_lights_appliance_emission": 2703.249023,
            "heating_natural_ach": 0.304128,
            "crawl_heating_load": 4.066516,
            "cooling_cost": 110.844795,
            "so2_heating_emission": 0.160788,
            "so2_hers_emission_savings": 0.095757,
            "nox_hers_emission_savings": 2.505276,
            "so2_cooling_emission": 0.450898,
            "crawl_cooling_load": -0.725923,
            "oven_cost": 33.073112,
            "lights_and_appliances_total_cost": 680.631348,
            "mechanical_ventilation_cooling_load": -0.239736,
            "nox_lights_appliance_emission": 2.474149,
            "lights_and_appliances_cost": 265.608643,
            "dryer_cost": 42.980839,
            "nox_heating_emission": 6.300964,
            "source_energy_hot_water": 22.996683,
            "sunspace_heating_load": 0.0,
            "nox_total_emission": 12.254789,
            "duct_cooling_load": 2.394677,
            "foundation_wall_cooling_load": 0.0,
            "cooling_system_efficiency": 3.574389,
            "above_ground_walls_heating_load": 14.784445,
            "_result_number": 4,
            "heating_design_load": 32.597652,
            "calculated_latent_cooling_load": 1.23145,
            "slab_heating_load": 0.0,
            "hot_water_cost": 204.043243
        }
    },
    {
        "pk": 6,
        "model": "remrate_data.results",
        "fields": {
            "joist_heating_load": 0.897893,
            "roof_cooling_load": -0.015089,
            "hot_water_consumption": 14.015734,
            "nox_photo_voltaic_emission": 0.0,
            "infiltration_cooling_load": -0.471442,
            "heating_consumption": 30.63073,
            "duct_heating_load": 5.559409,
            "lighting_cost": 93.391235,
            "source_energy_cooling": 4.822421,
            "heating_load_per_shell_area_hdd75": 1.153131,
            "freezer_cost": 0.0,
            "co2_cooling_emission": 376.672089,
            "cooling_consumption": 3.536609,
            "frame_floor_heating_load": 0.413196,
            "heating_design_load_per_shell_area_hdd75": 0.001141,
            "refrigerator_consumption": 2.645075,
            "roof_heating_load": 2.085836,
            "service_cost": 204.0,
            "calculated_sensible_latent_cooling_load": 22.658178,
            "joist_cooling_load": -0.144427,
            "source_energy_lights_appliance": 33.916599,
            "lights_cs_consumption": 1.163777,
            "mechanical_ventilation_heating_load": 1.62242,
            "cooling_load_per_shell_area_cdd74": 30.774019,
            "calculated_sensible_cooling_load": 21.391285,
            "photo_voltaic_cost": 0.0,
            "oven_consumption": 3.174778,
            "unit_cooling_cost": 29.617887,
            "whole_house_fan_cooling_load": -4.996653,
            "s02_total_emission": 2.840702,
            "door_heating_load": 1.414493,
            "rating_number": "Solar 001",
            "co2_total_emission": 8168.575684,
            "slab_cooling_load": 0.0,
            "dryer_consumption": 1.448097,
            "total_cost": 1358.119629,
            "total_heating_load": 28.754772,
            "active_solar_cooling_load": 0.0,
            "photo_voltaic_consumption": 0.0,
            "active_solar_heating_load": 0.0,
            "cooling_natural_ach": 0.127173,
            "lights_and_appliances_total_consumption": 22.513121,
            "internal_gains_cooling_load": 10.085525,
            "co2_heating_emission": 3670.79541,
            "door_cooling_load": -0.227523,
            "source_energy_heating": 34.512604,
            "sunspace_cooling_load": 0.0,
            "hot_water_system_efficiency": 0.82,
            "windows_skylights_cooling_load": 7.397824,
            "shell_area": 5313.5,
            "solar_savings": 0.0,
            "simulation": 6,
            "co2_hers_emission_savings": 4041.286133,
            "above_ground_walls_cooling_load": -0.444793,
            "whole_house_fan_heating_load": 0.0,
            "co2_hot_water_emission": 1681.888062,
            "internal_gains_heating_load": -13.595052,
            "source_energy_photo_voltaic": 0.0,
            "windows_skylights_heating_load": 8.535374,
            "infiltration_heating_load": 4.698626,
            "so2_hot_water_emission": 0.008409,
            "cooling_design_load_per_shell_area_cdd74": 0.05529,
            "so2_photo_voltaic_emission": 0.0,
            "unit_heating_cost": 9.974513,
            "nox_cooling_emission": 0.324854,
            "nox_hot_water_emission": 2.10236,
            "lights_and_appliances_consumption": 8.948806,
            "unit_hot_water_cost": 9.759999,
            "co2_photo_voltaic_emission": 0.0,
            "total_cooling_load": 12.611306,
            "foundation_wall_heating_load": 0.0,
            "frame_floor_cooling_load": -0.066463,
            "freezer_consumption": 0.0,
            "heating_system_efficiency": 0.938756,
            "lights_hs_consumption": 1.982732,
            "refrigerator_cost": 78.508209,
            "heating_cost": 305.526611,
            "hot_water_heating_consumption": 11.492901,
            "so2_lights_appliance_emission": 2.344359,
            "co2_lights_appliance_emission": 2439.219971,
            "heating_natural_ach": 0.152064,
            "crawl_heating_load": 4.104677,
            "cooling_cost": 104.746895,
            "so2_heating_emission": 0.061841,
            "so2_hers_emission_savings": 0.530176,
            "nox_hers_emission_savings": 4.876107,
            "so2_cooling_emission": 0.426092,
            "crawl_cooling_load": -0.726034,
            "oven_cost": 33.073116,
            "lights_and_appliances_total_cost": 607.052551,
            "mechanical_ventilation_cooling_load": -0.225829,
            "nox_lights_appliance_emission": 2.246441,
            "lights_and_appliances_cost": 265.608612,
            "dryer_cost": 42.980839,
            "nox_heating_emission": 4.573529,
            "source_energy_hot_water": 16.757942,
            "sunspace_heating_load": 0.0,
            "nox_total_emission": 9.247185,
            "duct_cooling_load": 2.44621,
            "foundation_wall_cooling_load": 0.0,
            "cooling_system_efficiency": 3.565932,
            "above_ground_walls_heating_load": 13.0179,
            "_result_number": 5,
            "heating_design_load": 28.45203,
            "calculated_latent_cooling_load": 1.266893,
            "slab_heating_load": 0.0,
            "hot_water_cost": 136.793549
        }
    },
    {
        "pk": 7,
        "model": "remrate_data.results",
        "fields": {
            "joist_heating_load": 0.897893,
            "roof_cooling_load": -0.015089,
            "hot_water_consumption": 14.015734,
            "nox_photo_voltaic_emission": 0.0,
            "infiltration_cooling_load": -0.471442,
            "heating_consumption": 30.63073,
            "duct_heating_load": 5.559409,
            "lighting_cost": 93.391235,
            "source_energy_cooling": 4.822421,
            "heating_load_per_shell_area_hdd75": 1.153131,
            "freezer_cost": 0.0,
            "co2_cooling_emission": 376.672089,
            "cooling_consumption": 3.536609,
            "frame_floor_heating_load": 0.413196,
            "heating_design_load_per_shell_area_hdd75": 0.001141,
            "refrigerator_consumption": 2.645075,
            "roof_heating_load": 2.085836,
            "service_cost": 204.0,
            "calculated_sensible_latent_cooling_load": 22.658178,
            "joist_cooling_load": -0.144427,
            "source_energy_lights_appliance": 33.916599,
            "lights_cs_consumption": 1.163777,
            "mechanical_ventilation_heating_load": 1.62242,
            "cooling_load_per_shell_area_cdd74": 30.774019,
            "calculated_sensible_cooling_load": 21.391285,
            "photo_voltaic_cost": 0.0,
            "oven_consumption": 3.174778,
            "unit_cooling_cost": 29.617887,
            "whole_house_fan_cooling_load": -4.996653,
            "s02_total_emission": 2.840702,
            "door_heating_load": 1.414493,
            "rating_number": "Unrelated",
            "co2_total_emission": 8168.575684,
            "slab_cooling_load": 0.0,
            "dryer_consumption": 1.448097,
            "total_cost": 1358.119629,
            "total_heating_load": 28.754772,
            "active_solar_cooling_load": 0.0,
            "photo_voltaic_consumption": 0.0,
            "active_solar_heating_load": 0.0,
            "cooling_natural_ach": 0.127173,
            "lights_and_appliances_total_consumption": 22.513121,
            "internal_gains_cooling_load": 10.085525,
            "co2_heating_emission": 3670.79541,
            "door_cooling_load": -0.227523,
            "source_energy_heating": 34.512604,
            "sunspace_cooling_load": 0.0,
            "hot_water_system_efficiency": 0.82,
            "windows_skylights_cooling_load": 7.397824,
            "shell_area": 5313.5,
            "solar_savings": 0.0,
            "simulation": 7,
            "co2_hers_emission_savings": 4041.286133,
            "above_ground_walls_cooling_load": -0.444793,
            "whole_house_fan_heating_load": 0.0,
            "co2_hot_water_emission": 1681.888062,
            "internal_gains_heating_load": -13.595052,
            "source_energy_photo_voltaic": 0.0,
            "windows_skylights_heating_load": 8.535374,
            "infiltration_heating_load": 4.698626,
            "so2_hot_water_emission": 0.008409,
            "cooling_design_load_per_shell_area_cdd74": 0.05529,
            "so2_photo_voltaic_emission": 0.0,
            "unit_heating_cost": 9.974513,
            "nox_cooling_emission": 0.324854,
            "nox_hot_water_emission": 2.10236,
            "lights_and_appliances_consumption": 8.948806,
            "unit_hot_water_cost": 9.759999,
            "co2_photo_voltaic_emission": 0.0,
            "total_cooling_load": 12.611306,
            "foundation_wall_heating_load": 0.0,
            "frame_floor_cooling_load": -0.066463,
            "freezer_consumption": 0.0,
            "heating_system_efficiency": 0.938756,
            "lights_hs_consumption": 1.982732,
            "refrigerator_cost": 78.508209,
            "heating_cost": 305.526611,
            "hot_water_heating_consumption": 11.492901,
            "so2_lights_appliance_emission": 2.344359,
            "co2_lights_appliance_emission": 2439.219971,
            "heating_natural_ach": 0.152064,
            "crawl_heating_load": 4.104677,
            "cooling_cost": 104.746895,
            "so2_heating_emission": 0.061841,
            "so2_hers_emission_savings": 0.530176,
            "nox_hers_emission_savings": 4.876107,
            "so2_cooling_emission": 0.426092,
            "crawl_cooling_load": -0.726034,
            "oven_cost": 33.073116,
            "lights_and_appliances_total_cost": 607.052551,
            "mechanical_ventilation_cooling_load": -0.225829,
            "nox_lights_appliance_emission": 2.246441,
            "lights_and_appliances_cost": 265.608612,
            "dryer_cost": 42.980839,
            "nox_heating_emission": 4.573529,
            "source_energy_hot_water": 16.757942,
            "sunspace_heating_load": 0.0,
            "nox_total_emission": 9.247185,
            "duct_cooling_load": 2.44621,
            "foundation_wall_cooling_load": 0.0,
            "cooling_system_efficiency": 3.565932,
            "above_ground_walls_heating_load": 13.0179,
            "_result_number": 6,
            "heating_design_load": 28.45203,
            "calculated_latent_cooling_load": 1.266893,
            "slab_heating_load": 0.0,
            "hot_water_cost": 136.793549
        }
    },
    {
        "pk": 1,
        "model": "remrate_data.fuelsummary",
        "fields": {
            "fuel_units": 4,
            "rating_number": "Non-Solar 001",
            "total_cost": 461.545502,
            "lights_and_appliances_consumption": 30.700001,
            "fuel_type": 1,
            "hot_water_consumption": 140.157333,
            "simulation": 1,
            "_result_number": 0,
            "heating_consumption": 302.681824,
            "photo_voltaics_consumption": 0.0,
            "cooling_consumption": 0.0
        }
    },
    {
        "pk": 2,
        "model": "remrate_data.fuelsummary",
        "fields": {
            "fuel_units": 1,
            "rating_number": "Non-Solar 001",
            "total_cost": 692.574097,
            "lights_and_appliances_consumption": 5696.834473,
            "fuel_type": 4,
            "hot_water_consumption": 0.0,
            "simulation": 1,
            "_result_number": 0,
            "heating_consumption": 106.226616,
            "photo_voltaics_consumption": 0.0,
            "cooling_consumption": 1036.22644
        }
    },
    {
        "pk": 3,
        "model": "remrate_data.fuelsummary",
        "fields": {
            "fuel_units": 7,
            "rating_number": "Non-Solar 001",
            "total_cost": 0.45657,
            "lights_and_appliances_consumption": 0.424315,
            "fuel_type": 4,
            "hot_water_consumption": 0.0,
            "simulation": 1,
            "_result_number": 0,
            "heating_consumption": 0.032255,
            "photo_voltaics_consumption": 0.0,
            "cooling_consumption": 0.0
        }
    },
    {
        "pk": 4,
        "model": "remrate_data.fuelsummary",
        "fields": {
            "fuel_units": 8,
            "rating_number": "Non-Solar 001",
            "total_cost": 2.94182,
            "lights_and_appliances_consumption": 1.127553,
            "fuel_type": 4,
            "hot_water_consumption": 0.0,
            "simulation": 1,
            "_result_number": 0,
            "heating_consumption": 0.0,
            "photo_voltaics_consumption": 0.0,
            "cooling_consumption": 1.814267
        }
    },
    {
        "pk": 5,
        "model": "remrate_data.fuelsummary",
        "fields": {
            "fuel_units": 4,
            "rating_number": "Non-Solar 001",
            "total_cost": 461.545502,
            "lights_and_appliances_consumption": 30.700001,
            "fuel_type": 1,
            "hot_water_consumption": 140.157333,
            "simulation": 2,
            "_result_number": 1,
            "heating_consumption": 302.681824,
            "photo_voltaics_consumption": 0.0,
            "cooling_consumption": 0.0
        }
    },
    {
        "pk": 6,
        "model": "remrate_data.fuelsummary",
        "fields": {
            "fuel_units": 1,
            "rating_number": "Non-Solar 001",
            "total_cost": 692.574097,
            "lights_and_appliances_consumption": 5696.834473,
            "fuel_type": 4,
            "hot_water_consumption": 0.0,
            "simulation": 2,
            "_result_number": 1,
            "heating_consumption": 106.226616,
            "photo_voltaics_consumption": 0.0,
            "cooling_consumption": 1036.22644
        }
    },
    {
        "pk": 7,
        "model": "remrate_data.fuelsummary",
        "fields": {
            "fuel_units": 7,
            "rating_number": "Non-Solar 001",
            "total_cost": 0.45657,
            "lights_and_appliances_consumption": 0.424315,
            "fuel_type": 4,
            "hot_water_consumption": 0.0,
            "simulation": 2,
            "_result_number": 1,
            "heating_consumption": 0.032255,
            "photo_voltaics_consumption": 0.0,
            "cooling_consumption": 0.0
        }
    },
    {
        "pk": 8,
        "model": "remrate_data.fuelsummary",
        "fields": {
            "fuel_units": 8,
            "rating_number": "Non-Solar 001",
            "total_cost": 2.94182,
            "lights_and_appliances_consumption": 1.127553,
            "fuel_type": 4,
            "hot_water_consumption": 0.0,
            "simulation": 2,
            "_result_number": 1,
            "heating_consumption": 0.0,
            "photo_voltaics_consumption": 0.0,
            "cooling_consumption": 1.814267
        }
    },
    {
        "pk": 9,
        "model": "remrate_data.fuelsummary",
        "fields": {
            "fuel_units": 4,
            "rating_number": "Non-Solar 001",
            "total_cost": 636.384583,
            "lights_and_appliances_consumption": 30.700001,
            "fuel_type": 1,
            "hot_water_consumption": 209.060745,
            "simulation": 3,
            "_result_number": 2,
            "heating_consumption": 413.151886,
            "photo_voltaics_consumption": 0.0,
            "cooling_consumption": 0.0
        }
    },
    {
        "pk": 10,
        "model": "remrate_data.fuelsummary",
        "fields": {
            "fuel_units": 1,
            "rating_number": "Non-Solar 001",
            "total_cost": 794.945435,
            "lights_and_appliances_consumption": 6423.179199,
            "fuel_type": 4,
            "hot_water_consumption": 0.0,
            "simulation": 3,
            "_result_number": 2,
            "heating_consumption": 330.73877,
            "photo_voltaics_consumption": 0.0,
            "cooling_consumption": 1096.550903
        }
    },
    {
        "pk": 11,
        "model": "remrate_data.fuelsummary",
        "fields": {
            "fuel_units": 7,
            "rating_number": "Non-Solar 001",
            "total_cost": 0.624467,
            "lights_and_appliances_consumption": 0.524041,
            "fuel_type": 4,
            "hot_water_consumption": 0.0,
            "simulation": 3,
            "_result_number": 2,
            "heating_consumption": 0.100427,
            "photo_voltaics_consumption": 0.0,
            "cooling_consumption": 0.0
        }
    },
    {
        "pk": 12,
        "model": "remrate_data.fuelsummary",
        "fields": {
            "fuel_units": 8,
            "rating_number": "Non-Solar 001",
            "total_cost": 3.257419,
            "lights_and_appliances_consumption": 1.265646,
            "fuel_type": 4,
            "hot_water_consumption": 0.0,
            "simulation": 3,
            "_result_number": 2,
            "heating_consumption": 0.0,
            "photo_voltaics_consumption": 0.0,
            "cooling_consumption": 1.991773
        }
    },
    {
        "pk": 13,
        "model": "remrate_data.fuelsummary",
        "fields": {
            "fuel_units": 4,
            "rating_number": "Solar 001",
            "total_cost": 376.160492,
            "lights_and_appliances_consumption": 30.700001,
            "fuel_type": 1,
            "hot_water_consumption": 52.672699,
            "simulation": 4,
            "_result_number": 3,
            "heating_consumption": 302.681824,
            "photo_voltaics_consumption": 0.0,
            "cooling_consumption": 0.0
        }
    },
    {
        "pk": 14,
        "model": "remrate_data.fuelsummary",
        "fields": {
            "fuel_units": 1,
            "rating_number": "Solar 001",
            "total_cost": 692.574097,
            "lights_and_appliances_consumption": 5696.834473,
            "fuel_type": 4,
            "hot_water_consumption": 0.0,
            "simulation": 4,
            "_result_number": 3,
            "heating_consumption": 106.226616,
            "photo_voltaics_consumption": 0.0,
            "cooling_consumption": 1036.22644
        }
    },
    {
        "pk": 15,
        "model": "remrate_data.fuelsummary",
        "fields": {
            "fuel_units": 7,
            "rating_number": "Solar 001",
            "total_cost": 0.45657,
            "lights_and_appliances_consumption": 0.424315,
            "fuel_type": 4,
            "hot_water_consumption": 0.0,
            "simulation": 4,
            "_result_number": 3,
            "heating_consumption": 0.032255,
            "photo_voltaics_consumption": 0.0,
            "cooling_consumption": 0.0
        }
    },
    {
        "pk": 16,
        "model": "remrate_data.fuelsummary",
        "fields": {
            "fuel_units": 8,
            "rating_number": "Solar 001",
            "total_cost": 2.94182,
            "lights_and_appliances_consumption": 1.127553,
            "fuel_type": 4,
            "hot_water_consumption": 0.0,
            "simulation": 4,
            "_result_number": 3,
            "heating_consumption": 0.0,
            "photo_voltaics_consumption": 0.0,
            "cooling_consumption": 1.814267
        }
    },
    {
        "pk": 17,
        "model": "remrate_data.fuelsummary",
        "fields": {
            "fuel_units": 4,
            "rating_number": "Solar 001",
            "total_cost": 636.384583,
            "lights_and_appliances_consumption": 30.700001,
            "fuel_type": 1,
            "hot_water_consumption": 209.060745,
            "simulation": 5,
            "_result_number": 4,
            "heating_consumption": 413.151886,
            "photo_voltaics_consumption": 0.0,
            "cooling_consumption": 0.0
        }
    },
    {
        "pk": 18,
        "model": "remrate_data.fuelsummary",
        "fields": {
            "fuel_units": 1,
            "rating_number": "Solar 001",
            "total_cost": 794.945435,
            "lights_and_appliances_consumption": 6423.179199,
            "fuel_type": 4,
            "hot_water_consumption": 0.0,
            "simulation": 5,
            "_result_number": 4,
            "heating_consumption": 330.73877,
            "photo_voltaics_consumption": 0.0,
            "cooling_consumption": 1096.550903
        }
    },
    {
        "pk": 19,
        "model": "remrate_data.fuelsummary",
        "fields": {
            "fuel_units": 7,
            "rating_number": "Solar 001",
            "total_cost": 0.624467,
            "lights_and_appliances_consumption": 0.524041,
            "fuel_type": 4,
            "hot_water_consumption": 0.0,
            "simulation": 5,
            "_result_number": 4,
            "heating_consumption": 0.100427,
            "photo_voltaics_consumption": 0.0,
            "cooling_consumption": 0.0
        }
    },
    {
        "pk": 20,
        "model": "remrate_data.fuelsummary",
        "fields": {
            "fuel_units": 8,
            "rating_number": "Solar 001",
            "total_cost": 3.257419,
            "lights_and_appliances_consumption": 1.265646,
            "fuel_type": 4,
            "hot_water_consumption": 0.0,
            "simulation": 5,
            "_result_number": 4,
            "heating_consumption": 0.0,
            "photo_voltaics_consumption": 0.0,
            "cooling_consumption": 1.991773
        }
    },
    {
        "pk": 21,
        "model": "remrate_data.fuelsummary",
        "fields": {
            "fuel_units": 4,
            "rating_number": "Solar 001",
            "total_cost": 461.545502,
            "lights_and_appliances_consumption": 30.700001,
            "fuel_type": 1,
            "hot_water_consumption": 140.157333,
            "simulation": 6,
            "_result_number": 5,
            "heating_consumption": 302.681824,
            "photo_voltaics_consumption": 0.0,
            "cooling_consumption": 0.0
        }
    },
    {
        "pk": 22,
        "model": "remrate_data.fuelsummary",
        "fields": {
            "fuel_units": 1,
            "rating_number": "Solar 001",
            "total_cost": 692.574097,
            "lights_and_appliances_consumption": 5696.834473,
            "fuel_type": 4,
            "hot_water_consumption": 0.0,
            "simulation": 6,
            "_result_number": 5,
            "heating_consumption": 106.226616,
            "photo_voltaics_consumption": 0.0,
            "cooling_consumption": 1036.22644
        }
    },
    {
        "pk": 23,
        "model": "remrate_data.fuelsummary",
        "fields": {
            "fuel_units": 7,
            "rating_number": "Solar 001",
            "total_cost": 0.45657,
            "lights_and_appliances_consumption": 0.424315,
            "fuel_type": 4,
            "hot_water_consumption": 0.0,
            "simulation": 6,
            "_result_number": 5,
            "heating_consumption": 0.032255,
            "photo_voltaics_consumption": 0.0,
            "cooling_consumption": 0.0
        }
    },
    {
        "pk": 24,
        "model": "remrate_data.fuelsummary",
        "fields": {
            "fuel_units": 8,
            "rating_number": "Solar 001",
            "total_cost": 2.94182,
            "lights_and_appliances_consumption": 1.127553,
            "fuel_type": 4,
            "hot_water_consumption": 0.0,
            "simulation": 6,
            "_result_number": 5,
            "heating_consumption": 0.0,
            "photo_voltaics_consumption": 0.0,
            "cooling_consumption": 1.814267
        }
    },
    {
        "pk": 25,
        "model": "remrate_data.fuelsummary",
        "fields": {
            "fuel_units": 4,
            "rating_number": "Unrelated",
            "total_cost": 461.545502,
            "lights_and_appliances_consumption": 30.700001,
            "fuel_type": 1,
            "hot_water_consumption": 140.157333,
            "simulation": 7,
            "_result_number": 6,
            "heating_consumption": 302.681824,
            "photo_voltaics_consumption": 0.0,
            "cooling_consumption": 0.0
        }
    },
    {
        "pk": 26,
        "model": "remrate_data.fuelsummary",
        "fields": {
            "fuel_units": 1,
            "rating_number": "Unrelated",
            "total_cost": 692.574097,
            "lights_and_appliances_consumption": 5696.834473,
            "fuel_type": 4,
            "hot_water_consumption": 0.0,
            "simulation": 7,
            "_result_number": 6,
            "heating_consumption": 106.226616,
            "photo_voltaics_consumption": 0.0,
            "cooling_consumption": 1036.22644
        }
    },
    {
        "pk": 27,
        "model": "remrate_data.fuelsummary",
        "fields": {
            "fuel_units": 7,
            "rating_number": "Unrelated",
            "total_cost": 0.45657,
            "lights_and_appliances_consumption": 0.424315,
            "fuel_type": 4,
            "hot_water_consumption": 0.0,
            "simulation": 7,
            "_result_number": 6,
            "heating_consumption": 0.032255,
            "photo_voltaics_consumption": 0.0,
            "cooling_consumption": 0.0
        }
    },
    {
        "pk": 28,
        "model": "remrate_data.fuelsummary",
        "fields": {
            "fuel_units": 8,
            "rating_number": "Unrelated",
            "total_cost": 2.94182,
            "lights_and_appliances_consumption": 1.127553,
            "fuel_type": 4,
            "hot_water_consumption": 0.0,
            "simulation": 7,
            "_result_number": 6,
            "heating_consumption": 0.0,
            "photo_voltaics_consumption": 0.0,
            "cooling_consumption": 1.814267
        }
    },
    {
        "pk": 1,
        "model": "remrate_data.energystarrequirements",
        "fields": {
            "air_barrier_attic_eve_baffles": 0,
            "has_energystar_fixtures": 0,
            "wall_behind_insulation_attic_slopes": 0,
            "wall_attic_knee": 0,
            "shafts_piping": 0,
            "house_fan": 0,
            "dropped_ceiling": 0,
            "wall_double": 0,
            "has_energystar_appliances": 0,
            "shafts_flue": 0,
            "floor_above_garage": 0,
            "rating_number": "Non-Solar 001",
            "air_barrier_garage_band_joist": 0,
            "wall_behind_shower_tub": 0,
            "air_barrier_overall": 0,
            "air_barrier_slab_edge_insulation": 0,
            "has_energystar_ventilation_fans": 0,
            "_building_number": 0,
            "wall_behind_fireplace": 0,
            "has_energystar_ceiling_fans": 0,
            "wall_staircase": 0,
            "has_energystar_heating_cooling_equip": false,
            "air_barrier_min_thermal_barrier": 0,
            "wall_skylight_shaft": 0,
            "stair_framing": 0,
            "has_energystar_windows": 0,
            "wall_ajoining_porch": 0,
            "recess_lights": 0,
            "building": 1,
            "simulation": 1,
            "shafts_duct": 0,
            "_result_number": 0,
            "common_wall": 0,
            "floor_cantilevered": 0,
            "fire_wall": 0,
            "air_barrier_all_band_joist": 0
        }
    },
    {
        "pk": 2,
        "model": "remrate_data.energystarrequirements",
        "fields": {
            "air_barrier_attic_eve_baffles": 0,
            "has_energystar_fixtures": 0,
            "wall_behind_insulation_attic_slopes": 0,
            "wall_attic_knee": 0,
            "shafts_piping": 0,
            "house_fan": 0,
            "dropped_ceiling": 0,
            "wall_double": 0,
            "has_energystar_appliances": 0,
            "shafts_flue": 0,
            "floor_above_garage": 0,
            "rating_number": "Non-Solar 001",
            "air_barrier_garage_band_joist": 0,
            "wall_behind_shower_tub": 0,
            "air_barrier_overall": 0,
            "air_barrier_slab_edge_insulation": 0,
            "has_energystar_ventilation_fans": 0,
            "_building_number": 1,
            "wall_behind_fireplace": 0,
            "has_energystar_ceiling_fans": 0,
            "wall_staircase": 0,
            "has_energystar_heating_cooling_equip": false,
            "air_barrier_min_thermal_barrier": 0,
            "wall_skylight_shaft": 0,
            "stair_framing": 0,
            "has_energystar_windows": 0,
            "wall_ajoining_porch": 0,
            "recess_lights": 0,
            "building": 2,
            "simulation": 2,
            "shafts_duct": 0,
            "_result_number": 1,
            "common_wall": 0,
            "floor_cantilevered": 0,
            "fire_wall": 0,
            "air_barrier_all_band_joist": 0
        }
    },
    {
        "pk": 3,
        "model": "remrate_data.energystarrequirements",
        "fields": {
            "air_barrier_attic_eve_baffles": 0,
            "has_energystar_fixtures": 0,
            "wall_behind_insulation_attic_slopes": 0,
            "wall_attic_knee": 0,
            "shafts_piping": 0,
            "house_fan": 0,
            "dropped_ceiling": 0,
            "wall_double": 0,
            "has_energystar_appliances": 0,
            "shafts_flue": 0,
            "floor_above_garage": 0,
            "rating_number": "Non-Solar 001",
            "air_barrier_garage_band_joist": 0,
            "wall_behind_shower_tub": 0,
            "air_barrier_overall": 0,
            "air_barrier_slab_edge_insulation": 0,
            "has_energystar_ventilation_fans": 0,
            "_building_number": 2,
            "wall_behind_fireplace": 0,
            "has_energystar_ceiling_fans": 0,
            "wall_staircase": 0,
            "has_energystar_heating_cooling_equip": false,
            "air_barrier_min_thermal_barrier": 0,
            "wall_skylight_shaft": 0,
            "stair_framing": 0,
            "has_energystar_windows": 0,
            "wall_ajoining_porch": 0,
            "recess_lights": 0,
            "building": 3,
            "simulation": 3,
            "shafts_duct": 0,
            "_result_number": 2,
            "common_wall": 0,
            "floor_cantilevered": 0,
            "fire_wall": 0,
            "air_barrier_all_band_joist": 0
        }
    },
    {
        "pk": 4,
        "model": "remrate_data.energystarrequirements",
        "fields": {
            "air_barrier_attic_eve_baffles": 0,
            "has_energystar_fixtures": 0,
            "wall_behind_insulation_attic_slopes": 0,
            "wall_attic_knee": 0,
            "shafts_piping": 0,
            "house_fan": 0,
            "dropped_ceiling": 0,
            "wall_double": 0,
            "has_energystar_appliances": 0,
            "shafts_flue": 0,
            "floor_above_garage": 0,
            "rating_number": "Solar 001",
            "air_barrier_garage_band_joist": 0,
            "wall_behind_shower_tub": 0,
            "air_barrier_overall": 0,
            "air_barrier_slab_edge_insulation": 0,
            "has_energystar_ventilation_fans": 0,
            "_building_number": 3,
            "wall_behind_fireplace": 0,
            "has_energystar_ceiling_fans": 0,
            "wall_staircase": 0,
            "has_energystar_heating_cooling_equip": false,
            "air_barrier_min_thermal_barrier": 0,
            "wall_skylight_shaft": 0,
            "stair_framing": 0,
            "has_energystar_windows": 0,
            "wall_ajoining_porch": 0,
            "recess_lights": 0,
            "building": 4,
            "simulation": 4,
            "shafts_duct": 0,
            "_result_number": 3,
            "common_wall": 0,
            "floor_cantilevered": 0,
            "fire_wall": 0,
            "air_barrier_all_band_joist": 0
        }
    },
    {
        "pk": 5,
        "model": "remrate_data.energystarrequirements",
        "fields": {
            "air_barrier_attic_eve_baffles": 0,
            "has_energystar_fixtures": 0,
            "wall_behind_insulation_attic_slopes": 0,
            "wall_attic_knee": 0,
            "shafts_piping": 0,
            "house_fan": 0,
            "dropped_ceiling": 0,
            "wall_double": 0,
            "has_energystar_appliances": 0,
            "shafts_flue": 0,
            "floor_above_garage": 0,
            "rating_number": "Solar 001",
            "air_barrier_garage_band_joist": 0,
            "wall_behind_shower_tub": 0,
            "air_barrier_overall": 0,
            "air_barrier_slab_edge_insulation": 0,
            "has_energystar_ventilation_fans": 0,
            "_building_number": 4,
            "wall_behind_fireplace": 0,
            "has_energystar_ceiling_fans": 0,
            "wall_staircase": 0,
            "has_energystar_heating_cooling_equip": false,
            "air_barrier_min_thermal_barrier": 0,
            "wall_skylight_shaft": 0,
            "stair_framing": 0,
            "has_energystar_windows": 0,
            "wall_ajoining_porch": 0,
            "recess_lights": 0,
            "building": 5,
            "simulation": 5,
            "shafts_duct": 0,
            "_result_number": 4,
            "common_wall": 0,
            "floor_cantilevered": 0,
            "fire_wall": 0,
            "air_barrier_all_band_joist": 0
        }
    },
    {
        "pk": 6,
        "model": "remrate_data.energystarrequirements",
        "fields": {
            "air_barrier_attic_eve_baffles": 0,
            "has_energystar_fixtures": 0,
            "wall_behind_insulation_attic_slopes": 0,
            "wall_attic_knee": 0,
            "shafts_piping": 0,
            "house_fan": 0,
            "dropped_ceiling": 0,
            "wall_double": 0,
            "has_energystar_appliances": 0,
            "shafts_flue": 0,
            "floor_above_garage": 0,
            "rating_number": "Solar 001",
            "air_barrier_garage_band_joist": 0,
            "wall_behind_shower_tub": 0,
            "air_barrier_overall": 0,
            "air_barrier_slab_edge_insulation": 0,
            "has_energystar_ventilation_fans": 0,
            "_building_number": 5,
            "wall_behind_fireplace": 0,
            "has_energystar_ceiling_fans": 0,
            "wall_staircase": 0,
            "has_energystar_heating_cooling_equip": false,
            "air_barrier_min_thermal_barrier": 0,
            "wall_skylight_shaft": 0,
            "stair_framing": 0,
            "has_energystar_windows": 0,
            "wall_ajoining_porch": 0,
            "recess_lights": 0,
            "building": 6,
            "simulation": 6,
            "shafts_duct": 0,
            "_result_number": 5,
            "common_wall": 0,
            "floor_cantilevered": 0,
            "fire_wall": 0,
            "air_barrier_all_band_joist": 0
        }
    },
    {
        "pk": 7,
        "model": "remrate_data.energystarrequirements",
        "fields": {
            "air_barrier_attic_eve_baffles": 0,
            "has_energystar_fixtures": 0,
            "wall_behind_insulation_attic_slopes": 0,
            "wall_attic_knee": 0,
            "shafts_piping": 0,
            "house_fan": 0,
            "dropped_ceiling": 0,
            "wall_double": 0,
            "has_energystar_appliances": 0,
            "shafts_flue": 0,
            "floor_above_garage": 0,
            "rating_number": "Unrelated",
            "air_barrier_garage_band_joist": 0,
            "wall_behind_shower_tub": 0,
            "air_barrier_overall": 0,
            "air_barrier_slab_edge_insulation": 0,
            "has_energystar_ventilation_fans": 0,
            "_building_number": 6,
            "wall_behind_fireplace": 0,
            "has_energystar_ceiling_fans": 0,
            "wall_staircase": 0,
            "has_energystar_heating_cooling_equip": false,
            "air_barrier_min_thermal_barrier": 0,
            "wall_skylight_shaft": 0,
            "stair_framing": 0,
            "has_energystar_windows": 0,
            "wall_ajoining_porch": 0,
            "recess_lights": 0,
            "building": 7,
            "simulation": 7,
            "shafts_duct": 0,
            "_result_number": 6,
            "common_wall": 0,
            "floor_cantilevered": 0,
            "fire_wall": 0,
            "air_barrier_all_band_joist": 0
        }
    },
    {
        "pk": 1,
        "model": "remrate_data.resnetdisc",
        "fields": {
            "question_4_appliance_installed": 3,
            "question_4_thermal_insulation_installed": 3,
            "question_4_appliance_business": 3,
            "question_4_other": "",
            "question_2e": 0,
            "rating_number": "Non-Solar 001",
            "question_4_air_sealing_installed": 3,
            "_result_number": 0,
            "_building_number": 0,
            "question_4_hvac_installed": 3,
            "question_4_thermal_insulation_business": 3,
            "question_4_windows_installed": 3,
            "question_4_windows_business": 3,
            "question_3a": 0,
            "question_3c": 0,
            "question_3b": 0,
            "building": 1,
            "question_1": 0,
            "question_4_other_installed": 3,
            "question_2b": 0,
            "question_2c": 0,
            "question_4_air_sealing_business": 3,
            "question_2a": 0,
            "question_2d": 0,
            "simulation": 1,
            "question_2e_other": "",
            "question_4_construction_business": 3,
            "question_4_construction_installed": 3,
            "question_4_other_business": 3,
            "question_4_hvac_business": 3
        }
    },
    {
        "pk": 2,
        "model": "remrate_data.resnetdisc",
        "fields": {
            "question_4_appliance_installed": 3,
            "question_4_thermal_insulation_installed": 3,
            "question_4_appliance_business": 3,
            "question_4_other": "",
            "question_2e": 0,
            "rating_number": "Non-Solar 001",
            "question_4_air_sealing_installed": 3,
            "_result_number": 1,
            "_building_number": 1,
            "question_4_hvac_installed": 3,
            "question_4_thermal_insulation_business": 3,
            "question_4_windows_installed": 3,
            "question_4_windows_business": 3,
            "question_3a": 0,
            "question_3c": 0,
            "question_3b": 0,
            "building": 2,
            "question_1": 0,
            "question_4_other_installed": 3,
            "question_2b": 0,
            "question_2c": 0,
            "question_4_air_sealing_business": 3,
            "question_2a": 0,
            "question_2d": 0,
            "simulation": 2,
            "question_2e_other": "",
            "question_4_construction_business": 3,
            "question_4_construction_installed": 3,
            "question_4_other_business": 3,
            "question_4_hvac_business": 3
        }
    },
    {
        "pk": 3,
        "model": "remrate_data.resnetdisc",
        "fields": {
            "question_4_appliance_installed": 3,
            "question_4_thermal_insulation_installed": 3,
            "question_4_appliance_business": 3,
            "question_4_other": "",
            "question_2e": 0,
            "rating_number": "Non-Solar 001",
            "question_4_air_sealing_installed": 3,
            "_result_number": 2,
            "_building_number": 2,
            "question_4_hvac_installed": 3,
            "question_4_thermal_insulation_business": 3,
            "question_4_windows_installed": 3,
            "question_4_windows_business": 3,
            "question_3a": 0,
            "question_3c": 0,
            "question_3b": 0,
            "building": 3,
            "question_1": 0,
            "question_4_other_installed": 3,
            "question_2b": 0,
            "question_2c": 0,
            "question_4_air_sealing_business": 3,
            "question_2a": 0,
            "question_2d": 0,
            "simulation": 3,
            "question_2e_other": "",
            "question_4_construction_business": 3,
            "question_4_construction_installed": 3,
            "question_4_other_business": 3,
            "question_4_hvac_business": 3
        }
    },
    {
        "pk": 4,
        "model": "remrate_data.resnetdisc",
        "fields": {
            "question_4_appliance_installed": 3,
            "question_4_thermal_insulation_installed": 3,
            "question_4_appliance_business": 3,
            "question_4_other": "",
            "question_2e": 0,
            "rating_number": "Solar 001",
            "question_4_air_sealing_installed": 3,
            "_result_number": 3,
            "_building_number": 3,
            "question_4_hvac_installed": 3,
            "question_4_thermal_insulation_business": 3,
            "question_4_windows_installed": 3,
            "question_4_windows_business": 3,
            "question_3a": 0,
            "question_3c": 0,
            "question_3b": 0,
            "building": 4,
            "question_1": 0,
            "question_4_other_installed": 3,
            "question_2b": 0,
            "question_2c": 0,
            "question_4_air_sealing_business": 3,
            "question_2a": 0,
            "question_2d": 0,
            "simulation": 4,
            "question_2e_other": "",
            "question_4_construction_business": 3,
            "question_4_construction_installed": 3,
            "question_4_other_business": 3,
            "question_4_hvac_business": 3
        }
    },
    {
        "pk": 5,
        "model": "remrate_data.resnetdisc",
        "fields": {
            "question_4_appliance_installed": 3,
            "question_4_thermal_insulation_installed": 3,
            "question_4_appliance_business": 3,
            "question_4_other": "",
            "question_2e": 0,
            "rating_number": "Solar 001",
            "question_4_air_sealing_installed": 3,
            "_result_number": 4,
            "_building_number": 4,
            "question_4_hvac_installed": 3,
            "question_4_thermal_insulation_business": 3,
            "question_4_windows_installed": 3,
            "question_4_windows_business": 3,
            "question_3a": 0,
            "question_3c": 0,
            "question_3b": 0,
            "building": 5,
            "question_1": 0,
            "question_4_other_installed": 3,
            "question_2b": 0,
            "question_2c": 0,
            "question_4_air_sealing_business": 3,
            "question_2a": 0,
            "question_2d": 0,
            "simulation": 5,
            "question_2e_other": "",
            "question_4_construction_business": 3,
            "question_4_construction_installed": 3,
            "question_4_other_business": 3,
            "question_4_hvac_business": 3
        }
    },
    {
        "pk": 6,
        "model": "remrate_data.resnetdisc",
        "fields": {
            "question_4_appliance_installed": 3,
            "question_4_thermal_insulation_installed": 3,
            "question_4_appliance_business": 3,
            "question_4_other": "",
            "question_2e": 0,
            "rating_number": "Solar 001",
            "question_4_air_sealing_installed": 3,
            "_result_number": 5,
            "_building_number": 5,
            "question_4_hvac_installed": 3,
            "question_4_thermal_insulation_business": 3,
            "question_4_windows_installed": 3,
            "question_4_windows_business": 3,
            "question_3a": 0,
            "question_3c": 0,
            "question_3b": 0,
            "building": 6,
            "question_1": 0,
            "question_4_other_installed": 3,
            "question_2b": 0,
            "question_2c": 0,
            "question_4_air_sealing_business": 3,
            "question_2a": 0,
            "question_2d": 0,
            "simulation": 6,
            "question_2e_other": "",
            "question_4_construction_business": 3,
            "question_4_construction_installed": 3,
            "question_4_other_business": 3,
            "question_4_hvac_business": 3
        }
    },
    {
        "pk": 7,
        "model": "remrate_data.resnetdisc",
        "fields": {
            "question_4_appliance_installed": 3,
            "question_4_thermal_insulation_installed": 3,
            "question_4_appliance_business": 3,
            "question_4_other": "",
            "question_2e": 0,
            "rating_number": "Unrelated",
            "question_4_air_sealing_installed": 3,
            "_result_number": 6,
            "_building_number": 6,
            "question_4_hvac_installed": 3,
            "question_4_thermal_insulation_business": 3,
            "question_4_windows_installed": 3,
            "question_4_windows_business": 3,
            "question_3a": 0,
            "question_3c": 0,
            "question_3b": 0,
            "building": 7,
            "question_1": 0,
            "question_4_other_installed": 3,
            "question_2b": 0,
            "question_2c": 0,
            "question_4_air_sealing_business": 3,
            "question_2a": 0,
            "question_2d": 0,
            "simulation": 7,
            "question_2e_other": "",
            "question_4_construction_business": 3,
            "question_4_construction_installed": 3,
            "question_4_other_business": 3,
            "question_4_hvac_business": 3
        }
    },
    {
        "pk": 1,
        "model": "remrate_data.doechallenge",
        "fields": {
            "building": 1,
            "home_builder_id": "",
            "verified_indoor_air_quality_requirements": 0,
            "optional_water_sense": 2,
            "verified_fenestration_requirements": 0,
            "optional_quality_management_guidelines": 2,
            "verified_renewable_solar_hot_water_requirements": 0,
            "verified_appliance_requirements": 0,
            "simulation": 1,
            "_building_number": 0,
            "_result_number": 0,
            "rating_number": "Non-Solar 001",
            "verified_insulation_requirements": 0,
            "verified_fan_efficiency_requirements": 0,
            "optional_utility_bill_waiver": 2,
            "verified_renewable_solar_electric_requirements": 0,
            "verified_lighting_requirements": 0,
            "optional_ibhs_fortified": 2,
            "verified_duct_location_requirements": 0,
            "optional_indoor_air_plus": 2
        }
    },
    {
        "pk": 2,
        "model": "remrate_data.doechallenge",
        "fields": {
            "building": 2,
            "home_builder_id": "",
            "verified_indoor_air_quality_requirements": 0,
            "optional_water_sense": 2,
            "verified_fenestration_requirements": 0,
            "optional_quality_management_guidelines": 2,
            "verified_renewable_solar_hot_water_requirements": 0,
            "verified_appliance_requirements": 0,
            "simulation": 2,
            "_building_number": 1,
            "_result_number": 1,
            "rating_number": "Non-Solar 001",
            "verified_insulation_requirements": 0,
            "verified_fan_efficiency_requirements": 0,
            "optional_utility_bill_waiver": 2,
            "verified_renewable_solar_electric_requirements": 0,
            "verified_lighting_requirements": 0,
            "optional_ibhs_fortified": 2,
            "verified_duct_location_requirements": 0,
            "optional_indoor_air_plus": 2
        }
    },
    {
        "pk": 3,
        "model": "remrate_data.doechallenge",
        "fields": {
            "building": 3,
            "home_builder_id": "",
            "verified_indoor_air_quality_requirements": 0,
            "optional_water_sense": 2,
            "verified_fenestration_requirements": 0,
            "optional_quality_management_guidelines": 2,
            "verified_renewable_solar_hot_water_requirements": 0,
            "verified_appliance_requirements": 0,
            "simulation": 3,
            "_building_number": 2,
            "_result_number": 2,
            "rating_number": "Non-Solar 001",
            "verified_insulation_requirements": 0,
            "verified_fan_efficiency_requirements": 0,
            "optional_utility_bill_waiver": 2,
            "verified_renewable_solar_electric_requirements": 0,
            "verified_lighting_requirements": 0,
            "optional_ibhs_fortified": 2,
            "verified_duct_location_requirements": 0,
            "optional_indoor_air_plus": 2
        }
    },
    {
        "pk": 4,
        "model": "remrate_data.doechallenge",
        "fields": {
            "building": 4,
            "home_builder_id": "",
            "verified_indoor_air_quality_requirements": 0,
            "optional_water_sense": 2,
            "verified_fenestration_requirements": 0,
            "optional_quality_management_guidelines": 2,
            "verified_renewable_solar_hot_water_requirements": 0,
            "verified_appliance_requirements": 0,
            "simulation": 4,
            "_building_number": 3,
            "_result_number": 3,
            "rating_number": "Solar 001",
            "verified_insulation_requirements": 0,
            "verified_fan_efficiency_requirements": 0,
            "optional_utility_bill_waiver": 2,
            "verified_renewable_solar_electric_requirements": 0,
            "verified_lighting_requirements": 0,
            "optional_ibhs_fortified": 2,
            "verified_duct_location_requirements": 0,
            "optional_indoor_air_plus": 2
        }
    },
    {
        "pk": 5,
        "model": "remrate_data.doechallenge",
        "fields": {
            "building": 5,
            "home_builder_id": "",
            "verified_indoor_air_quality_requirements": 0,
            "optional_water_sense": 2,
            "verified_fenestration_requirements": 0,
            "optional_quality_management_guidelines": 2,
            "verified_renewable_solar_hot_water_requirements": 0,
            "verified_appliance_requirements": 0,
            "simulation": 5,
            "_building_number": 4,
            "_result_number": 4,
            "rating_number": "Solar 001",
            "verified_insulation_requirements": 0,
            "verified_fan_efficiency_requirements": 0,
            "optional_utility_bill_waiver": 2,
            "verified_renewable_solar_electric_requirements": 0,
            "verified_lighting_requirements": 0,
            "optional_ibhs_fortified": 2,
            "verified_duct_location_requirements": 0,
            "optional_indoor_air_plus": 2
        }
    },
    {
        "pk": 6,
        "model": "remrate_data.doechallenge",
        "fields": {
            "building": 6,
            "home_builder_id": "",
            "verified_indoor_air_quality_requirements": 0,
            "optional_water_sense": 2,
            "verified_fenestration_requirements": 0,
            "optional_quality_management_guidelines": 2,
            "verified_renewable_solar_hot_water_requirements": 0,
            "verified_appliance_requirements": 0,
            "simulation": 6,
            "_building_number": 5,
            "_result_number": 5,
            "rating_number": "Solar 001",
            "verified_insulation_requirements": 0,
            "verified_fan_efficiency_requirements": 0,
            "optional_utility_bill_waiver": 2,
            "verified_renewable_solar_electric_requirements": 0,
            "verified_lighting_requirements": 0,
            "optional_ibhs_fortified": 2,
            "verified_duct_location_requirements": 0,
            "optional_indoor_air_plus": 2
        }
    },
    {
        "pk": 7,
        "model": "remrate_data.doechallenge",
        "fields": {
            "building": 7,
            "home_builder_id": "",
            "verified_indoor_air_quality_requirements": 0,
            "optional_water_sense": 2,
            "verified_fenestration_requirements": 0,
            "optional_quality_management_guidelines": 2,
            "verified_renewable_solar_hot_water_requirements": 0,
            "verified_appliance_requirements": 0,
            "simulation": 7,
            "_building_number": 6,
            "_result_number": 6,
            "rating_number": "Unrelated",
            "verified_insulation_requirements": 0,
            "verified_fan_efficiency_requirements": 0,
            "optional_utility_bill_waiver": 2,
            "verified_renewable_solar_electric_requirements": 0,
            "verified_lighting_requirements": 0,
            "optional_ibhs_fortified": 2,
            "verified_duct_location_requirements": 0,
            "optional_indoor_air_plus": 2
        }
    }
]
